{"vgg.features.3": [[0.027594166897966, 0.029583428147405017, 0.03330325099258545, 0.0400982780803308, 0.04600237876927057, 0.05429708945935685, 0.06403725647799904, 0.07896896715506693, 0.08686864948002232, 0.09441238742172291], [0.029583428147405017, 0.26107649124318005, 0.25934848705805436, 0.25799489860922725, 0.25683432493698627, 0.2557362347039855, 0.25534951416445495, 0.2572706377806816, 0.25638929467609634, 0.25697085312439744], [0.03330325099258545, 0.25934848705805436, 0.3146408505532988, 0.3128187677390171, 0.31095850606454617, 0.30939529220801115, 0.30835746504782596, 0.3090991703353193, 0.30736096996436785, 0.3073085606397899], [0.0400982780803308, 0.25799489860922725, 0.3128187677390171, 0.3504000866392307, 0.34815240106956363, 0.3463915857608602, 0.3449728824175006, 0.34504020584563566, 0.3429917681886271, 0.3425059957212137], [0.04600237876927057, 0.25683432493698627, 0.31095850606454617, 0.34815240106956363, 0.37843017854115035, 0.37667233221411694, 0.3752034227326305, 0.374717127305162, 0.37243254305989726, 0.37174002957957875], [0.05429708945935685, 0.2557362347039855, 0.30939529220801115, 0.3463915857608602, 0.37667233221411694, 0.4013527671774639, 0.3997792664312079, 0.39868473054618336, 0.3962825249733123, 0.3953142750470164], [0.06403725647799904, 0.25534951416445495, 0.30835746504782596, 0.3449728824175006, 0.3752034227326305, 0.3997792664312079, 0.4277928812081994, 0.42620309840101483, 0.4234140992828808, 0.42216100520336286], [0.07896896715506693, 0.2572706377806816, 0.3090991703353193, 0.34504020584563566, 0.374717127305162, 0.39868473054618336, 0.42620309840101483, 0.4474703948066562, 0.44458539849047124, 0.44314272465781], [0.08686864948002232, 0.25638929467609634, 0.30736096996436785, 0.3429917681886271, 0.37243254305989726, 0.3962825249733123, 0.4234140992828808, 0.44458539849047124, 0.45785515093990115, 0.45625748529801335], [0.09441238742172291, 0.25697085312439744, 0.3073085606397899, 0.3425059957212137, 0.37174002957957875, 0.3953142750470164, 0.42216100520336286, 0.44314272465781, 0.45625748529801335, 0.46871724930002023]], "vgg.features.6": [[0.0362714590496494, 0.042803841794181334, 0.05412768882594787, 0.08505108831727086, 0.09473429347451219, 0.10579689485090715, 0.11631855125080157, 0.13762066188100666, 0.147492290786452, 0.15542022011180523], [0.042803841794181334, 0.28939228775718706, 0.2879669017187359, 0.2904460424983643, 0.29010034413723607, 0.290288028852799, 0.29147929517696197, 0.2954335356531868, 0.2963388859580885, 0.2974102226189557], [0.05412768882594787, 0.2879669017187359, 0.3447233937781322, 0.34472004257453354, 0.34411437206079404, 0.34334588201972516, 0.34336659717658397, 0.3456121226180112, 0.34586662205144136, 0.34658272314548416], [0.08505108831727086, 0.2904460424983643, 0.34472004257453354, 0.3841416639918655, 0.38301260965993783, 0.38176760817351585, 0.3809784209260567, 0.3822049319678731, 0.3820420505135564, 0.38248913709341303], [0.09473429347451219, 0.29010034413723607, 0.34411437206079404, 0.38301260965993783, 0.4131854859029343, 0.4121394871816454, 0.4113793543618939, 0.4118495298747913, 0.4112183413915691, 0.4113798015373799], [0.10579689485090715, 0.290288028852799, 0.34334588201972516, 0.38176760817351585, 0.4121394871816454, 0.4367233148924996, 0.4357760862386151, 0.43527284184323484, 0.4344036681354557, 0.43427562361960087], [0.11631855125080157, 0.29147929517696197, 0.34336659717658397, 0.3809784209260567, 0.4113793543618939, 0.4357760862386151, 0.4627283550528212, 0.46152825205471826, 0.46025412979391545, 0.45991719447446633], [0.13762066188100666, 0.2954335356531868, 0.3456121226180112, 0.3822049319678731, 0.4118495298747913, 0.43527284184323484, 0.46152825205471826, 0.4822600472353179, 0.48080344797170294, 0.48026330158776337], [0.147492290786452, 0.2963388859580885, 0.34586662205144136, 0.3820420505135564, 0.4112183413915691, 0.4344036681354557, 0.46025412979391545, 0.48080344797170294, 0.49493350892769933, 0.4941797882572546], [0.15542022011180523, 0.2974102226189557, 0.34658272314548416, 0.38248913709341303, 0.4113798015373799, 0.43427562361960087, 0.45991719447446633, 0.48026330158776337, 0.4941797882572546, 0.507652546466284]], "vgg.features.8": [[0.05626687333140242, 0.06631779750707115, 0.08999610547909481, 0.147594464167599, 0.1703282226594798, 0.1910713845842733, 0.20293652655030453, 0.23028752813796172, 0.2452886830493001, 0.25693262300085945], [0.06631779750707115, 0.34798586340638904, 0.349238177571584, 0.3589072735380179, 0.36297599334630276, 0.366766628943958, 0.36899873384923254, 0.37759685195782955, 0.3820708273088301, 0.3855125432234928], [0.08999610547909481, 0.349238177571584, 0.411912360362511, 0.4185948504651944, 0.4220002298389771, 0.42439557241665155, 0.42578580615909495, 0.43199449992531025, 0.4354991007273011, 0.43850731637904333], [0.147594464167599, 0.3589072735380179, 0.4185948504651944, 0.4619236148150558, 0.4647540992452564, 0.4662854866770436, 0.46688611815089465, 0.47228511719718924, 0.47493053989231115, 0.47742701416524536], [0.1703282226594798, 0.36297599334630276, 0.4220002298389771, 0.4647540992452564, 0.49446007637803696, 0.49587775252003197, 0.49636721724340477, 0.5005533642948397, 0.502534854984531, 0.5048159339294395], [0.1910713845842733, 0.366766628943958, 0.42439557241665155, 0.4662854866770436, 0.49587775252003197, 0.522388756205947, 0.5226115055373581, 0.5259108924093133, 0.5274230207236597, 0.5293560749408], [0.20293652655030453, 0.36899873384923254, 0.42578580615909495, 0.46688611815089465, 0.49636721724340477, 0.5226115055373581, 0.5474007669622462, 0.5498693078628292, 0.5508342887086525, 0.5523569148873171], [0.23028752813796172, 0.37759685195782955, 0.43199449992531025, 0.47228511719718924, 0.5005533642948397, 0.5259108924093133, 0.5498693078628292, 0.5691526436159002, 0.5700547289414776, 0.5713896111777205], [0.2452886830493001, 0.3820708273088301, 0.4354991007273011, 0.47493053989231115, 0.502534854984531, 0.5274230207236597, 0.5508342887086525, 0.5700547289414776, 0.5830353480159942, 0.5841117827364893], [0.25693262300085945, 0.3855125432234928, 0.43850731637904333, 0.47742701416524536, 0.5048159339294395, 0.5293560749408, 0.5523569148873171, 0.5713896111777205, 0.5841117827364893, 0.5972601320472692]],