{"vgg.features.3": [[0.02394129574853369, 0.030884775302928533, 0.042313508750464274, 0.05656286191128076, 0.06858784697941392, 0.08343601535389743, 0.1045986012481872, 0.12786339285008297, 0.14535034405322161, 0.15784425846938765], [0.030884775302928533, 0.20278742133205258, 0.20095561073297705, 0.19945102248077665, 0.19866129432869545, 0.19995609365958109, 0.20605539116561716, 0.21348948280055807, 0.21863876516906847, 0.22380919498142196], [0.042313508750464274, 0.20095561073297705, 0.24091029897287902, 0.23893675739173223, 0.23686049231255665, 0.23598790446667983, 0.238891672542386, 0.24462828269547426, 0.2479198476975394, 0.2514994190245713], [0.05656286191128076, 0.19945102248077665, 0.23893675739173223, 0.2738025922010143, 0.27106509955941666, 0.26937908211952183, 0.27057448680995533, 0.2748672642391405, 0.2768509955005948, 0.27901149071891124], [0.06858784697941392, 0.19866129432869545, 0.23686049231255665, 0.27106509955941666, 0.3116881953276088, 0.3103639966781692, 0.3120922179769135, 0.31588574262844826, 0.3175673393512546, 0.3190555355154639], [0.08343601535389743, 0.19995609365958109, 0.23598790446667983, 0.26937908211952183, 0.3103639966781692, 0.33812346303264673, 0.33977305591521095, 0.34223133648593296, 0.34363720039173684, 0.344076560969894], [0.1045986012481872, 0.20605539116561716, 0.238891672542386, 0.27057448680995533, 0.3120922179769135, 0.33977305591521095, 0.372417636793883, 0.3737267287397845, 0.37337114770921315, 0.37296044784238375], [0.12786339285008297, 0.21348948280055807, 0.24462828269547426, 0.2748672642391405, 0.31588574262844826, 0.34223133648593296, 0.3737267287397845, 0.3964288890826211, 0.3962389764014694, 0.3951554428330098], [0.14535034405322161, 0.21863876516906847, 0.2479198476975394, 0.2768509955005948, 0.3175673393512546, 0.34363720039173684, 0.37337114770921315, 0.3962389764014694, 0.4184087289496482, 0.41688500037201986], [0.15784425846938765, 0.22380919498142196, 0.2514994190245713, 0.27901149071891124, 0.3190555355154639, 0.344076560969894, 0.37296044784238375, 0.3951554428330098, 0.41688500037201986, 0.43631094625264805]], "vgg.features.6": [[0.03339977577562251, 0.046071023182346335, 0.07234818058016193, 0.18214678222711222, 0.19944320064237256, 0.21934114602050012, 0.22208931294681167, 0.24592482243432373, 0.2565993396789853, 0.2616335767598317], [0.046071023182346335, 0.2277914232777882, 0.23609852066308054, 0.2777562889545668, 0.2893778755120531, 0.2973850002902766, 0.29859759500097083, 0.31094370056760695, 0.3162033175803682, 0.3199355024524146], [0.07234818058016193, 0.23609852066308054, 0.2685516327583026, 0.2916203040349826, 0.3037397278864673, 0.3078613781911729, 0.30840302538635456, 0.31695135332112845, 0.3207119983464273, 0.324049627724603], [0.18214678222711222, 0.2777562889545668, 0.2916203040349826, 0.3160614441826065, 0.3244447528650141, 0.3281132273176119, 0.3285343050799818, 0.3353781161128999, 0.33783009470181646, 0.3415863778193592], [0.19944320064237256, 0.2893778755120531, 0.3037397278864673, 0.3244447528650141, 0.3444709076362173, 0.34849676752691805, 0.3490970564470509, 0.35353742439838987, 0.3554114383188918, 0.35799559684027166], [0.21934114602050012, 0.2973850002902766, 0.3078613781911729, 0.3281132273176119, 0.34849676752691805, 0.3733232658104119, 0.37386906674806164, 0.3778890383400999, 0.3786369474502666, 0.38126525748649076], [0.22208931294681167, 0.29859759500097083, 0.30840302538635456, 0.3285343050799818, 0.3490970564470509, 0.37386906674806164, 0.3954328179755443, 0.3983382052026085, 0.3986486474584166, 0.40057989305515285], [0.24592482243432373, 0.31094370056760695, 0.31695135332112845, 0.3353781161128999, 0.35353742439838987, 0.3778890383400999, 0.3983382052026085, 0.4133370213118276, 0.4133775307242321, 0.4149136829963728], [0.2565993396789853, 0.3162033175803682, 0.3207119983464273, 0.33783009470181646, 0.3554114383188918, 0.3786369474502666, 0.3986486474584166, 0.4133775307242321, 0.42686697499037024, 0.42829345009229713], [0.2616335767598317, 0.3199355024524146, 0.324049627724603, 0.3415863778193592, 0.35799559684027166, 0.38126525748649076, 0.40057989305515285, 0.4149136829963728, 0.42829345009229713, 0.44063671336805044]], "vgg.features.8": [[0.03655633656055638, 0.05101164345497936, 0.0699348643049608, 0.09161503919428202, 0.11494173974045856, 0.12831041502066984, 0.13602211376815915, 0.16726847811431575, 0.1832510566112127, 0.1811089941613643], [0.05101164345497936, 0.27270089642096285, 0.26565584754552407, 0.2675001103112698, 0.2680333518326413, 0.26281862841049447, 0.2660938876543971, 0.2761193004682671, 0.2774313416173151, 0.2727427197936081], [0.0699348643049608, 0.26565584754552407, 0.32331257790754275, 0.3201726949721419, 0.3186786940348589, 0.3108667399575608, 0.31263219630863226, 0.31717904358489224, 0.31459096352653937, 0.31132239002353285], [0.09161503919428202, 0.2675001103112698, 0.3201726949721419, 0.36835270617282356, 0.36487141973422105, 0.3567065257284035, 0.35844933392153094, 0.35907998053592494, 0.3554131512096307, 0.355005945931448], [0.11494173974045856, 0.2680333518326413, 0.3186786940348589, 0.36487141973422105, 0.40436197393089884, 0.397559633218485, 0.3982685892467147, 0.39790249331721, 0.393028134113249, 0.3932829790715514], [0.12831041502066984, 0.26281862841049447, 0.3108667399575608, 0.3567065257284035, 0.397559633218485, 0.4286784828993793, 0.42965224090519416, 0.42836577609149223, 0.42302006894946126, 0.42519924609466586], [0.13602211376815915, 0.2660938876543971, 0.31263219630863226, 0.35844933392153094, 0.3982685892467147, 0.42965224090519416, 0.4643909164002373, 0.46179039057998345, 0.4554816991641342, 0.4583655425878847], [0.16726847811431575, 0.2761193004682671, 0.31717904358489224, 0.35907998053592494, 0.39790249331721, 0.42836577609149223, 0.46179039057998345, 0.4832928313580925, 0.47755204682533514, 0.48021556539190974], [0.1832510566112127, 0.2774313416173151, 0.31459096352653937, 0.3554131512096307, 0.393028134113249, 0.42302006894946126, 0.4554816991641342, 0.47755204682533514, 0.49289155277241475, 0.49524451042783885], [0.1811089941613643, 0.2727427197936081, 0.31132239002353285, 0.355005945931448, 0.3932829790715514, 0.42519924609466586, 0.4583655425878847, 0.48021556539190974, 0.49524451042783885, 0.5162492002002158]],