{"vgg.features.3": [[0.024588415152113095, 0.03103898507249067, 0.043141284910236645, 0.057528612017539844, 0.07011525864095389, 0.08506421079784816, 0.10646917463496272, 0.13078491298524217, 0.14821601933988013, 0.16108959860117944], [0.03103898507249067, 0.20504548474090412, 0.202836543341377, 0.20139497562005024, 0.20036113437232145, 0.2018503233657092, 0.20843241962634743, 0.21679231178580052, 0.2217436277422151, 0.22715581478542674], [0.043141284910236645, 0.202836543341377, 0.23980093022275484, 0.237709112004844, 0.23545591853306744, 0.23491106130541167, 0.23848094389961694, 0.24486335736128295, 0.2478870612455008, 0.25159938757502776], [0.057528612017539844, 0.20139497562005024, 0.237709112004844, 0.2713713188380705, 0.26841860537130985, 0.2672790650268298, 0.2690513976900836, 0.2738826252895705, 0.27560046963367557, 0.2778681534606279], [0.07011525864095389, 0.20036113437232145, 0.23545591853306744, 0.26841860537130985, 0.3061158742377053, 0.3054007579181183, 0.3077569584841322, 0.3119373036284623, 0.3132518299218951, 0.31486277434089915], [0.08506421079784816, 0.2018503233657092, 0.23491106130541167, 0.2672790650268298, 0.3054007579181183, 0.33236313940120776, 0.334525612724503, 0.3372899375457341, 0.3382766399276803, 0.3388153773551017], [0.10646917463496272, 0.20843241962634743, 0.23848094389961694, 0.2690513976900836, 0.3077569584841322, 0.334525612724503, 0.36587857414053643, 0.3673108789389944, 0.36647126896225685, 0.3661932709186901], [0.13078491298524217, 0.21679231178580052, 0.24486335736128295, 0.2738826252895705, 0.3119373036284623, 0.3372899375457341, 0.3673108789389944, 0.3887069429174428, 0.3878752675122471, 0.3869807539180546], [0.14821601933988013, 0.2217436277422151, 0.2478870612455008, 0.27560046963367557, 0.3132518299218951, 0.3382766399276803, 0.36647126896225685, 0.3878752675122471, 0.4083813733677466, 0.40696216164137544], [0.16108959860117944, 0.22715581478542674, 0.25159938757502776, 0.2778681534606279, 0.31486277434089915, 0.3388153773551017, 0.3661932709186901, 0.3869807539180546, 0.40696216164137544, 0.42540263970184733]], "vgg.features.6": [[0.034618283464390276, 0.04715875460935653, 0.07353726849589926, 0.18183128117862885, 0.19882720895339936, 0.21844892704982136, 0.22136296942992265, 0.24575224103328364, 0.25643906352359586, 0.2618916323306747], [0.04715875460935653, 0.2295445760403845, 0.237392614366749, 0.27755350247482097, 0.2883890542722977, 0.2961389428669532, 0.297503904715053, 0.30960703606187007, 0.3147646864369659, 0.3190643572647968], [0.07353726849589926, 0.237392614366749, 0.2705812073873874, 0.29305168519088687, 0.3040251917173156, 0.30811101436941657, 0.3085235802467329, 0.31676673696172186, 0.32048471674597284, 0.3243363097106495], [0.18183128117862885, 0.27755350247482097, 0.29305168519088687, 0.31877818175809963, 0.3261352745082099, 0.3299459871870001, 0.32998866292184026, 0.33656082207606497, 0.33908094088863694, 0.34308029317491373], [0.19882720895339936, 0.2883890542722977, 0.3040251917173156, 0.3261352745082099, 0.346833584722906, 0.3510638804869397, 0.3512482069769567, 0.3553723067613222, 0.3572689668269523, 0.36012625682525673], [0.21844892704982136, 0.2961389428669532, 0.30811101436941657, 0.3299459871870001, 0.3510638804869397, 0.37720142550652114, 0.3772920442278293, 0.3808711267088955, 0.38172653145620017, 0.38475717169017365], [0.22136296942992265, 0.297503904715053, 0.3085235802467329, 0.32998866292184026, 0.3512482069769567, 0.3772920442278293, 0.39956829435891766, 0.4020308483073862, 0.4024658928003679, 0.4049312664333359], [0.24575224103328364, 0.30960703606187007, 0.31676673696172186, 0.33656082207606497, 0.3553723067613222, 0.3808711267088955, 0.4020308483073862, 0.4178080342895982, 0.41802744739512404, 0.4201463794154738], [0.25643906352359586, 0.3147646864369659, 0.32048471674597284, 0.33908094088863694, 0.3572689668269523, 0.38172653145620017, 0.4024658928003679, 0.41802744739512404, 0.43212905264615864, 0.43411968193422795], [0.2618916323306747, 0.3190643572647968, 0.3243363097106495, 0.34308029317491373, 0.36012625682525673, 0.38475717169017365, 0.4049312664333359, 0.4201463794154738, 0.43411968193422795, 0.4456031646115172]], "vgg.features.8": [[0.03746213540290542, 0.053160313476229716, 0.07257339225921942, 0.093857320313272, 0.11778671841039687, 0.12825611841264575, 0.137994660045757, 0.1702231882519759, 0.18587426616734887, 0.1837008088929161], [0.053160313476229716, 0.2741484837729568, 0.26711753722117443, 0.2670765623584122, 0.26747960965210144, 0.2621591254428748, 0.2665822275878528, 0.2743516159918194, 0.274652584676689, 0.2711063004725709], [0.07257339225921942, 0.26711753722117443, 0.3271056494054623, 0.32227553154832816, 0.32041824637107874, 0.313694171662662, 0.31600277080230676, 0.3185160964524076, 0.3144412519751278, 0.31303929018872584], [0.093857320313272, 0.2670765623584122, 0.32227553154832816, 0.3714738284918283, 0.3673665170215249, 0.36092587417267646, 0.3626386006622723, 0.36098228404714255, 0.35576342073290257, 0.35722486191416275], [0.11778671841039687, 0.26747960965210144, 0.32041824637107874, 0.3673665170215249, 0.4074571790806297, 0.4024977886406511, 0.4031500210612272, 0.4002679781269258, 0.3939008443982201, 0.39653633091898116], [0.12825611841264575, 0.2621591254428748, 0.313694171662662, 0.36092587417267646, 0.4024977886406511, 0.43288566575074217, 0.43370592098064564, 0.4297071385387064, 0.4229854655955873, 0.42763915001634295], [0.137994660045757, 0.2665822275878528, 0.31600277080230676, 0.3626386006622723, 0.4031500210612272, 0.43370592098064564, 0.4676624405199392, 0.46227385972709784, 0.4546979087505496, 0.4603029536671814], [0.1702231882519759, 0.2743516159918194, 0.3185160964524076, 0.36098228404714255, 0.4002679781269258, 0.4297071385387064, 0.46227385972709784, 0.4827764725609602, 0.475888288330701, 0.481476340842604], [0.18587426616734887, 0.274652584676689, 0.3144412519751278, 0.35576342073290257, 0.3939008443982201, 0.4229854655955873, 0.4546979087505496, 0.475888288330701, 0.49114616383806436, 0.4962169944796902], [0.1837008088929161, 0.2711063004725709, 0.31303929018872584, 0.35722486191416275, 0.39653633091898116, 0.42763915001634295, 0.4603029536671814, 0.481476340842604, 0.4962169944796902, 0.5165791287840862]],