{"vgg.features.3": [[0.02459225904833832, 0.030296246039258345, 0.04274948294275357, 0.056429858972801304, 0.06869821124940782, 0.08304675308847378, 0.10424290999774671, 0.12809736310071923, 0.14493617731794173, 0.1577259073701667], [0.030296246039258345, 0.20515969506944146, 0.2028445319349022, 0.2017549194398929, 0.20064092946062645, 0.2026242876402434, 0.20913930718327364, 0.21756444319927853, 0.2220181338129608, 0.22731928179306915], [0.04274948294275357, 0.2028445319349022, 0.23852564742171056, 0.23688030451428607, 0.23455600673735358, 0.23450522185566527, 0.23810499649450861, 0.24469127664862747, 0.24736202121937548, 0.25105713477668157], [0.056429858972801304, 0.2017549194398929, 0.23688030451428607, 0.2705780547914962, 0.2676304187599866, 0.2669540800677554, 0.26884866983885003, 0.27392358550505524, 0.27532213577578935, 0.27770954893489896], [0.06869821124940782, 0.20064092946062645, 0.23455600673735358, 0.2676304187599866, 0.3057288691723159, 0.3055303809426946, 0.3078763271308465, 0.3123246900257926, 0.31318326918659767, 0.3149773400813014], [0.08304675308847378, 0.2026242876402434, 0.23450522185566527, 0.2669540800677554, 0.3055303809426946, 0.3320477130635501, 0.3342627495616535, 0.33724352248936734, 0.337871274517624, 0.33860486903610126], [0.10424290999774671, 0.20913930718327364, 0.23810499649450861, 0.26884866983885003, 0.3078763271308465, 0.3342627495616535, 0.3653933963004318, 0.3671409297122521, 0.3660282556776032, 0.3660377480814371], [0.12809736310071923, 0.21756444319927853, 0.24469127664862747, 0.27392358550505524, 0.3123246900257926, 0.33724352248936734, 0.3671409297122521, 0.3886756244841393, 0.38749981497963903, 0.3869896918025775], [0.14493617731794173, 0.2220181338129608, 0.24736202121937548, 0.27532213577578935, 0.31318326918659767, 0.337871274517624, 0.3660282556776032, 0.38749981497963903, 0.4076032996588183, 0.4065919895807863], [0.1577259073701667, 0.22731928179306915, 0.25105713477668157, 0.27770954893489896, 0.3149773400813014, 0.33860486903610126, 0.3660377480814371, 0.3869896918025775, 0.4065919895807863, 0.4245899329004409]], "vgg.features.6": [[0.03402401906855805, 0.04657303330317434, 0.07292474058040531, 0.17883036140969524, 0.1956316399965546, 0.21490359110751917, 0.21777558676979408, 0.24176869301222803, 0.25223678311217357, 0.25750572612033745], [0.04657303330317434, 0.22979975399156824, 0.23707351523541725, 0.27644618710844127, 0.2869470520171256, 0.29543599226137823, 0.2968636128766714, 0.30885376090390515, 0.31331383235568494, 0.31779879969056746], [0.07292474058040531, 0.23707351523541725, 0.26983626544970296, 0.292291262151303, 0.3029295792359552, 0.3080713857216404, 0.3086788012746598, 0.3170683725858014, 0.3201092455522676, 0.3244944847687505], [0.17883036140969524, 0.27644618710844127, 0.292291262151303, 0.31866556717864486, 0.3257780530496801, 0.33063781640524303, 0.3309433722115242, 0.3377496992292684, 0.339485891058803, 0.3442818237028896], [0.1956316399965546, 0.2869470520171256, 0.3029295792359552, 0.3257780530496801, 0.34791943671709763, 0.3532479115823884, 0.3537546251200662, 0.35824199891530384, 0.35930600822366926, 0.3632944828294128], [0.21490359110751917, 0.29543599226137823, 0.3080713857216404, 0.33063781640524303, 0.3532479115823884, 0.38007538765663657, 0.38048149935257913, 0.3844742514629103, 0.38441083929579356, 0.388853945129239], [0.21777558676979408, 0.2968636128766714, 0.3086788012746598, 0.3309433722115242, 0.3537546251200662, 0.38048149935257913, 0.4034432058312155, 0.40642406129227265, 0.40595293954447353, 0.4099708616906975], [0.24176869301222803, 0.30885376090390515, 0.3170683725858014, 0.3377496992292684, 0.35824199891530384, 0.3844742514629103, 0.40642406129227265, 0.4231919462935109, 0.422470608451257, 0.4262482231708705], [0.25223678311217357, 0.31331383235568494, 0.3201092455522676, 0.339485891058803, 0.35930600822366926, 0.38441083929579356, 0.40595293954447353, 0.422470608451257, 0.43677601541956296, 0.44059772208743986], [0.25750572612033745, 0.31779879969056746, 0.3244944847687505, 0.3442818237028896, 0.3632944828294128, 0.388853945129239, 0.4099708616906975, 0.4262482231708705, 0.44059772208743986, 0.4523280008647224]], "vgg.features.8": [[0.03757290606236897, 0.05230906839670283, 0.07262717531870624, 0.09351666265017908, 0.11721542087075718, 0.1267243582563884, 0.1358105255225721, 0.16692192847039689, 0.18334392684820333, 0.1796164391957577], [0.05230906839670283, 0.27737932433561413, 0.2695297698874642, 0.2702440265370426, 0.27017614526889644, 0.26604401702178254, 0.2702324164468218, 0.2772833177023371, 0.276683250082102, 0.27438856116649396], [0.07262717531870624, 0.2695297698874642, 0.3283495237930652, 0.3244288595408174, 0.32216959925465305, 0.31678225175391117, 0.3191246968206546, 0.3216667818140817, 0.3166528799113508, 0.31719146546089616], [0.09351666265017908, 0.2702440265370426, 0.3244288595408174, 0.3746161472901603, 0.37024687784980703, 0.36504426673260687, 0.3668528850104444, 0.36530814597944494, 0.3588307345076166, 0.3625256587516331], [0.11721542087075718, 0.27017614526889644, 0.32216959925465305, 0.37024687784980703, 0.4114663958849782, 0.4076614854673608, 0.40845440668479227, 0.40571031341640784, 0.3977749537283761, 0.40305253276226766], [0.1267243582563884, 0.26604401702178254, 0.31678225175391117, 0.36504426673260687, 0.4076614854673608, 0.4380691193253903, 0.4390846336077959, 0.4353013952533731, 0.42680232998242934, 0.4342315647335583], [0.1358105255225721, 0.2702324164468218, 0.3191246968206546, 0.3668528850104444, 0.40845440668479227, 0.4390846336077959, 0.47330645756511025, 0.4680559102632253, 0.45875724382283023, 0.4672686755355023], [0.16692192847039689, 0.2772833177023371, 0.3216667818140817, 0.36530814597944494, 0.40571031341640784, 0.4353013952533731, 0.4680559102632253, 0.4895237049876459, 0.48084442931970534, 0.4894828857555144], [0.18334392684820333, 0.276683250082102, 0.3166528799113508, 0.3588307345076166, 0.3977749537283761, 0.42680232998242934, 0.45875724382283023, 0.48084442931970534, 0.4964411807079542, 0.5047767421738341], [0.1796164391957577, 0.27438856116649396, 0.31719146546089616, 0.3625256587516331, 0.40305253276226766, 0.4342315647335583, 0.4672686755355023, 0.4894828857555144, 0.5047767421738341, 0.524352313766945]],