{"vgg.features.3": [[0.024780606816565645, 0.030419958300830233, 0.041942710311391934, 0.05642246073762096, 0.06832381804134825, 0.08281721928079279, 0.10457062429637622, 0.12765334454968916, 0.14545606733646002, 0.15830468687423227], [0.0, 0.20227834736786648, 0.20013636418176578, 0.1984001847774641, 0.19753039687587848, 0.19875580257139755, 0.20569179598993553, 0.21287842859604464, 0.21823003469708951, 0.22348535532639724], [0.0, 0.0, 0.23709001096072096, 0.2348433279553181, 0.2327581111485714, 0.2322712898118177, 0.23598968900260758, 0.24170818975224057, 0.2451720662437732, 0.24878309856860661], [0.0, 0.0, 0.0, 0.2692002996360217, 0.2665201359290833, 0.2653841854235311, 0.26715826349324207, 0.2714548329990998, 0.2736328051567134, 0.2757197947021429], [0.0, 0.0, 0.0, 0.0, 0.3047405393321214, 0.3040697711943946, 0.30645025935432557, 0.3100900621544759, 0.3120034929220235, 0.3132683830014426], [0.0, 0.0, 0.0, 0.0, 0.0, 0.3331534494506715, 0.3351641717723854, 0.3374675399558106, 0.3389434877763678, 0.33894402557698644], [0.0, 0.0, 0.0, 0.0, 0.0, 0.0, 0.3674559702850611, 0.36847700074815753, 0.36822058896460924, 0.36729217474107045], [0.0, 0.0, 0.0, 0.0, 0.0, 0.0, 0.0, 0.3912004225494397, 0.3909309948474703, 0.3892695680760178], [0.0, 0.0, 0.0, 0.0, 0.0, 0.0, 0.0, 0.0, 0.4129251858278238, 0.41063954557155813], [0.0, 0.0, 0.0, 0.0, 0.0, 0.0, 0.0, 0.0, 0.0, 0.4303521300556994]], "vgg.features.6": [[0.033499581894874925, 0.045683720776072585, 0.07199605518476192, 0.17807046472817925, 0.1952212506273388, 0.2144057898958646, 0.21781006820672896, 0.24170495253388102, 0.2523256121197622, 0.2580551639627529], [0.0, 0.22609813412229787, 0.2337964411777753, 0.2722260169538473, 0.28307805106281025, 0.29031655660098193, 0.29152741152837747, 0.3026555297264165, 0.3083509839530102, 0.3121948911375669], [0.0, 0.0, 0.2690128793582278, 0.28942591361656733, 0.29998076399728413, 0.30373932931401626, 0.30353778601353015, 0.3106681158903608, 0.3148135662431726, 0.31775664139295773], [0.0, 0.0, 0.0, 0.31483146798012424, 0.32152629450504155, 0.32514051835933455, 0.3243534962615396, 0.32985847313659306, 0.33293138133988437, 0.3356252295267288], [0.0, 0.0, 0.0, 0.0, 0.3444031242986147, 0.3482837598681584, 0.3473844330848549, 0.3500618609069256, 0.3524779865440843, 0.35347699164711144], [0.0, 0.0, 0.0, 0.0, 0.0, 0.377012803910121, 0.37573508877760897, 0.3776122100289145, 0.37904549195483017, 0.3796402344370132], [0.0, 0.0, 0.0, 0.0, 0.0, 0.0, 0.40088365206534526, 0.4014025029537926, 0.4023631214671076, 0.40194707934702023], [0.0, 0.0, 0.0, 0.0, 0.0, 0.0, 0.0, 0.41956818993270817, 0.4203210878283165, 0.41919917178915445], [0.0, 0.0, 0.0, 0.0, 0.0, 0.0, 0.0, 0.0, 0.4366059150560524, 0.4350897473742105], [0.0, 0.0, 0.0, 0.0, 0.0, 0.0, 0.0, 0.0, 0.0, 0.4494840050680279]], "vgg.features.8": [[0.03639943835471536, 0.050105848107001465, 0.0689746478142626, 0.08957465417457627, 0.11343515113910553, 0.12310424697790834, 0.13449716210583718, 0.16701266642156043, 0.1826278840455629, 0.18184842069855148], [0.0, 0.2696790331717969, 0.2630924190817302, 0.26126808424980585, 0.26118107649751066, 0.2555007334587809, 0.2585456513047397, 0.2647389221034755, 0.2655075572987639, 0.2610905768523801], [0.0, 0.0, 0.3268678348328202, 0.3201048888779361, 0.3171547717936902, 0.3101810742131374, 0.31020411608493975, 0.31042215079721547, 0.30655140323979047, 0.3033099717105484], [0.0, 0.0, 0.0, 0.37030008004810394, 0.3649315492988991, 0.35834738022957024, 0.3573997522259565, 0.3536322718099951, 0.3489614589471732, 0.3475067942975855], [0.0, 0.0, 0.0, 0.0, 0.405322158841149, 0.40011573563582326, 0.39782649730593483, 0.3925235832332886, 0.3870476494288522, 0.3860113802726087], [0.0, 0.0, 0.0, 0.0, 0.0, 0.4326133604439721, 0.4300700152009791, 0.42358437627784734, 0.41817277506836875, 0.41859177107374784], [0.0, 0.0, 0.0, 0.0, 0.0, 0.0, 0.4655450071430114, 0.45762006097981983, 0.4515451164874282, 0.4522798576960597], [0.0, 0.0, 0.0, 0.0, 0.0, 0.0, 0.0, 0.4801856312752795, 0.47469260155449483, 0.4751294109633677], [0.0, 0.0, 0.0, 0.0, 0.0, 0.0, 0.0, 0.0, 0.4901933531258226, 0.489939958667575], [0.0, 0.0, 0.0, 0.0, 0.0, 0.0, 0.0, 0.0, 0.0, 0.5110261475334725]], "vgg.features.11": [[0.057290946676758735, 0.09680622134595175, 0.1797231710610102, 0.21896224546630844, 0.2473878241338685, 0.2653500949223001, 0.29601805890661353, 0.31349189372016256, 0.33145770697331417, 0.3395365420645445], [0.0, 0.3223978682103569, 0.33887015994350966, 0.34376579347293695, 0.34426628296149475, 0.35339571034521633, 0.37056614633931934, 0.3687000017570953, 0.379325348742378, 0.38578682894038824], [0.0, 0.0, 0.38759933457567286, 0.38668081394017506, 0.38404702052592843, 0.3906178747116865, 0.403175909877597, 0.3953922757493859, 0.4027405880256345, 0.41008330236135054], [0.0, 0.0, 0.0, 0.4325508007692033, 0.42516673348387785, 0.42911806217920306, 0.4360747803477036, 0.42549781946053805, 0.43028211772608355, 0.43728735255593015], [0.0, 0.0, 0.0, 0.0, 0.44784507949853725, 0.44914930795783736, 0.45591225634545834, 0.4462077256229084, 0.4513731112781906, 0.45864241828742863], [0.0, 0.0, 0.0, 0.0, 0.0, 0.47243380502236365, 0.4770273295469506, 0.46851731478409914, 0.47165385834564094, 0.47731453677663643], [0.0, 0.0, 0.0, 0.0, 0.0, 0.0, 0.5042598410341392, 0.49613750317033145, 0.4984153153355901, 0.5043402687055597], [0.0, 0.0, 0.0, 0.0, 0.0, 0.0, 0.0, 0.5135054116022054, 0.5149484430062032, 0.5200851428773157], [0.0, 0.0, 0.0, 0.0, 0.0, 0.0, 0.0, 0.0, 0.5268804966134903, 0.5326379063751967], [0.0, 0.0, 0.0, 0.0, 0.0, 0.0, 0.0, 0.0, 0.0, 0.5475912999708576]], "vgg.features.13": [[0.08503986108969105, 0.15102278161882815, 0.3270465580629879, 0.4873232445668818, 0.4965739391916673, 0.5018454989807821, 0.5229112749533468, 0.5599854129846807, 0.5744326255983343, 0.5595259565309694], [0.0, 0.5022040919086851, 0.5204889582933515, 0.5600029179785124, 0.5517975285596995, 0.5589156706702112, 0.5573000103999982, 0.5676357286441782, 0.5708452472899175, 0.5665078035929627], [0.0, 0.0, 0.5869707330234003, 0.5980578494172968, 0.5860197646709662, 0.5905302332033251, 0.5896190611604996, 0.5963396512972159, 0.597753214977592, 0.5919094164337284], [0.0, 0.0, 0.0, 0.6354570334989312, 0.6221739929269898, 0.6242887324326843, 0.6218808204623985, 0.6288245567049597, 0.630910282828625, 0.6246766310765919], [0.0, 0.0, 0.0, 0.0, 0.6455244223250645, 0.6472624545015441, 0.6451383310493348, 0.6499881656143499, 0.651422716636455, 0.6457946477254115], [0.0, 0.0, 0.0, 0.0, 0.0, 0.6649953516679349, 0.6634707546131788, 0.6666306473891759, 0.6682745755434377, 0.6630088637427222], [0.0, 0.0, 0.0, 0.0, 0.0, 0.0, 0.6868849285300903, 0.6889205721156808, 0.6890165783848415, 0.6864952302919639], [0.0, 0.0, 0.0, 0.0, 0.0, 0.0, 0.0, 0.7028172828620145, 0.7029026691388262, 0.7011309377942755], [0.0, 0.0, 0.0, 0.0, 0.0, 0.0, 0.0, 0.0, 0.7120735875844142, 0.7101125570611256], [0.0, 0.0, 0.0, 0.0, 0.0, 0.0, 0.0, 0.0, 0.0, 0.7199054521676661]]}