{"vgg.features.3": [[0.027635182488764655, 0.029651862157842497, 0.03341405203785193, 0.04013691789458813, 0.04657303330317434, 0.05492606502098038, 0.06436057458188287, 0.07921414782031393, 0.08669466202054382, 0.0943042089697355], [0.0, 0.26697848168026106, 0.2652987238234427, 0.263958278085165, 0.2629945376491075, 0.26199742045286606, 0.26175683232918023, 0.2635263823908962, 0.2628438636572722, 0.26349983794123205], [0.0, 0.0, 0.3217685745296336, 0.31997226704181775, 0.318310563502552, 0.31681401277185883, 0.3159139456374141, 0.31658415427257197, 0.31508372009548513, 0.31509160583881474], [0.0, 0.0, 0.0, 0.35742803375764964, 0.3553597052939963, 0.3536632511649087, 0.35241945193223223, 0.3524203153422806, 0.35059433366643017, 0.3501452738478167], [0.0, 0.0, 0.0, 0.0, 0.38647355276963974, 0.3847871935546194, 0.3834573458199306, 0.3828743066949801, 0.3808257850412306, 0.38011908575054876], [0.0, 0.0, 0.0, 0.0, 0.0, 0.4096924757741741, 0.40822804899857296, 0.40708815607996784, 0.40490263580110786, 0.40395091086654195], [0.0, 0.0, 0.0, 0.0, 0.0, 0.0, 0.4361207814186503, 0.43449670486738323, 0.4319248795231237, 0.4307224462602234], [0.0, 0.0, 0.0, 0.0, 0.0, 0.0, 0.0, 0.4558989890761955, 0.45327543718179664, 0.4518335220588096], [0.0, 0.0, 0.0, 0.0, 0.0, 0.0, 0.0, 0.0, 0.46695669468338935, 0.4653728994241921], [0.0, 0.0, 0.0, 0.0, 0.0, 0.0, 0.0, 0.0, 0.0, 0.47811561584926127]], "vgg.features.6": [[0.036455083663324124, 0.042888726542132743, 0.05407698580959568, 0.08369951091257943, 0.09343684128366955, 0.1043522620342345, 0.11449444443075305, 0.13608012238890294, 0.14559376339791708, 0.15366610253622914], [0.0, 0.2958704999981834, 0.29430693325387686, 0.2964270492117663, 0.2961110129695551, 0.2962739717374142, 0.2974988911066223, 0.3007122953878645, 0.3014465218829962, 0.3023788376271318], [0.0, 0.0, 0.3499238401499788, 0.34981985553692097, 0.34927475560359467, 0.34853987764850913, 0.34874907237111136, 0.3505441760877955, 0.3507600303946554, 0.3512855992569599], [0.0, 0.0, 0.0, 0.3883333898965373, 0.3872890245851118, 0.3861245590442801, 0.3856084296054145, 0.3864539436550835, 0.3863400656018188, 0.38657458798775385], [0.0, 0.0, 0.0, 0.0, 0.4175476548003757, 0.4165884339301156, 0.41606269606687407, 0.41621781468788144, 0.41567613711664114, 0.4156035088977855], [0.0, 0.0, 0.0, 0.0, 0.0, 0.44125664691004207, 0.4405671137695196, 0.43979845895783143, 0.43904369062928994, 0.4386840242161882], [0.0, 0.0, 0.0, 0.0, 0.0, 0.0, 0.4672276538589982, 0.4657940339832109, 0.4646559460995914, 0.46406422606792225], [0.0, 0.0, 0.0, 0.0, 0.0, 0.0, 0.0, 0.4863028045170484, 0.4850071225897852, 0.4842252629572842], [0.0, 0.0, 0.0, 0.0, 0.0, 0.0, 0.0, 0.0, 0.49952066532306166, 0.49854110995748313], [0.0, 0.0, 0.0, 0.0, 0.0, 0.0, 0.0, 0.0, 0.0, 0.512051136143189]], "vgg.features.8": [[0.05661555435124902, 0.06676600123326111, 0.09058311552525865, 0.1473514845615464, 0.17087450345160005, 0.1913677513306162, 0.20266900685200573, 0.23048616316059645, 0.24489343894249685, 0.2561821392511339], [0.0, 0.3536699630158418, 0.35434757620213453, 0.36312604219746647, 0.36725831164665573, 0.37098611407247195, 0.37309194484760944, 0.38091301267041766, 0.384954843706549, 0.3879807856468883], [0.0, 0.0, 0.41632674855413754, 0.42218980774120485, 0.4256380102739582, 0.4282912973572239, 0.42976097610455954, 0.43517543607918435, 0.4383159364546377, 0.4410838344872738], [0.0, 0.0, 0.0, 0.46539534582744113, 0.46821085917880834, 0.4700978759433655, 0.4708675931368597, 0.4755816020766211, 0.47791866971277114, 0.4802494972455887], [0.0, 0.0, 0.0, 0.0, 0.4977390917690015, 0.4994616802626628, 0.5000901529836905, 0.5036582354096225, 0.5053209877297714, 0.5074617306844591], [0.0, 0.0, 0.0, 0.0, 0.0, 0.5260248659676416, 0.5263660592798369, 0.5291419216647861, 0.5303651057911783, 0.5322853194789622], [0.0, 0.0, 0.0, 0.0, 0.0, 0.0, 0.55070183188345, 0.5526918262614863, 0.553438560942631, 0.5549126998386831], [0.0, 0.0, 0.0, 0.0, 0.0, 0.0, 0.0, 0.5720112561618119, 0.5726735512345285, 0.5739672345356966], [0.0, 0.0, 0.0, 0.0, 0.0, 0.0, 0.0, 0.0, 0.5862387264706547, 0.5872974960283023], [0.0, 0.0, 0.0, 0.0, 0.0, 0.0, 0.0, 0.0, 0.0, 0.600616718203904]], "vgg.features.11": [[0.0678384191977965, 0.08140520657911446, 0.10345229104058366, 0.13907461588300674, 0.16467883276818646, 0.17994110952560194, 0.1939704068853028, 0.22941661196285731, 0.24606115558879396, 0.2544079080307295], [0.0, 0.36916610146181816, 0.36904698544739595, 0.37235079731126297, 0.3736735019490602, 0.37427017555125186, 0.3783514426136773, 0.38596150829324816, 0.3904794689243009, 0.39021944082245935], [0.0, 0.0, 0.4309640690773146, 0.43159956020679996, 0.4314918294543169, 0.4318546789827236, 0.43475645757875736, 0.43914435908629773, 0.44172200473051604, 0.4413834939755991], [0.0, 0.0, 0.0, 0.472096804514578, 0.47079414291575866, 0.4709448423994456, 0.4726724011360736, 0.4753671473498446, 0.47700720737978536, 0.4764601034572193], [0.0, 0.0, 0.0, 0.0, 0.49645494605867374, 0.4964989928305824, 0.4978367095389668, 0.4997005677095749, 0.5006591719075767, 0.5001606291595917], [0.0, 0.0, 0.0, 0.0, 0.0, 0.520270540043084, 0.5213450458942457, 0.5226224914787477, 0.5231008932047745, 0.5227689904762112], [0.0, 0.0, 0.0, 0.0, 0.0, 0.0, 0.5466297826354121, 0.5470835760396177, 0.547018949188272, 0.5466050142801762], [0.0, 0.0, 0.0, 0.0, 0.0, 0.0, 0.0, 0.5640933275991051, 0.563838982562698, 0.5633713943014194], [0.0, 0.0, 0.0, 0.0, 0.0, 0.0, 0.0, 0.0, 0.5759516787239053, 0.5753553948021509], [0.0, 0.0, 0.0, 0.0, 0.0, 0.0, 0.0, 0.0, 0.0, 0.5883922795155634]], "vgg.features.13": [[0.1059841238278356, 0.1298703059047885, 0.17869124723595084, 0.23489378498349864, 0.2614489328487751, 0.2785878501108601, 0.29921615802351276, 0.3307430023334741, 0.3512280869147231, 0.3561520403471868], [0.0, 0.4880088886813183, 0.49152836699782754, 0.5014525738263846, 0.5030985007735386, 0.5067239722398407, 0.5116906918088385, 0.5158725777969575, 0.5205368984697958, 0.5190259328825381], [0.0, 0.0, 0.5624238881877084, 0.5679852962276286, 0.5674237224358111, 0.5699227338107651, 0.5730790883029103, 0.5743295024796778, 0.5769909648490239, 0.5753481650835429], [0.0, 0.0, 0.0, 0.6115621555799883, 0.6101079748339381, 0.6121577963015614, 0.6144436245584096, 0.6143531526653337, 0.6162049471724163, 0.6144162257241371], [0.0, 0.0, 0.0, 0.0, 0.6371043143922845, 0.6389144777545719, 0.640809975548652, 0.6401448848539271, 0.6414367203460393, 0.6397544111059613], [0.0, 0.0, 0.0, 0.0, 0.0, 0.6621910991503969, 0.6637413146409796, 0.6624590986730622, 0.6633026234779849, 0.6618654017771222], [0.0, 0.0, 0.0, 0.0, 0.0, 0.0, 0.6880462498848019, 0.6860582094097011, 0.6865251340896236, 0.6854013928431831], [0.0, 0.0, 0.0, 0.0, 0.0, 0.0, 0.0, 0.7027874970712402, 0.7032622851402504, 0.7021701512757518], [0.0, 0.0, 0.0, 0.0, 0.0, 0.0, 0.0, 0.0, 0.7156800784688151, 0.7145657243490146], [0.0, 0.0, 0.0, 0.0, 0.0, 0.0, 0.0, 0.0, 0.0, 0.7276119725373945]]}