{"vgg.features.3": [[0.02401587523992106, 0.03035129150099356, 0.04198817411411885, 0.05529074507340954, 0.06686063499278115, 0.0816920408235371, 0.10160443828018358, 0.12538454319321501, 0.14108022478701385, 0.15418859489954842], [0.0, 0.22215370667010498, 0.22028750137373396, 0.21957003840086925, 0.21841028793394715, 0.2210964619112616, 0.22606835336046835, 0.23295132063783913, 0.23630203371822134, 0.24134435913372532], [0.0, 0.0, 0.2574654669212688, 0.2562197732946972, 0.25417570680797813, 0.254632330047012, 0.25714340582329953, 0.26263525766694645, 0.26488649414258125, 0.26834870893657076], [0.0, 0.0, 0.0, 0.29024262871631046, 0.28754370534223006, 0.2873077968309077, 0.2882280784269384, 0.2924616623806072, 0.2935506490796237, 0.2957811533155509], [0.0, 0.0, 0.0, 0.0, 0.3289096569779662, 0.3289251569808554, 0.330176122383181, 0.33380970463233556, 0.3344498307546002, 0.3361931981441688], [0.0, 0.0, 0.0, 0.0, 0.0, 0.35621220932617254, 0.357394640877251, 0.35976070359930784, 0.3601607331061482, 0.36102651559944415], [0.0, 0.0, 0.0, 0.0, 0.0, 0.0, 0.38985292940751093, 0.39129998649855524, 0.39026816944267767, 0.39048729854759645], [0.0, 0.0, 0.0, 0.0, 0.0, 0.0, 0.0, 0.4144664702204468, 0.4135478370713192, 0.4132579207214952], [0.0, 0.0, 0.0, 0.0, 0.0, 0.0, 0.0, 0.0, 0.43569008441435, 0.43516030737353606], [0.0, 0.0, 0.0, 0.0, 0.0, 0.0, 0.0, 0.0, 0.0, 0.4534689483569349]], "vgg.features.6": [[0.03331041056498069, 0.045372025842944114, 0.07057508791812046, 0.17153677540659368, 0.18811517980574394, 0.20672900826785753, 0.2097791232362307, 0.23317429744988896, 0.24327103607271053, 0.2486472586334775], [0.0, 0.24428793884836078, 0.2509345026825479, 0.2841922009298386, 0.29335901486791344, 0.30292238625970763, 0.3034631960784959, 0.31363257228760916, 0.3165908551780286, 0.3201615211790912], [0.0, 0.0, 0.28569660800760094, 0.3037562681962513, 0.3132857898904932, 0.31982423628789886, 0.3197466880173534, 0.3263589877828474, 0.3278862060766228, 0.33121914837112604], [0.0, 0.0, 0.0, 0.3298908585194745, 0.336270880699022, 0.3425551528398584, 0.342270941666087, 0.34736097141903827, 0.34752359604272376, 0.3514975547840799], [0.0, 0.0, 0.0, 0.0, 0.36328106400168797, 0.37008788664917597, 0.36984968983632444, 0.3729007362314149, 0.3722118394269287, 0.37552728638343685], [0.0, 0.0, 0.0, 0.0, 0.0, 0.3981300914735, 0.3977603357421317, 0.4003445898672462, 0.3985067418462436, 0.40217692744462064], [0.0, 0.0, 0.0, 0.0, 0.0, 0.0, 0.42360322752715396, 0.42512395778190964, 0.4228055657385307, 0.425975099279296], [0.0, 0.0, 0.0, 0.0, 0.0, 0.0, 0.0, 0.44203784108801497, 0.4395483581545789, 0.4422813343794311], [0.0, 0.0, 0.0, 0.0, 0.0, 0.0, 0.0, 0.0, 0.4565729996699335, 0.4594331369029991], [0.0, 0.0, 0.0, 0.0, 0.0, 0.0, 0.0, 0.0, 0.0, 0.47389728361496536]], "vgg.features.8": [[0.03682606312968114, 0.050534819628825, 0.07025230773235966, 0.09057850302929268, 0.11258842352605596, 0.12163100766904361, 0.13024165822531514, 0.16047793596083879, 0.17727287344444495, 0.17541847884593398], [0.0, 0.2866278230733133, 0.2820527887595279, 0.2818604158706579, 0.27944120499644015, 0.2772881079163667, 0.2777719397137919, 0.2824963875745339, 0.2816556919044166, 0.278713968226085], [0.0, 0.0, 0.3363324724997991, 0.331802060972935, 0.32761013510680054, 0.3238753031955661, 0.3231419992481933, 0.32347631926808756, 0.3190365326213521, 0.3177711398786595], [0.0, 0.0, 0.0, 0.3781645436868208, 0.3724458107962693, 0.36846756834208955, 0.36753427543919115, 0.36455274205768773, 0.35861087370755584, 0.3599116953153375], [0.0, 0.0, 0.0, 0.0, 0.4151014272708254, 0.412600373462237, 0.4106486534965937, 0.4067331855715769, 0.39900918594156015, 0.4017651233585334], [0.0, 0.0, 0.0, 0.0, 0.0, 0.4424247529445162, 0.4406495700010672, 0.4362172842486695, 0.42787074525748314, 0.4324108639025713], [0.0, 0.0, 0.0, 0.0, 0.0, 0.0, 0.4754486688992628, 0.4698375335843441, 0.46060236878690947, 0.46588360568294], [0.0, 0.0, 0.0, 0.0, 0.0, 0.0, 0.0, 0.4926826582296757, 0.4837994920759566, 0.4888992850533954], [0.0, 0.0, 0.0, 0.0, 0.0, 0.0, 0.0, 0.0, 0.5016020920959751, 0.5066276759218403], [0.0, 0.0, 0.0, 0.0, 0.0, 0.0, 0.0, 0.0, 0.0, 0.5255221454683232]], "vgg.features.11": [[0.0590088190940756, 0.09847600204649434, 0.18067597584921807, 0.21833104958814958, 0.24305343494700155, 0.2603411609439696, 0.2891846004683029, 0.3068615475053627, 0.3276527361334948, 0.33205429552123233], [0.0, 0.3395637438469963, 0.3526699285297749, 0.35956493352742486, 0.35985939674879713, 0.3685188646117358, 0.38178632611045116, 0.38153460079681933, 0.39204244167947916, 0.39860626507588626], [0.0, 0.0, 0.4001926970976175, 0.4017302166956036, 0.3992676199753166, 0.4043942420281365, 0.4139177438029467, 0.40838912335040284, 0.4152567362849242, 0.423490253249083], [0.0, 0.0, 0.0, 0.44348164809859497, 0.4373912133404475, 0.4398663525208397, 0.4447548620889082, 0.4367355746370532, 0.440486320627639, 0.4489761733029566], [0.0, 0.0, 0.0, 0.0, 0.46328231219580124, 0.46334019467354176, 0.4676736848175594, 0.45926643521243293, 0.4633260580974537, 0.4727911338845979], [0.0, 0.0, 0.0, 0.0, 0.0, 0.4877805238880446, 0.48956122549830916, 0.48191370384699556, 0.48345634440256824, 0.4923725683345], [0.0, 0.0, 0.0, 0.0, 0.0, 0.0, 0.5208772782928545, 0.5128455607454923, 0.5130785089524937, 0.5229389638223639], [0.0, 0.0, 0.0, 0.0, 0.0, 0.0, 0.0, 0.5299407604222296, 0.5297806080591467, 0.5385398949505774], [0.0, 0.0, 0.0, 0.0, 0.0, 0.0, 0.0, 0.0, 0.5437153282399463, 0.5534348187415444], [0.0, 0.0, 0.0, 0.0, 0.0, 0.0, 0.0, 0.0, 0.0, 0.5675977013386806]], "vgg.features.13": [[0.08885482068623676, 0.15350480077743064, 0.3398320702466008, 0.4991019075465564, 0.5067491490065921, 0.5160295140512381, 0.5355817554519343, 0.5680423570856061, 0.583114266131753, 0.5653934507009494], [0.0, 0.501282797597746, 0.5225410472365971, 0.5827434096397381, 0.5748269748278695, 0.5801078353160345, 0.5826925021014431, 0.5924529542195875, 0.5936445315262012, 0.5869738540086731], [0.0, 0.0, 0.5925103791274383, 0.6237667531114942, 0.6120744992710122, 0.6125030157576523, 0.616058999612871, 0.6214725729521742, 0.6222025263435265, 0.6134300897327524], [0.0, 0.0, 0.0, 0.6578851334703301, 0.6449466983689768, 0.6428824355249908, 0.6443947256893056, 0.6503822255189402, 0.6505621530037033, 0.6412682515656534], [0.0, 0.0, 0.0, 0.0, 0.6678370623576578, 0.665641887151462, 0.6664396669434024, 0.6688200929323025, 0.6684154864753797, 0.6605578479946158], [0.0, 0.0, 0.0, 0.0, 0.0, 0.6823855735846386, 0.6831233899536433, 0.6834618435846865, 0.6827606115471487, 0.6762855098374867], [0.0, 0.0, 0.0, 0.0, 0.0, 0.0, 0.7098119757191962, 0.7089762513975126, 0.7072585066757705, 0.7026216734295555], [0.0, 0.0, 0.0, 0.0, 0.0, 0.0, 0.0, 0.7217011191189792, 0.7199633992746493, 0.7156264796664409], [0.0, 0.0, 0.0, 0.0, 0.0, 0.0, 0.0, 0.0, 0.7308412854023402, 0.7265818317672846], [0.0, 0.0, 0.0, 0.0, 0.0, 0.0, 0.0, 0.0, 0.0, 0.7392254529507772]]}