{"vgg.features.3": [[0.027630867924540743, 0.02969405145669566, 0.033784882768389396, 0.04081888233722904, 0.04739791122984354, 0.055849856835089765, 0.06542130906844398, 0.08024615336398228, 0.08812641456321788, 0.09569166254066223], [0.0, 0.26505173418126543, 0.26322554491388667, 0.261889470292001, 0.2607213346548419, 0.25965533814813424, 0.2593477897932681, 0.2613686733070117, 0.26035690622356605, 0.26108734415526874], [0.0, 0.0, 0.3192713317005785, 0.31747608431243374, 0.31563641426251404, 0.3141028613855523, 0.31309174687889757, 0.3139394185773795, 0.31217179737622225, 0.3122362229043667], [0.0, 0.0, 0.0, 0.3543956720163345, 0.3521919590965619, 0.35041536628479597, 0.3490322269277155, 0.3492320808757141, 0.3471567556968907, 0.34677533781928166], [0.0, 0.0, 0.0, 0.0, 0.3828908991766489, 0.38112218535908443, 0.3796855883871817, 0.3793317873220914, 0.37700924197366253, 0.3764139483741888], [0.0, 0.0, 0.0, 0.0, 0.0, 0.40597044801622345, 0.404406360872817, 0.4034592989935577, 0.40104277886501505, 0.4001893312827611], [0.0, 0.0, 0.0, 0.0, 0.0, 0.0, 0.432172133807214, 0.43072729994731696, 0.42789789398627803, 0.426808521327618], [0.0, 0.0, 0.0, 0.0, 0.0, 0.0, 0.0, 0.4517648501092058, 0.4488458350472276, 0.4475378899359338], [0.0, 0.0, 0.0, 0.0, 0.0, 0.0, 0.0, 0.0, 0.4622140163872223, 0.46075977414010527], [0.0, 0.0, 0.0, 0.0, 0.0, 0.0, 0.0, 0.0, 0.0, 0.4733834695270475]], "vgg.features.6": [[0.03653186561512943, 0.043010888247528516, 0.054688865214240316, 0.08739809923634646, 0.097247988192523, 0.10816098496105145, 0.11827838511694021, 0.1394181663285637, 0.14927190479686672, 0.15724933598678698], [0.0, 0.28930643060473993, 0.28806594520349693, 0.29106729410661597, 0.29088778758281253, 0.29111111558749575, 0.29233035519678674, 0.2967148312215853, 0.2978445753375452, 0.2992561922961166], [0.0, 0.0, 0.3450682241842641, 0.34532434097128367, 0.3449501446934813, 0.34417549744275583, 0.3442472093127398, 0.34701271956772606, 0.34744045479421976, 0.3485475566476556], [0.0, 0.0, 0.0, 0.3842063905426874, 0.38330118613798714, 0.38205643916881693, 0.38133285051544, 0.38302712313522785, 0.3830362137271013, 0.38388472299431103], [0.0, 0.0, 0.0, 0.0, 0.4132356571944503, 0.4121820417264132, 0.4115046946160211, 0.4125336278154333, 0.4120625511446768, 0.41265165217915867], [0.0, 0.0, 0.0, 0.0, 0.0, 0.4366294537647766, 0.435807573902478, 0.43590343578862883, 0.4351789707525438, 0.43548779746093513], [0.0, 0.0, 0.0, 0.0, 0.0, 0.0, 0.4623225392588203, 0.46176443713135074, 0.46062811481506255, 0.4607578973686302], [0.0, 0.0, 0.0, 0.0, 0.0, 0.0, 0.0, 0.4823153072689754, 0.4810051018535786, 0.48099814512620587], [0.0, 0.0, 0.0, 0.0, 0.0, 0.0, 0.0, 0.0, 0.4950532136469468, 0.4948396338259215], [0.0, 0.0, 0.0, 0.0, 0.0, 0.0, 0.0, 0.0, 0.0, 0.5083208666315109]], "vgg.features.8": [[0.055853060098496145, 0.06594166923866182, 0.08910902960135307, 0.14723208014760303, 0.16963833232614114, 0.18988861171471158, 0.20165792945516836, 0.2277222606982371, 0.24288323140151505, 0.2540474333038468], [0.0, 0.34554402627724956, 0.3470225340689393, 0.35795681072122265, 0.36221173779245636, 0.36577453819390654, 0.3684958648690499, 0.3774532656389601, 0.38197169855778035, 0.3854194879997341], [0.0, 0.0, 0.4099964325367447, 0.4176918219304865, 0.42136850173794305, 0.42327176565821534, 0.4250938967625, 0.431861799200227, 0.4353833705506734, 0.43840412414396934], [0.0, 0.0, 0.0, 0.4601106582548703, 0.46310315409729386, 0.464167155189767, 0.46511263382783, 0.47092067042084423, 0.473639003528863, 0.4762189702910372], [0.0, 0.0, 0.0, 0.0, 0.4928569106252323, 0.4939109214205213, 0.494736578313549, 0.499418370715484, 0.501456417675632, 0.5038275264947237], [0.0, 0.0, 0.0, 0.0, 0.0, 0.5207701900552925, 0.5213534232063668, 0.5251351589417779, 0.5266826261147685, 0.5287403204310042], [0.0, 0.0, 0.0, 0.0, 0.0, 0.0, 0.5454421745190811, 0.548436301709389, 0.5494284240427019, 0.5511940444466303], [0.0, 0.0, 0.0, 0.0, 0.0, 0.0, 0.0, 0.5671202268144394, 0.5680482290785477, 0.5696881682701245], [0.0, 0.0, 0.0, 0.0, 0.0, 0.0, 0.0, 0.0, 0.5808511205787636, 0.5822636395274198], [0.0, 0.0, 0.0, 0.0, 0.0, 0.0, 0.0, 0.0, 0.0, 0.5952264929162564]], "vgg.features.11": [[0.06715084389501853, 0.08139567694100025, 0.10448150510870607, 0.14195920104747775, 0.1678838470223051, 0.18355271500793915, 0.19753039687587848, 0.23064917400971116, 0.2474306608876221, 0.25411596436990785], [0.0, 0.35868508053014286, 0.3598458554821185, 0.3651486050927897, 0.3673024658753081, 0.36826214950431596, 0.3726873358798865, 0.3822591045939678, 0.38701496044588185, 0.3869334634493038], [0.0, 0.0, 0.4210915306879529, 0.4234274452887521, 0.42418794997592657, 0.4244265483382976, 0.42750113192930844, 0.4334812126101641, 0.43634112849227985, 0.43634662878344715], [0.0, 0.0, 0.0, 0.4630401733622322, 0.4625425863781381, 0.46259908554028445, 0.46438479458014614, 0.46838424527750655, 0.4703448014894482, 0.4704530320424869], [0.0, 0.0, 0.0, 0.0, 0.48772405329399526, 0.48754468112948296, 0.489014889062322, 0.4921526236200485, 0.49335226984347325, 0.4936010364060169], [0.0, 0.0, 0.0, 0.0, 0.0, 0.5108936561389927, 0.5121564755961866, 0.5145163322104256, 0.5152916928533434, 0.5156208333498784], [0.0, 0.0, 0.0, 0.0, 0.0, 0.0, 0.5374262155309878, 0.5389180546945895, 0.5390283788183978, 0.5393739680633073], [0.0, 0.0, 0.0, 0.0, 0.0, 0.0, 0.0, 0.5555099642311188, 0.5554283576930772, 0.5557390155707036], [0.0, 0.0, 0.0, 0.0, 0.0, 0.0, 0.0, 0.0, 0.566451271540752, 0.5666360649610198], [0.0, 0.0, 0.0, 0.0, 0.0, 0.0, 0.0, 0.0, 0.0, 0.5790351669691268]], "vgg.features.13": [[0.10369788132537641, 0.12947204454915756, 0.17465555674471808, 0.23746808883135204, 0.2673185220592363, 0.2848137718195352, 0.3044953072845218, 0.3357147988411992, 0.3551055605773256, 0.35680670965811734], [0.0, 0.4766112254619098, 0.481425940217511, 0.4927159255273187, 0.49620486268157016, 0.4995533905705464, 0.505279369028652, 0.5123187035357066, 0.5170624703578137, 0.515085671123703], [0.0, 0.0, 0.5521825163164092, 0.5585076200623736, 0.559664962779355, 0.5616023386758645, 0.5652968740232205, 0.5688895815714289, 0.5717525582526074, 0.5697482818024032], [0.0, 0.0, 0.0, 0.6015870629519778, 0.6018535699708659, 0.6032392982955437, 0.6059267660135698, 0.6079206480386435, 0.6101026692805606, 0.6082206092795966], [0.0, 0.0, 0.0, 0.0, 0.6276172635938526, 0.6286594633932798, 0.6311076987981589, 0.6326568867953216, 0.6341698132598691, 0.6324676523241208], [0.0, 0.0, 0.0, 0.0, 0.0, 0.6511624566307999, 0.6534542544797137, 0.6542524135558341, 0.6553779294960558, 0.6539284484658857], [0.0, 0.0, 0.0, 0.0, 0.0, 0.0, 0.6778284711985125, 0.6778331285180393, 0.6785612400191562, 0.6775644806941196], [0.0, 0.0, 0.0, 0.0, 0.0, 0.0, 0.0, 0.6943850844321701, 0.6952034262271659, 0.6943419572197652], [0.0, 0.0, 0.0, 0.0, 0.0, 0.0, 0.0, 0.0, 0.7067652918839841, 0.7058512426793921], [0.0, 0.0, 0.0, 0.0, 0.0, 0.0, 0.0, 0.0, 0.0, 0.7182927868931442]]}