{"vgg.features.3": [[0.03678070570134027, 0.2402441149428988, 0.32942576075729085, 0.3503981766386197, 0.3980146161842876, 0.4361041312485866, 0.4637804954873621, 0.48809545343349103, 0.490526470479658, 0.49909269225564334], [0.0, 0.12362157839224358, 0.219751670944699, 0.24710433428914633, 0.2919280124599481, 0.32572143203264703, 0.36102837172900687, 0.3930788666558788, 0.3970542198812877, 0.40702432210627326], [0.0, 0.0, 0.1829511997633631, 0.20656981601902094, 0.24850964964406527, 0.28073510970431576, 0.31178633391928146, 0.3469513728996029, 0.34985967923284944, 0.35996686327115546], [0.0, 0.0, 0.0, 0.20010368142284346, 0.23344447941618465, 0.25893910975524376, 0.2857181796613217, 0.3171987272629975, 0.32322889450191916, 0.3295484488757995], [0.0, 0.0, 0.0, 0.0, 0.23249025045049135, 0.25720222603476894, 0.2781221181907182, 0.302640930994872, 0.31019669600195104, 0.31430844710589556], [0.0, 0.0, 0.0, 0.0, 0.0, 0.2636949702114735, 0.28410949420190074, 0.3062818779045727, 0.31398323009108275, 0.3166716381663616], [0.0, 0.0, 0.0, 0.0, 0.0, 0.0, 0.28995590698127505, 0.3069724229349179, 0.31096960973966586, 0.3119434877499531], [0.0, 0.0, 0.0, 0.0, 0.0, 0.0, 0.0, 0.3093514396133392, 0.31150310816711446, 0.3138344012782814], [0.0, 0.0, 0.0, 0.0, 0.0, 0.0, 0.0, 0.0, 0.32273556312416135, 0.32399440042276495], [0.0, 0.0, 0.0, 0.0, 0.0, 0.0, 0.0, 0.0, 0.0, 0.3350887798880104]], "vgg.features.6": [[0.04167031725334351, 0.25071452988726606, 0.33830256338202824, 0.3831178603769036, 0.44007305261261914, 0.5485604479336149, 0.5046274676082203, 0.5576723601018051, 0.5364337377282852, 0.5528850358792907], [0.0, 0.1445692465939156, 0.2189498970481202, 0.2664558563069518, 0.3157928665387072, 0.4263316849689871, 0.3868824405604571, 0.44281997360461706, 0.43218736045122913, 0.44936066485672804], [0.0, 0.0, 0.21422642601376402, 0.2507724231368614, 0.2930143856493631, 0.39399503048897994, 0.35428658859005013, 0.4075423991359724, 0.3973535978935182, 0.41227859244920473], [0.0, 0.0, 0.0, 0.23922822226188808, 0.2786030218981298, 0.37538684808852474, 0.3379937065097694, 0.3907022418403073, 0.38513860763111346, 0.39999177222779875], [0.0, 0.0, 0.0, 0.0, 0.27855750412177244, 0.3661128463585876, 0.32937656261487425, 0.3797314195895181, 0.37135914795422403, 0.38535416221422736], [0.0, 0.0, 0.0, 0.0, 0.0, 0.3715315758472562, 0.33558776644730637, 0.3813655217332706, 0.3729473611457933, 0.3879558918548351], [0.0, 0.0, 0.0, 0.0, 0.0, 0.0, 0.34579857381584106, 0.3871321233066481, 0.37882297986184105, 0.39051250892281664], [0.0, 0.0, 0.0, 0.0, 0.0, 0.0, 0.0, 0.3911199097894569, 0.3827846316462447, 0.39419776209175855], [0.0, 0.0, 0.0, 0.0, 0.0, 0.0, 0.0, 0.0, 0.38753940492011657, 0.3972479232088078], [0.0, 0.0, 0.0, 0.0, 0.0, 0.0, 0.0, 0.0, 0.0, 0.398199730348671]], "vgg.features.8": [[0.05620430568868579, 0.33395539073124014, 0.49429802706478, 0.5522972727209533, 0.6808842552578638, 0.8584560350262019, 0.8131895891861702, 0.9086380046160624, 0.8904213809241097, 0.9173944435934359], [0.0, 0.19812813738048177, 0.3316291032039729, 0.39891543570491433, 0.5409450040544524, 0.7525743748315334, 0.703064750300128, 0.8030634343323613, 0.7859441703400661, 0.8113562504180194], [0.0, 0.0, 0.31242593185369044, 0.36803839831321117, 0.5042067918296161, 0.7113271632469599, 0.6631321323503818, 0.7594784355752006, 0.740458531446869, 0.7632875983989901], [0.0, 0.0, 0.0, 0.36368459594338703, 0.49262796432786743, 0.7007205886370561, 0.651281634689407, 0.7414699565909818, 0.7267859281114069, 0.7470188528338068], [0.0, 0.0, 0.0, 0.0, 0.48882592502554567, 0.6929426966219334, 0.6423123252783853, 0.7291071786210946, 0.7135017578885199, 0.733092466307909], [0.0, 0.0, 0.0, 0.0, 0.0, 0.6926807435885288, 0.6403714693553627, 0.7240457797820901, 0.7125674113415277, 0.7333583971837501], [0.0, 0.0, 0.0, 0.0, 0.0, 0.0, 0.6386175568433071, 0.720103234012978, 0.7087078746879713, 0.7286004611219754], [0.0, 0.0, 0.0, 0.0, 0.0, 0.0, 0.0, 0.7091238182233416, 0.6993402949158022, 0.7179667618752549], [0.0, 0.0, 0.0, 0.0, 0.0, 0.0, 0.0, 0.0, 0.6929691019781203, 0.7113398539351152], [0.0, 0.0, 0.0, 0.0, 0.0, 0.0, 0.0, 0.0, 0.0, 0.7068325693890227]], "vgg.features.11": [[0.0755067537388614, 0.4465424073940087, 0.6875425297991492, 0.8708724851770588, 0.98537805666317, 1.1620664083087744, 1.1817385486163103, 1.2300800024231864, 1.2489194232364864, 1.2667646892538051], [0.0, 0.34584147910994595, 0.546702017913574, 0.7410589516403114, 0.8744964279988917, 1.067945936445073, 1.076830393200908, 1.1403938937208435, 1.166024192157357, 1.1873174747196917], [0.0, 0.0, 0.5417508885582997, 0.7198920722602962, 0.8545770558237832, 1.038213530442758, 1.0459623807199945, 1.1124981199920443, 1.1393998055094314, 1.1641734085601325], [0.0, 0.0, 0.0, 0.7092740137232236, 0.8400485860901352, 1.0210116899665276, 1.0257075429246414, 1.091018402832982, 1.1196405933981826, 1.1435724145099007], [0.0, 0.0, 0.0, 0.0, 0.8375625389710704, 1.0141754476532054, 1.0183191939945049, 1.082912474682921, 1.112098869443782, 1.137389672510694], [0.0, 0.0, 0.0, 0.0, 0.0, 1.0067592612635774, 1.0106726869029006, 1.0735306693882465, 1.1044196489932367, 1.1295987865259107], [0.0, 0.0, 0.0, 0.0, 0.0, 0.0, 1.0094731624560063, 1.0708580178618454, 1.1027199748662022, 1.126550342714682], [0.0, 0.0, 0.0, 0.0, 0.0, 0.0, 0.0, 1.0687656271052948, 1.1012083053152653, 1.1251315269267597], [0.0, 0.0, 0.0, 0.0, 0.0, 0.0, 0.0, 0.0, 1.1016875547239915, 1.126011515742915], [0.0, 0.0, 0.0, 0.0, 0.0, 0.0, 0.0, 0.0, 0.0, 1.1218443322516611]], "vgg.features.13": [[0.12045815824954456, 0.7477007457320898, 1.122172861991577, 1.1767093799143329, 1.2950163729027107, 1.292306428578624, 1.3226722205770474, 1.3450302318099314, 1.336372761925627, 1.3713113448872587], [0.0, 0.5081765852218386, 0.9173500032377595, 1.008521091684465, 1.1590693072148714, 1.2233091004855368, 1.23423185554824, 1.2705817773227268, 1.272887620724336, 1.3256389530395893], [0.0, 0.0, 0.899690931448689, 0.9741868764754427, 1.1163608462355143, 1.203410021203656, 1.2091848954201028, 1.2483796209773745, 1.2514752630631794, 1.2967972880026233], [0.0, 0.0, 0.0, 0.9619163639505609, 1.1027009734273545, 1.1919453487634426, 1.1941079735314726, 1.2351312825801208, 1.2382495523467025, 1.2805480849035777], [0.0, 0.0, 0.0, 0.0, 1.092246658683376, 1.1837399961244415, 1.1882755660598687, 1.229310646547846, 1.2337382200718174, 1.2745887688130266], [0.0, 0.0, 0.0, 0.0, 0.0, 1.1805483770661145, 1.185110999397553, 1.2273936460782515, 1.2336658395513942, 1.272611892670434], [0.0, 0.0, 0.0, 0.0, 0.0, 0.0, 1.1829991903362116, 1.2256327044966102, 1.2311899617450746, 1.269374574839488], [0.0, 0.0, 0.0, 0.0, 0.0, 0.0, 0.0, 1.2229348944363045, 1.2296036704264657, 1.266799234795632], [0.0, 0.0, 0.0, 0.0, 0.0, 0.0, 0.0, 0.0, 1.2291567691198038, 1.2643236553869215], [0.0, 0.0, 0.0, 0.0, 0.0, 0.0, 0.0, 0.0, 0.0, 1.2597807736952271]]}