{"vgg.features.3": [[0.03744883154516468, 0.24389310920220544, 0.33138233461370814, 0.35141422259346383, 0.4001805277414626, 0.4373527615241883, 0.4628608072720672, 0.4883068616546165, 0.494157583760582, 0.5043231843533653], [0.0, 0.12455058536519356, 0.21931451918293804, 0.24775210442942355, 0.2958811355609771, 0.32808778458545246, 0.3606741656172345, 0.39435844555217314, 0.4012281526367537, 0.4138605785175212], [0.0, 0.0, 0.18170072829134212, 0.2062070968634209, 0.2489751082761654, 0.278865665584308, 0.3078498457768511, 0.3448343192969861, 0.35070510484261974, 0.363642317213512], [0.0, 0.0, 0.0, 0.199597291524544, 0.232390090577942, 0.25570028562965874, 0.2813289590893498, 0.31460736136170536, 0.3240391481018736, 0.333151499011023], [0.0, 0.0, 0.0, 0.0, 0.22850641995717208, 0.25166458856182994, 0.271302681502118, 0.2967339372435791, 0.3072895024454838, 0.31395166819915665], [0.0, 0.0, 0.0, 0.0, 0.0, 0.25828275959775715, 0.27673231480974625, 0.2992552055289386, 0.30970434891465287, 0.3145388399802675], [0.0, 0.0, 0.0, 0.0, 0.0, 0.0, 0.28161367099320483, 0.2985110594553313, 0.3056458613542345, 0.3079425200794953], [0.0, 0.0, 0.0, 0.0, 0.0, 0.0, 0.0, 0.29967527132592714, 0.3045747495667015, 0.30803522077757406], [0.0, 0.0, 0.0, 0.0, 0.0, 0.0, 0.0, 0.0, 0.3136601284600527, 0.3157226300367274], [0.0, 0.0, 0.0, 0.0, 0.0, 0.0, 0.0, 0.0, 0.0, 0.32616935517848245]], "vgg.features.6": [[0.042805845957013165, 0.25311889405924326, 0.3359150662508387, 0.3836788395911202, 0.4344760507648422, 0.5315067862473852, 0.489389670705001, 0.5428933459551369, 0.5207609265648273, 0.5359911347011967], [0.0, 0.14811129216569358, 0.21859855639670991, 0.27091388462027444, 0.3136668571269149, 0.4136231525997341, 0.37580565338675515, 0.4339459670232155, 0.42375477397478295, 0.43975428858732385], [0.0, 0.0, 0.2193622250491421, 0.26007949856025353, 0.2965147400574913, 0.3897060156232945, 0.3498787410461839, 0.4051099678625314, 0.39435071184795767, 0.40854690710988123], [0.0, 0.0, 0.0, 0.24957862117308552, 0.2835658688328107, 0.3748439945164532, 0.3375035242832739, 0.3916851278308689, 0.3857521884746302, 0.4005218959835039], [0.0, 0.0, 0.0, 0.0, 0.2836482758405144, 0.3714083729148666, 0.3327726323632434, 0.38483338055158745, 0.3756667484386082, 0.39016546473970437], [0.0, 0.0, 0.0, 0.0, 0.0, 0.3827732710122874, 0.3428557232998778, 0.39020606958192244, 0.3807253808097099, 0.3967772378077185], [0.0, 0.0, 0.0, 0.0, 0.0, 0.0, 0.35448188243101564, 0.39795448613855533, 0.3884109111539217, 0.4013887022591838], [0.0, 0.0, 0.0, 0.0, 0.0, 0.0, 0.0, 0.4047909756206617, 0.39461663606547004, 0.4076666899960264], [0.0, 0.0, 0.0, 0.0, 0.0, 0.0, 0.0, 0.0, 0.3996511775930779, 0.41182581426509707], [0.0, 0.0, 0.0, 0.0, 0.0, 0.0, 0.0, 0.0, 0.0, 0.41353690652993735]], "vgg.features.8": [[0.05777660402109283, 0.3278661232517697, 0.4881355481199015, 0.5434440826125972, 0.6737508499423708, 0.865388029468633, 0.8039715196835879, 0.9029716526466589, 0.8796631076652721, 0.9120617916583549], [0.0, 0.19772296449471138, 0.3354822966614999, 0.4028216049527278, 0.5408812604376914, 0.7762548629503762, 0.7084139492108036, 0.8123494056985664, 0.7904039254171682, 0.819039230448109], [0.0, 0.0, 0.32868438295571933, 0.38573417053189607, 0.5173855958665914, 0.7513165852974895, 0.6849985452245891, 0.7850208132606332, 0.7595255085415347, 0.786467750081709], [0.0, 0.0, 0.0, 0.39052314447063097, 0.5136391382432829, 0.7522422891800801, 0.6865172871988438, 0.7802393942423905, 0.7594934902656368, 0.7841209379521723], [0.0, 0.0, 0.0, 0.0, 0.5141544518946792, 0.7523490558802339, 0.6852513826196526, 0.7759926184056812, 0.7534058891986758, 0.7773235497992282], [0.0, 0.0, 0.0, 0.0, 0.0, 0.7598600059146311, 0.6912780587535123, 0.780344337334596, 0.7609575568090414, 0.7867066434535465], [0.0, 0.0, 0.0, 0.0, 0.0, 0.0, 0.6968681606441086, 0.7837247774818559, 0.7645854878210978, 0.7897563473748704], [0.0, 0.0, 0.0, 0.0, 0.0, 0.0, 0.0, 0.7787993853635131, 0.7598077486660104, 0.7836183398780613], [0.0, 0.0, 0.0, 0.0, 0.0, 0.0, 0.0, 0.0, 0.756026033768191, 0.7804338565808359], [0.0, 0.0, 0.0, 0.0, 0.0, 0.0, 0.0, 0.0, 0.0, 0.7769465318766509]], "vgg.features.11": [[0.07661416906741919, 0.4361488468576244, 0.6796424541579529, 0.8761558259932056, 0.995941875035699, 1.1970634281188455, 1.2026216563213592, 1.2502520169686882, 1.2649368533982117, 1.2822701592656185], [0.0, 0.3498563208507995, 0.5636132882219557, 0.7693800052255447, 0.9048078949391037, 1.136871037459248, 1.12713842935953, 1.1884402581907145, 1.2060573287835015, 1.2235981017836788], [0.0, 0.0, 0.5681814392316368, 0.7606374909575329, 0.8943864135107075, 1.1174656644350225, 1.1073401395684073, 1.1745695965723522, 1.188461727029766, 1.2088071957513231], [0.0, 0.0, 0.0, 0.7580929115689257, 0.8872588693854306, 1.1077645989013725, 1.096024268784485, 1.1648210100709027, 1.1762702388984256, 1.1961537194885863], [0.0, 0.0, 0.0, 0.0, 0.8823517428557113, 1.1007573543487914, 1.088351015763924, 1.1575825249338252, 1.1688328355234328, 1.1902832752963566], [0.0, 0.0, 0.0, 0.0, 0.0, 1.096668206873045, 1.085584436499247, 1.1542591521875252, 1.1645806965387284, 1.1868873506331472], [0.0, 0.0, 0.0, 0.0, 0.0, 0.0, 1.0875734766303218, 1.1556863805653155, 1.1658909562574635, 1.1867906210337833], [0.0, 0.0, 0.0, 0.0, 0.0, 0.0, 0.0, 1.1556165616435994, 1.164961179083576, 1.1860756305024809], [0.0, 0.0, 0.0, 0.0, 0.0, 0.0, 0.0, 0.0, 1.1631938583537211, 1.1851231536498998], [0.0, 0.0, 0.0, 0.0, 0.0, 0.0, 0.0, 0.0, 0.0, 1.180363140100924]], "vgg.features.13": [[0.1244516649908789, 0.756810836111288, 1.1570107252748316, 1.1922145935318398, 1.3138560124968373, 1.32284413174883, 1.3326881193119413, 1.3641623151059619, 1.3480610893438398, 1.3474297575255139], [0.0, 0.5397359708641041, 0.9928731807690991, 1.0482899651664879, 1.2087394148521138, 1.277442245883096, 1.2550837732227846, 1.2928009219263061, 1.2906829922760064, 1.3094672223192527], [0.0, 0.0, 0.9777979139726879, 1.0242422236027995, 1.1715065967421934, 1.2684870426851607, 1.2396252891275796, 1.2793775414002777, 1.2774410105655223, 1.2891875638167436], [0.0, 0.0, 0.0, 1.0180546902652905, 1.160702556111213, 1.2607329291651048, 1.2300255778071418, 1.2726916820255745, 1.267427278763557, 1.279575424052911], [0.0, 0.0, 0.0, 0.0, 1.1532229050258966, 1.255971906834562, 1.2260947736629964, 1.269183084699343, 1.2647291898213044, 1.275835941458768], [0.0, 0.0, 0.0, 0.0, 0.0, 1.2544792930365924, 1.2257082601345257, 1.2690672142085753, 1.2649440400793437, 1.2772287621664666], [0.0, 0.0, 0.0, 0.0, 0.0, 0.0, 1.2229641775933655, 1.2675190442877775, 1.262518631101625, 1.2758727559699108], [0.0, 0.0, 0.0, 0.0, 0.0, 0.0, 0.0, 1.26611832543943, 1.2626422883112356, 1.2739584224745528], [0.0, 0.0, 0.0, 0.0, 0.0, 0.0, 0.0, 0.0, 1.2615614384748532, 1.2722843195844833], [0.0, 0.0, 0.0, 0.0, 0.0, 0.0, 0.0, 0.0, 0.0, 1.2695617000710067]]}