{"vgg.features.3": [[0.027152081660324425, 0.02918784102125029, 0.03290707662154512, 0.040035781183488134, 0.04658071430833378, 0.054896742615469084, 0.06437354770051357, 0.07907769464557671, 0.08671806398731902, 0.0943181335992752], [0.0, 0.2624393557698949, 0.2607463057966528, 0.25942168966621854, 0.2586463429036801, 0.2577487890158879, 0.2576767591005963, 0.25971383421666316, 0.2589928765879995, 0.2597365792102806], [0.0, 0.0, 0.31661344579222117, 0.3147839203424514, 0.31323163205248744, 0.3118304379681265, 0.31106465708654074, 0.3119497023960762, 0.3103079792181673, 0.31043366328199207], [0.0, 0.0, 0.0, 0.3521140229492333, 0.3501066977310641, 0.34848123266667874, 0.34735484312156917, 0.3474947175618427, 0.3455290679912359, 0.34516917782107004], [0.0, 0.0, 0.0, 0.0, 0.3807728619601779, 0.3791369742551791, 0.3779018004296944, 0.37751989098190863, 0.37533238227385596, 0.37467299245630764], [0.0, 0.0, 0.0, 0.0, 0.0, 0.4038690148285744, 0.40249963228184704, 0.4015373399734621, 0.3992101186791554, 0.39828964429375874], [0.0, 0.0, 0.0, 0.0, 0.0, 0.0, 0.4306871841117801, 0.42917364237924566, 0.4264315595006755, 0.4252853571088017], [0.0, 0.0, 0.0, 0.0, 0.0, 0.0, 0.0, 0.4504799982763053, 0.44766748152781355, 0.4462672509208114], [0.0, 0.0, 0.0, 0.0, 0.0, 0.0, 0.0, 0.0, 0.4610740332971339, 0.4595016833952933], [0.0, 0.0, 0.0, 0.0, 0.0, 0.0, 0.0, 0.0, 0.0, 0.4720580063583303]], "vgg.features.6": [[0.03598929726000756, 0.042449968036338076, 0.0539168493577854, 0.08510439747039004, 0.09476579421055867, 0.10562516628484907, 0.11580435009249912, 0.13656958023314233, 0.14639476790430037, 0.15425805030492182], [0.0, 0.28984560412530047, 0.2882907685372179, 0.2907663934827703, 0.29044187983755443, 0.2905022327463854, 0.29173948780027653, 0.29513511495870093, 0.29602010215753793, 0.2970330950148825], [0.0, 0.0, 0.34442519059321125, 0.34444125400193915, 0.3438671142114897, 0.34309029631966165, 0.34328231263487996, 0.3452722164374694, 0.34545373917486366, 0.3461242800532694], [0.0, 0.0, 0.0, 0.3827468089566225, 0.38162999654520985, 0.38045565795339864, 0.37993638951037445, 0.38095774152937534, 0.38072442319021066, 0.3811011928780205], [0.0, 0.0, 0.0, 0.0, 0.4114116988729794, 0.41043001068318175, 0.4099463361909334, 0.41026012825015934, 0.4096227391611214, 0.40969352323448954], [0.0, 0.0, 0.0, 0.0, 0.0, 0.43463558802094904, 0.43397959782296297, 0.433411106321783, 0.43253231560669064, 0.43233561607697746], [0.0, 0.0, 0.0, 0.0, 0.0, 0.0, 0.4606668654328629, 0.4593981879772034, 0.45811519727706096, 0.45769290635372706], [0.0, 0.0, 0.0, 0.0, 0.0, 0.0, 0.0, 0.4800279326525854, 0.4785848752250172, 0.4779865727583867], [0.0, 0.0, 0.0, 0.0, 0.0, 0.0, 0.0, 0.0, 0.49294546410624274, 0.4921284040095923], [0.0, 0.0, 0.0, 0.0, 0.0, 0.0, 0.0, 0.0, 0.0, 0.5053550930293439]], "vgg.features.8": [[0.05640554684583434, 0.06661753148844114, 0.089564658978606, 0.14566687469555173, 0.16962420958600793, 0.19032737067607097, 0.2017974496175147, 0.2283724188477996, 0.24328885160241848, 0.2551212218107617], [0.0, 0.34705986179247444, 0.3483258475136297, 0.3574443883648735, 0.361896209741118, 0.3656395313211146, 0.3676852001907236, 0.3760166415027932, 0.3804935367014418, 0.38400549765791525], [0.0, 0.0, 0.4099159764905494, 0.41631525206515524, 0.42005983720334034, 0.42254081756326184, 0.4238512655638727, 0.42993361177339084, 0.4333950683704599, 0.4365705342842008], [0.0, 0.0, 0.0, 0.4587768947559003, 0.4618424271805729, 0.46352660003089996, 0.4641814011499393, 0.46948734821517846, 0.4720502725896409, 0.4747154223346931], [0.0, 0.0, 0.0, 0.0, 0.49082726192092235, 0.4924185889306866, 0.4929702766168826, 0.49709439908483133, 0.4989859578729309, 0.5014683210378195], [0.0, 0.0, 0.0, 0.0, 0.0, 0.5188196971896276, 0.5191459623862138, 0.5224567247874601, 0.5238879360143998, 0.5260981059138456], [0.0, 0.0, 0.0, 0.0, 0.0, 0.0, 0.5435206931402918, 0.546020256971744, 0.546915348579353, 0.5486514267573501], [0.0, 0.0, 0.0, 0.0, 0.0, 0.0, 0.0, 0.5653903355537047, 0.566217982019811, 0.5677852659365029], [0.0, 0.0, 0.0, 0.0, 0.0, 0.0, 0.0, 0.0, 0.5793066564047382, 0.5806136304029578], [0.0, 0.0, 0.0, 0.0, 0.0, 0.0, 0.0, 0.0, 0.0, 0.5935382890749907]], "vgg.features.11": [[0.06800089560369503, 0.0821218711337211, 0.1030654336189972, 0.1385076335833883, 0.164577725126733, 0.1803127351867143, 0.19507678263001665, 0.23034105347270167, 0.24647068894171675, 0.25486506993712305], [0.0, 0.3649687914773274, 0.36541608203069537, 0.36875953514885235, 0.370227110469275, 0.37080308168297244, 0.3750937820492169, 0.3838208999276996, 0.38825073864786586, 0.38832252811410806], [0.0, 0.0, 0.4270667549349655, 0.42789502118138273, 0.42801092449689454, 0.4282670425072685, 0.4312014293838555, 0.43642348504001865, 0.4389713306097289, 0.43890330763235], [0.0, 0.0, 0.0, 0.46822116100382377, 0.4671215113309326, 0.46721177360480454, 0.4689090594347541, 0.4722684771888625, 0.4738604504036099, 0.4736132598392804], [0.0, 0.0, 0.0, 0.0, 0.49241531088181906, 0.4923018276101714, 0.4936211642276899, 0.4960427098836293, 0.49698127093805217, 0.4967483151449489], [0.0, 0.0, 0.0, 0.0, 0.0, 0.5158443029083312, 0.516923186942855, 0.5186938279756759, 0.5191826030069407, 0.5190760383540398], [0.0, 0.0, 0.0, 0.0, 0.0, 0.0, 0.5421239110605227, 0.5429754040630071, 0.5429372188373994, 0.5427448716088502], [0.0, 0.0, 0.0, 0.0, 0.0, 0.0, 0.0, 0.559672035778248, 0.5594239840286664, 0.5591548226378704], [0.0, 0.0, 0.0, 0.0, 0.0, 0.0, 0.0, 0.0, 0.5709408779069863, 0.5704943694094474], [0.0, 0.0, 0.0, 0.0, 0.0, 0.0, 0.0, 0.0, 0.0, 0.5831260651483552]], "vgg.features.13": [[0.10494341865435466, 0.12990712054271492, 0.1767678677785111, 0.2348318007452143, 0.2614712997528677, 0.27877137472865454, 0.29898535415643657, 0.331208700780256, 0.3501376284547723, 0.3545929711980975], [0.0, 0.4840101149961545, 0.4885563859999662, 0.49834411441449206, 0.5004802059860596, 0.5045565757970892, 0.5096111244915815, 0.5145898470411836, 0.5188085179525309, 0.5167944852661771], [0.0, 0.0, 0.5591495416031116, 0.5642227467283761, 0.5639585296635422, 0.5666772585806901, 0.569813693061096, 0.5715837813850815, 0.5739441812381104, 0.571908185931039], [0.0, 0.0, 0.0, 0.6079251353679335, 0.60680668616329, 0.6090125119863445, 0.6112498128234926, 0.6116174863794379, 0.6133676531839712, 0.6113009103223821], [0.0, 0.0, 0.0, 0.0, 0.6336801450616075, 0.6355237102777651, 0.6373661848798696, 0.6370346737064119, 0.6382448880337365, 0.6362290706980037], [0.0, 0.0, 0.0, 0.0, 0.0, 0.6585405171774407, 0.6600837280497666, 0.6590384557937987, 0.6599040718405088, 0.6581566696471639], [0.0, 0.0, 0.0, 0.0, 0.0, 0.0, 0.6843815193476048, 0.6824982259933344, 0.6830291454580619, 0.68164907329254], [0.0, 0.0, 0.0, 0.0, 0.0, 0.0, 0.0, 0.6987761091403741, 0.69929677410949, 0.6980018791843532], [0.0, 0.0, 0.0, 0.0, 0.0, 0.0, 0.0, 0.0, 0.7114428333287086, 0.7100574233000687], [0.0, 0.0, 0.0, 0.0, 0.0, 0.0, 0.0, 0.0, 0.0, 0.7230228349502583]]}