{"vgg.features.3": [[0.03654655014774952, 0.3178253127752865, 0.40859064454542593, 0.4565785426880729, 0.508392993326784, 0.5416103095833681, 0.5782076974953135, 0.6008758008756316, 0.6145222998249668, 0.6289829259329938], [0.0, 0.13258516971588663, 0.22917613992723523, 0.2812956266679679, 0.3451219639420903, 0.3818650278864339, 0.42204155678641286, 0.44914409148610723, 0.46406089682964935, 0.48292239810631576], [0.0, 0.0, 0.18099545500947914, 0.2288350681399139, 0.286051070529228, 0.3221389131271162, 0.3610720725068868, 0.38891148178864443, 0.40201533084969965, 0.4213416867639545], [0.0, 0.0, 0.0, 0.2145270570263667, 0.26518344445920916, 0.297812482328487, 0.33531490660622837, 0.3614194740809008, 0.37439683361680726, 0.3925117407085815], [0.0, 0.0, 0.0, 0.0, 0.2591508553553649, 0.28746214686414906, 0.3231313000015381, 0.34740841844021786, 0.3592907518215037, 0.3775185973925013], [0.0, 0.0, 0.0, 0.0, 0.0, 0.28428742286010894, 0.316788565936267, 0.3388637049294489, 0.3509754107087843, 0.3681796863733155], [0.0, 0.0, 0.0, 0.0, 0.0, 0.0, 0.31394791113883674, 0.3328067930346088, 0.34358872278173574, 0.36012030950245955], [0.0, 0.0, 0.0, 0.0, 0.0, 0.0, 0.0, 0.33092264338667193, 0.3414527244521062, 0.35720717642025046], [0.0, 0.0, 0.0, 0.0, 0.0, 0.0, 0.0, 0.0, 0.3404691555009181, 0.3555427940991053], [0.0, 0.0, 0.0, 0.0, 0.0, 0.0, 0.0, 0.0, 0.0, 0.3578186450229385]], "vgg.features.6": [[0.04922943673264988, 0.35002605700824596, 0.4433578627805257, 0.49119195629729473, 0.5449623177884445, 0.5902706979353848, 0.614721378336748, 0.6457899929029174, 0.6454061186768172, 0.6577335346298078], [0.0, 0.17009492862574432, 0.271907723723418, 0.3260450124839404, 0.3873900156083687, 0.4343878061311023, 0.4626327415731851, 0.49874289413199663, 0.500971011481996, 0.5163308211022036], [0.0, 0.0, 0.24237589130313533, 0.28823646583177837, 0.3451705870952982, 0.39266114984889416, 0.41969488257792026, 0.45504642343992513, 0.4555373854509678, 0.4712174859071619], [0.0, 0.0, 0.0, 0.27704370411938395, 0.3278934242419168, 0.3722968914554755, 0.39844529600938783, 0.4322987700391173, 0.43272424086190125, 0.44783558173426835], [0.0, 0.0, 0.0, 0.0, 0.32728118650716986, 0.36888402951474236, 0.3934555872603716, 0.42489064345641375, 0.42507351772462826, 0.4397768989525121], [0.0, 0.0, 0.0, 0.0, 0.0, 0.36864591764140436, 0.3920115521728721, 0.4218299343238683, 0.42333590115426306, 0.4374584712966079], [0.0, 0.0, 0.0, 0.0, 0.0, 0.0, 0.39357621487351635, 0.4207354441961514, 0.4228460924583148, 0.436583079964463], [0.0, 0.0, 0.0, 0.0, 0.0, 0.0, 0.0, 0.42199164383393084, 0.42394937038264013, 0.43780192702762505], [0.0, 0.0, 0.0, 0.0, 0.0, 0.0, 0.0, 0.0, 0.4289147358309981, 0.442278131333189], [0.0, 0.0, 0.0, 0.0, 0.0, 0.0, 0.0, 0.0, 0.0, 0.44545189742342634]], "vgg.features.8": [[0.06894869778477308, 0.4091666309439512, 0.514931135863077, 0.5729927900809898, 0.6376424810418947, 0.7041277435147802, 0.7285291109565339, 0.7720735558270015, 0.7756500795745104, 0.7988222785330245], [0.0, 0.23541923763617187, 0.3500980088541672, 0.4144769789418167, 0.48535066623261114, 0.5566635152871506, 0.58532220445411, 0.6360537971675351, 0.6418899328864933, 0.6682146447054313], [0.0, 0.0, 0.33143865767841335, 0.38645568321150525, 0.4521340352548079, 0.5237211024578485, 0.5502664478474956, 0.6014577208007981, 0.6056447628471422, 0.6322924887648405], [0.0, 0.0, 0.0, 0.3813840982974844, 0.43982099790718193, 0.5100935323172884, 0.5347421156729778, 0.5844656678033359, 0.5880435970912202, 0.6145440089325038], [0.0, 0.0, 0.0, 0.0, 0.44413047238551656, 0.5105889411814637, 0.5345900492070813, 0.5824242519012648, 0.5844646955541669, 0.6094688339991359], [0.0, 0.0, 0.0, 0.0, 0.0, 0.5140029152010898, 0.536869876665309, 0.5833064880418276, 0.5857647210575799, 0.6099273553093919], [0.0, 0.0, 0.0, 0.0, 0.0, 0.0, 0.5405479686795538, 0.585023395325203, 0.5877040849531869, 0.6111078211461825], [0.0, 0.0, 0.0, 0.0, 0.0, 0.0, 0.0, 0.5867957191725213, 0.5893611025894665, 0.6126838019995234], [0.0, 0.0, 0.0, 0.0, 0.0, 0.0, 0.0, 0.0, 0.5911554247734437, 0.6140457717386146], [0.0, 0.0, 0.0, 0.0, 0.0, 0.0, 0.0, 0.0, 0.0, 0.616185867398607]], "vgg.features.11": [[0.09244586678443144, 0.4434985948683271, 0.584890080172701, 0.6676809344821446, 0.7682623980517518, 0.8875600447514324, 0.8996417632153749, 0.9744178569374347, 0.9664394924607558, 1.005121072170052], [0.0, 0.328334182441666, 0.46694702906307844, 0.5570643180811611, 0.6625777063149586, 0.7906012676060735, 0.8071702954759656, 0.886793086886982, 0.8820742942274032, 0.9240507540366613], [0.0, 0.0, 0.46346993909090023, 0.5471061479871411, 0.648052809785606, 0.7743432666273327, 0.7901568035977875, 0.869187783604196, 0.8636885458676572, 0.9056859133403959], [0.0, 0.0, 0.0, 0.5526376667619458, 0.6476063605276723, 0.768810437446161, 0.7844457137734423, 0.8616549898242485, 0.8558292440195063, 0.897857467904063], [0.0, 0.0, 0.0, 0.0, 0.6493953124808567, 0.7695021821425742, 0.7838355869035073, 0.8600368337633743, 0.8538407437215528, 0.8951015483063867], [0.0, 0.0, 0.0, 0.0, 0.0, 0.7707416648876949, 0.7844360107050816, 0.8596633533069037, 0.853642811403128, 0.8946716304195397], [0.0, 0.0, 0.0, 0.0, 0.0, 0.0, 0.7889331181396679, 0.8631344261300851, 0.8571831233889708, 0.897208808274306], [0.0, 0.0, 0.0, 0.0, 0.0, 0.0, 0.0, 0.8650992456440063, 0.8595220475707751, 0.8992488050257461], [0.0, 0.0, 0.0, 0.0, 0.0, 0.0, 0.0, 0.0, 0.860337701815285, 0.9001345004629253], [0.0, 0.0, 0.0, 0.0, 0.0, 0.0, 0.0, 0.0, 0.0, 0.9001058166420043]], "vgg.features.13": [[0.14071733318903407, 0.6025452055140513, 0.7914705903688332, 0.9326126692465513, 1.0494383700235963, 1.1651505069669088, 1.188221532849431, 1.2462240585038473, 1.250207788636007, 1.277335995389386], [0.0, 0.49138955846868426, 0.6880139609723743, 0.8407488060285999, 0.9776477945125797, 1.1118689813473215, 1.1371451427195858, 1.2053222481446149, 1.2135696959023368, 1.2426143705553379], [0.0, 0.0, 0.6872219222248526, 0.8321592962448933, 0.9664485468409206, 1.1016338613261423, 1.1262983263605537, 1.1946052347370715, 1.203366783223212, 1.2332039125584664], [0.0, 0.0, 0.0, 0.8359325530811008, 0.9665413328663951, 1.0995540622916864, 1.123733000402636, 1.1911351162160446, 1.1998470133785382, 1.2304567609493946], [0.0, 0.0, 0.0, 0.0, 0.967921701688544, 1.0991629494613546, 1.123334373180182, 1.1893128596777922, 1.198899063219817, 1.229451200609788], [0.0, 0.0, 0.0, 0.0, 0.0, 1.1004114145892652, 1.12405981127318, 1.1894447667339427, 1.1984885140728652, 1.22920921174587], [0.0, 0.0, 0.0, 0.0, 0.0, 0.0, 1.1238847628121835, 1.1889741014199733, 1.1990724063542455, 1.2288012531732015], [0.0, 0.0, 0.0, 0.0, 0.0, 0.0, 0.0, 1.1908183629745728, 1.2007127810788432, 1.2301845677586256], [0.0, 0.0, 0.0, 0.0, 0.0, 0.0, 0.0, 0.0, 1.2024428383654713, 1.2318080433693637], [0.0, 0.0, 0.0, 0.0, 0.0, 0.0, 0.0, 0.0, 0.0, 1.2324727171505931]]}