{"vgg.features.3": [[0.03752986512653236, 0.250370303768467, 0.3387048285291055, 0.365205468568326, 0.4142519662422704, 0.4531338467812579, 0.47753899430765934, 0.4994652980836895, 0.5064325307166524, 0.516645833585671], [0.0, 0.1273497180627241, 0.2229412074143068, 0.2579374896734514, 0.30747601063566454, 0.3421162037835642, 0.37308674724097174, 0.4022315092704948, 0.40963434479497696, 0.4225062269574015], [0.0, 0.0, 0.18451721832098897, 0.2147772493827609, 0.2581414523779683, 0.29083725752106826, 0.31774079450242737, 0.34978756381727494, 0.35660115348162985, 0.3696299460153333], [0.0, 0.0, 0.0, 0.20739493755516528, 0.24088981172398732, 0.26737658588350915, 0.29090922758756116, 0.319661839094102, 0.32973425284426255, 0.3390628782822381], [0.0, 0.0, 0.0, 0.0, 0.23881852877880178, 0.2655045631173708, 0.2832183583257443, 0.3041552707104173, 0.31514926847156666, 0.32206760463121353], [0.0, 0.0, 0.0, 0.0, 0.0, 0.27286382356621003, 0.2890030514704052, 0.3062884134650283, 0.3172557379858168, 0.32234503738195075], [0.0, 0.0, 0.0, 0.0, 0.0, 0.0, 0.29533096970380435, 0.3074654927131716, 0.3151238358155212, 0.3177705088923156], [0.0, 0.0, 0.0, 0.0, 0.0, 0.0, 0.0, 0.3100867840392868, 0.3157581110673692, 0.31925588133981525], [0.0, 0.0, 0.0, 0.0, 0.0, 0.0, 0.0, 0.0, 0.32571401680645057, 0.32778451185974716], [0.0, 0.0, 0.0, 0.0, 0.0, 0.0, 0.0, 0.0, 0.0, 0.3384467777818636]], "vgg.features.6": [[0.04157919983250143, 0.253019221860249, 0.33595852763474054, 0.3863665891855652, 0.43876867820414056, 0.5360779910977804, 0.49370681870255967, 0.5442278238484447, 0.5280940929919437, 0.5406843911585212], [0.0, 0.14816207716979682, 0.2204967338428231, 0.27606542157356995, 0.32115877994370523, 0.4210246633312487, 0.3821338375455876, 0.4365564389799158, 0.43060862800134836, 0.4443656518673462], [0.0, 0.0, 0.21977615620025692, 0.26450810628701965, 0.30251398132839996, 0.39601757626791145, 0.3556641936205613, 0.4066731831441923, 0.3999318691591897, 0.41238042279017356], [0.0, 0.0, 0.0, 0.25585709383040367, 0.2909029709556468, 0.38171366320887984, 0.34424643821103257, 0.39392490410028075, 0.39129355916956593, 0.4041018883782531], [0.0, 0.0, 0.0, 0.0, 0.2940745077033866, 0.3809335683770272, 0.34335707463707393, 0.3889513746292452, 0.3828248015946707, 0.39536087595417224], [0.0, 0.0, 0.0, 0.0, 0.0, 0.3933308059733846, 0.3551493009468445, 0.39554861468362706, 0.3879742687595416, 0.4020539766449996], [0.0, 0.0, 0.0, 0.0, 0.0, 0.0, 0.36815894864098375, 0.4042325791605806, 0.39576469179337165, 0.4066579556126491], [0.0, 0.0, 0.0, 0.0, 0.0, 0.0, 0.0, 0.41220249277286847, 0.40310198854819235, 0.4137890166125429], [0.0, 0.0, 0.0, 0.0, 0.0, 0.0, 0.0, 0.0, 0.40925248250378804, 0.4190397061293517], [0.0, 0.0, 0.0, 0.0, 0.0, 0.0, 0.0, 0.0, 0.0, 0.4211182560408663]], "vgg.features.8": [[0.05662146159074857, 0.3302465081074669, 0.48546965762231203, 0.5464792820236648, 0.6770396172391157, 0.8684168653928236, 0.8045291157588365, 0.9009187149341532, 0.8818662598204761, 0.9059060600055275], [0.0, 0.2008192118362671, 0.335822010579628, 0.40754897797499195, 0.548715823153145, 0.7821731135477251, 0.710157496631992, 0.8115367375447733, 0.792402374528786, 0.8115505183614034], [0.0, 0.0, 0.3277655710197806, 0.38980978269506633, 0.5242418134741238, 0.7559715117162441, 0.6848539881144133, 0.7818010070567619, 0.7584564437065836, 0.7766850656734391], [0.0, 0.0, 0.0, 0.3942290871692706, 0.5194092108189401, 0.7543494543350371, 0.683465022034604, 0.7733058949843127, 0.7542149267775168, 0.769957506780324], [0.0, 0.0, 0.0, 0.0, 0.5216839099295302, 0.7547317831772453, 0.6831739515238043, 0.7690845160978218, 0.7473455322632541, 0.7626079804205315], [0.0, 0.0, 0.0, 0.0, 0.0, 0.7616171970050034, 0.6888420387623297, 0.7724109495278125, 0.7534014330719713, 0.7705988690672311], [0.0, 0.0, 0.0, 0.0, 0.0, 0.0, 0.6952638620243101, 0.775888848953458, 0.7566172711437656, 0.7732676985409055], [0.0, 0.0, 0.0, 0.0, 0.0, 0.0, 0.0, 0.7710820098479969, 0.7523113596116824, 0.7674872690178681], [0.0, 0.0, 0.0, 0.0, 0.0, 0.0, 0.0, 0.0, 0.7487953839860751, 0.7644782884433257], [0.0, 0.0, 0.0, 0.0, 0.0, 0.0, 0.0, 0.0, 0.0, 0.7623912272261287]], "vgg.features.11": [[0.0759599539413679, 0.4401996062062136, 0.6849402018237242, 0.8793007874130753, 1.000582816465059, 1.1941879977668228, 1.1957928061573795, 1.239580370393054, 1.2567359058046754, 1.2715799069982607], [0.0, 0.3516448430310616, 0.566816417089138, 0.766596226598599, 0.9050963742076877, 1.1250089685802582, 1.1099102963942402, 1.1691199121857234, 1.1881450161946099, 1.2036044297551611], [0.0, 0.0, 0.5701845965270566, 0.7589178308709594, 0.89625366511097, 1.1059197274506907, 1.0893697259758126, 1.1553974250776806, 1.1697750946286158, 1.1887282851870486], [0.0, 0.0, 0.0, 0.7538167815974438, 0.8868689461923467, 1.0941114306302728, 1.075211372489788, 1.1429028352706536, 1.1548298745655914, 1.1733047627838737], [0.0, 0.0, 0.0, 0.0, 0.8834750903772602, 1.088504842301024, 1.0689549547882096, 1.1372566693680257, 1.1479765845094072, 1.1680150353759546], [0.0, 0.0, 0.0, 0.0, 0.0, 1.0846415445832902, 1.0658922060714109, 1.1337749666697743, 1.1433603851591234, 1.16415713613511], [0.0, 0.0, 0.0, 0.0, 0.0, 0.0, 1.0693138961482647, 1.1369525454141443, 1.1458146977661428, 1.1651944625114485], [0.0, 0.0, 0.0, 0.0, 0.0, 0.0, 0.0, 1.136816569574278, 1.1454328916045209, 1.1645799430404897], [0.0, 0.0, 0.0, 0.0, 0.0, 0.0, 0.0, 0.0, 1.1437685314018369, 1.1638987449964768], [0.0, 0.0, 0.0, 0.0, 0.0, 0.0, 0.0, 0.0, 0.0, 1.159892570814299]], "vgg.features.13": [[0.12194141113987178, 0.7505127341738883, 1.1453978640611868, 1.189156994344454, 1.3128375472269858, 1.3146291542942135, 1.3236622208378006, 1.3560436547164325, 1.3406475231310657, 1.346659330721806], [0.0, 0.531135212104182, 0.9833876955171907, 1.0363163373383932, 1.206912063118257, 1.2643765190224387, 1.2415920857549427, 1.281232486400892, 1.2789854329575505, 1.299598845964228], [0.0, 0.0, 0.9668537678692605, 1.0147028133450389, 1.1689203244353912, 1.2520645784169138, 1.2222984003599082, 1.2644094676969626, 1.2632764599230963, 1.2773943047512488], [0.0, 0.0, 0.0, 1.005565315603155, 1.1568772281173036, 1.2432172901603595, 1.210635670577778, 1.25525448661114, 1.2525846140110417, 1.2656171923104729], [0.0, 0.0, 0.0, 0.0, 1.1494640869701942, 1.2380971868791137, 1.2059710411007216, 1.2517885058171145, 1.2499666827387275, 1.2614448250989447], [0.0, 0.0, 0.0, 0.0, 0.0, 1.236377473151228, 1.2048383050954352, 1.2522556660726492, 1.2504497784821405, 1.2628980861483146], [0.0, 0.0, 0.0, 0.0, 0.0, 0.0, 1.202132938109744, 1.2514367459018196, 1.2483120878064289, 1.2616003433154415], [0.0, 0.0, 0.0, 0.0, 0.0, 0.0, 0.0, 1.2504494748180912, 1.2490377405815996, 1.2601771935950286], [0.0, 0.0, 0.0, 0.0, 0.0, 0.0, 0.0, 0.0, 1.2484848566650608, 1.2583412409054164], [0.0, 0.0, 0.0, 0.0, 0.0, 0.0, 0.0, 0.0, 0.0, 1.2555490643042289]]}