{"vgg.features.3": [[0.03793649684035801, 0.2472606008604113, 0.3347119621855696, 0.3570626690266492, 0.40593265551439767, 0.4420010663846208, 0.46937350106635967, 0.49448445453537576, 0.49919324153188804, 0.510352254697485], [0.0, 0.12843295888799644, 0.22657994812346222, 0.2579184270263865, 0.30494056457021645, 0.3354431143045167, 0.3697054080803681, 0.4031338480561828, 0.4080396659223017, 0.4211571770843652], [0.0, 0.0, 0.18768801238421484, 0.2152931356853674, 0.25952553284606295, 0.2901790982573228, 0.32076214001429754, 0.3572322316967749, 0.3613133501523782, 0.37453291023335145], [0.0, 0.0, 0.0, 0.2086472265437682, 0.24441877962599975, 0.2690630391158952, 0.29562314970266956, 0.327890032745905, 0.33510278502787977, 0.3446704489245721], [0.0, 0.0, 0.0, 0.0, 0.24270433409980807, 0.26797226113920897, 0.28828419499271657, 0.3126359719240157, 0.3224574648368987, 0.32999429144664755], [0.0, 0.0, 0.0, 0.0, 0.0, 0.2744036423971567, 0.2937178634062319, 0.3159045022051838, 0.32665019774289106, 0.33297429554543945], [0.0, 0.0, 0.0, 0.0, 0.0, 0.0, 0.29751629590720957, 0.31454351083206333, 0.3228906993866983, 0.32715646262891224], [0.0, 0.0, 0.0, 0.0, 0.0, 0.0, 0.0, 0.3151928740646743, 0.322292720122307, 0.3277521400005381], [0.0, 0.0, 0.0, 0.0, 0.0, 0.0, 0.0, 0.0, 0.33181471037224713, 0.33578723248155], [0.0, 0.0, 0.0, 0.0, 0.0, 0.0, 0.0, 0.0, 0.0, 0.3455391294036958]], "vgg.features.6": [[0.043190589463683364, 0.25676720871230485, 0.3417201842233887, 0.38495273412212627, 0.43958007850100506, 0.5361530242777693, 0.5001974338237121, 0.549042367596289, 0.5248585389541055, 0.5419779525193341], [0.0, 0.14910953185061282, 0.2245000837836359, 0.27325181132520304, 0.31976089171789884, 0.41718249950619607, 0.3872487456843619, 0.43955670654563817, 0.42664084011270964, 0.443449671103563], [0.0, 0.0, 0.22187647194593033, 0.26097787539918615, 0.30115557956266586, 0.3924845728014534, 0.36167761018021766, 0.41159361186188403, 0.39927547730838736, 0.41421746300994045], [0.0, 0.0, 0.0, 0.25343646323290187, 0.28980151605345195, 0.3782402223797147, 0.35008313054151635, 0.398803952209019, 0.3918020962071574, 0.4073583998791296], [0.0, 0.0, 0.0, 0.0, 0.29111520350146713, 0.37548121836605913, 0.3468039359975726, 0.3934126598604863, 0.38524556824449147, 0.40101306982531043], [0.0, 0.0, 0.0, 0.0, 0.0, 0.3870810586792154, 0.3576288092935028, 0.3998549363260242, 0.3928719196946333, 0.41061538361793354], [0.0, 0.0, 0.0, 0.0, 0.0, 0.0, 0.36922349059883286, 0.4078552771426614, 0.4019429269959267, 0.4177010932750267], [0.0, 0.0, 0.0, 0.0, 0.0, 0.0, 0.0, 0.41399987857903053, 0.40826709921285975, 0.4247657213487422], [0.0, 0.0, 0.0, 0.0, 0.0, 0.0, 0.0, 0.0, 0.41551769283068724, 0.4314359112993297], [0.0, 0.0, 0.0, 0.0, 0.0, 0.0, 0.0, 0.0, 0.0, 0.43466751746106574]], "vgg.features.8": [[0.05772893624534429, 0.33083368909008826, 0.4921658648658127, 0.5408124761938036, 0.6735956640928651, 0.8592853612971793, 0.807799920224118, 0.904967931428282, 0.8839880123823821, 0.91570402202522], [0.0, 0.20066669223774475, 0.333965942511129, 0.3982636660662242, 0.5394454545123434, 0.7623505621382403, 0.7081614836993191, 0.80942497508363, 0.7913118719861796, 0.8213790408971959], [0.0, 0.0, 0.32120766832133707, 0.3792060123016539, 0.5122785464902906, 0.7335045912562427, 0.6827341093205329, 0.7805407498043304, 0.7601711852950336, 0.7889044878060651], [0.0, 0.0, 0.0, 0.38293199350851603, 0.5046083694547107, 0.7281305562279582, 0.678393612518761, 0.7703585707593922, 0.7543608914949399, 0.7819926503408029], [0.0, 0.0, 0.0, 0.0, 0.5037812048239175, 0.726441185269512, 0.6766236250236047, 0.7649576485368819, 0.7487054277201273, 0.7765415121112477], [0.0, 0.0, 0.0, 0.0, 0.0, 0.7307734407345099, 0.6804750790315449, 0.7668461050735287, 0.7544729271814445, 0.7846577056018996], [0.0, 0.0, 0.0, 0.0, 0.0, 0.0, 0.6841607707312697, 0.7677018453783206, 0.7558221313568819, 0.7872754932928069], [0.0, 0.0, 0.0, 0.0, 0.0, 0.0, 0.0, 0.7621938107490281, 0.7515522138882629, 0.7822533774213647], [0.0, 0.0, 0.0, 0.0, 0.0, 0.0, 0.0, 0.0, 0.7478681771155025, 0.7782571058157399], [0.0, 0.0, 0.0, 0.0, 0.0, 0.0, 0.0, 0.0, 0.0, 0.775945207983809]], "vgg.features.11": [[0.07834998542190531, 0.4323110803677454, 0.6753038188161467, 0.8696231570593255, 0.9853316116923464, 1.1843646349063235, 1.1912039133704084, 1.248771480467804, 1.2620086791855878, 1.2772348763461523], [0.0, 0.3435253960332924, 0.548669411510278, 0.759814546611755, 0.8888634766855456, 1.1108864242010608, 1.107552540488663, 1.1824207351662457, 1.2015593830804077, 1.2193057317942362], [0.0, 0.0, 0.5490074182363314, 0.7499833249343651, 0.8766411137406406, 1.0904139880591117, 1.0894151087150372, 1.1697994426722098, 1.185402323466488, 1.206817930722661], [0.0, 0.0, 0.0, 0.7476096864535207, 0.8696656197043505, 1.0798228829607417, 1.078429173572169, 1.1606928740578302, 1.173646735992862, 1.1949550920057492], [0.0, 0.0, 0.0, 0.0, 0.8658822610701432, 1.072967256792555, 1.0716909302060926, 1.15411343894314, 1.1665901143931183, 1.1903042061895086], [0.0, 0.0, 0.0, 0.0, 0.0, 1.0663019692938833, 1.067678634926987, 1.1501748914224952, 1.1612564241549284, 1.1857950344097656], [0.0, 0.0, 0.0, 0.0, 0.0, 0.0, 1.0705022419684225, 1.1527287224300982, 1.162683473409125, 1.186683392398768], [0.0, 0.0, 0.0, 0.0, 0.0, 0.0, 0.0, 1.151450975300054, 1.1605442913227528, 1.1857048325703894], [0.0, 0.0, 0.0, 0.0, 0.0, 0.0, 0.0, 0.0, 1.1585667359710066, 1.1845221587635602], [0.0, 0.0, 0.0, 0.0, 0.0, 0.0, 0.0, 0.0, 0.0, 1.181083937232614]], "vgg.features.13": [[0.12606321828792322, 0.7543145920903317, 1.1239951909629158, 1.198689308988439, 1.2829165543304382, 1.302481260466723, 1.326006366765954, 1.3496921357021414, 1.3436961637144733, 1.3666741623345344], [0.0, 0.5434858557407765, 0.9387521994325563, 1.0615738870389857, 1.1734688441180459, 1.2394271061789632, 1.2413709308268053, 1.2800235734463028, 1.278580141443772, 1.3325767872857934], [0.0, 0.0, 0.9236066443489113, 1.0346089514843941, 1.1329117479142754, 1.231642467642432, 1.2270369668488512, 1.2675969129488058, 1.2664014630026856, 1.313360098505649], [0.0, 0.0, 0.0, 1.023246469138044, 1.1206198864758896, 1.2251901025219805, 1.2167836566073187, 1.2632276031033556, 1.2570278298821418, 1.3028368399395405], [0.0, 0.0, 0.0, 0.0, 1.113748991563132, 1.2209558537031275, 1.212088043525057, 1.2596628612106404, 1.2544863223758829, 1.2993245179064503], [0.0, 0.0, 0.0, 0.0, 0.0, 1.2176889682854786, 1.2106594882927395, 1.2582666204768862, 1.2542907658644218, 1.3001680524237613], [0.0, 0.0, 0.0, 0.0, 0.0, 0.0, 1.207170235831228, 1.2568013875825312, 1.2512820044001403, 1.299513346529473], [0.0, 0.0, 0.0, 0.0, 0.0, 0.0, 0.0, 1.2562785284394917, 1.2518722328544594, 1.2985484598983585], [0.0, 0.0, 0.0, 0.0, 0.0, 0.0, 0.0, 0.0, 1.2512471299210541, 1.2974499471356815], [0.0, 0.0, 0.0, 0.0, 0.0, 0.0, 0.0, 0.0, 0.0, 1.2952447905572404]]}