{"vgg.features.3": [[0.024014318398690157, 0.030200867806242863, 0.04229810570148257, 0.056336240506950554, 0.06872212174709198, 0.08336491066194494, 0.10507174164074275, 0.1283578614307475, 0.14623843836461387, 0.1589724377473679], [0.030200867806242863, 0.2039044092719547, 0.2017067845372066, 0.19999475029423996, 0.1991047580812189, 0.20034390527983864, 0.20720286723437872, 0.21438375628750392, 0.21970135013268735, 0.22503129558504384], [0.04229810570148257, 0.2017067845372066, 0.2389755251198782, 0.23676811720989976, 0.23474883182417147, 0.23419892923587046, 0.23786443732496795, 0.24355994455099042, 0.24694226032327615, 0.25058145469135196], [0.056336240506950554, 0.19999475029423996, 0.23676811720989976, 0.27113246628190824, 0.26840464676149856, 0.26730003199631913, 0.2690744923175349, 0.2733392197150743, 0.2754483080516015, 0.27751418328179656], [0.06872212174709198, 0.1991047580812189, 0.23474883182417147, 0.26840464676149856, 0.30655612359698753, 0.3058884229844904, 0.30818797023646993, 0.3118980019699256, 0.3137073113010361, 0.31493055490982425], [0.08336491066194494, 0.20034390527983864, 0.23419892923587046, 0.26730003199631913, 0.3058884229844904, 0.3349106218459083, 0.3369039773968781, 0.3392025188448689, 0.340664290438252, 0.3406438111630968], [0.10507174164074275, 0.20720286723437872, 0.23786443732496795, 0.2690744923175349, 0.30818797023646993, 0.3369039773968781, 0.3692107316197923, 0.37022965062642693, 0.36998586464140487, 0.36896169951298635], [0.1283578614307475, 0.21438375628750392, 0.24355994455099042, 0.2733392197150743, 0.3118980019699256, 0.3392025188448689, 0.37022965062642693, 0.3929284836460466, 0.3926957329499963, 0.3909977368589518], [0.14623843836461387, 0.21970135013268735, 0.24694226032327615, 0.2754483080516015, 0.3137073113010361, 0.340664290438252, 0.36998586464140487, 0.3926957329499963, 0.4145881898541102, 0.4122716158328753], [0.1589724377473679, 0.22503129558504384, 0.25058145469135196, 0.27751418328179656, 0.31493055490982425, 0.3406438111630968, 0.36896169951298635, 0.3909977368589518, 0.4122716158328753, 0.43195858419462557]], "vgg.features.6": [[0.03375172140693847, 0.045834933595498326, 0.07211882164693681, 0.1782264178780356, 0.19531757127923202, 0.21455583578803009, 0.2179669559413179, 0.24187769627349354, 0.2525440452855406, 0.2582586734001365], [0.045834933595498326, 0.22647439837007385, 0.2341597968853831, 0.27254602357461144, 0.28335626242459755, 0.29065856890367187, 0.2918294997898388, 0.3029840675993827, 0.3086329144624698, 0.3124815663804905], [0.07211882164693681, 0.2341597968853831, 0.26938327028280756, 0.2897482955178929, 0.3002834254963999, 0.3040741583515462, 0.30387303775653174, 0.3109927769045775, 0.3151118297141371, 0.31808353765331315], [0.1782264178780356, 0.27254602357461144, 0.2897482955178929, 0.31514930585665807, 0.3218437202182939, 0.3254429965840683, 0.324666236482449, 0.33016848085868933, 0.33319537418784334, 0.33591265170777984], [0.19531757127923202, 0.28335626242459755, 0.3002834254963999, 0.3218437202182939, 0.34472343881006134, 0.34862949286645445, 0.3477175274025103, 0.350389802328258, 0.3527634090294401, 0.3537794872285638], [0.21455583578803009, 0.29065856890367187, 0.3040741583515462, 0.3254429965840683, 0.34862949286645445, 0.3773742454274567, 0.37608575748943623, 0.37796685517869866, 0.3793707080364344, 0.3799678840854528], [0.2179669559413179, 0.2918294997898388, 0.30387303775653174, 0.324666236482449, 0.3477175274025103, 0.37608575748943623, 0.4012311797788792, 0.4017365785818918, 0.4026747684549916, 0.40222700415737345], [0.24187769627349354, 0.3029840675993827, 0.3109927769045775, 0.33016848085868933, 0.350389802328258, 0.37796685517869866, 0.4017365785818918, 0.4199088620929512, 0.420638509668091, 0.4195386981638094], [0.2525440452855406, 0.3086329144624698, 0.3151118297141371, 0.33319537418784334, 0.3527634090294401, 0.3793707080364344, 0.4026747684549916, 0.420638509668091, 0.43691324022851113, 0.43540400358553655], [0.2582586734001365, 0.3124815663804905, 0.31808353765331315, 0.33591265170777984, 0.3537794872285638, 0.3799678840854528, 0.40222700415737345, 0.4195386981638094, 0.43540400358553655, 0.4498001196023282]], "vgg.features.8": [[0.03648533817292714, 0.05054900000776916, 0.06921668684257404, 0.08996388003079664, 0.11377773221240754, 0.12341243532256867, 0.13487493591375962, 0.16735081094422685, 0.18292372295604772, 0.18212234986107978], [0.05054900000776916, 0.2700023612970518, 0.2634311674642651, 0.2616410833537389, 0.2615144472619428, 0.2558835072761866, 0.2589314353754236, 0.26511445921784643, 0.26582536003702123, 0.26143482099272425], [0.06921668684257404, 0.2634311674642651, 0.32715624140362415, 0.32041369688721943, 0.31744375977021483, 0.3105079761769149, 0.31053653647508755, 0.31073641679194286, 0.3068593272427191, 0.3036317107108916], [0.08996388003079664, 0.2616410833537389, 0.32041369688721943, 0.3706513291829222, 0.36530863786236323, 0.35871099798910455, 0.3577505599510376, 0.35396582361065926, 0.3493342837607314, 0.347858203118603], [0.11377773221240754, 0.2615144472619428, 0.31744375977021483, 0.36530863786236323, 0.40566502654915393, 0.40045428594072024, 0.39817216562362967, 0.39287284278202766, 0.3873823730791243, 0.3863602905668833], [0.12341243532256867, 0.2558835072761866, 0.3105079761769149, 0.35871099798910455, 0.40045428594072024, 0.43294196722749567, 0.4303940599111469, 0.4239494908875778, 0.4185229821342431, 0.4189394369525817], [0.13487493591375962, 0.2589314353754236, 0.31053653647508755, 0.3577505599510376, 0.39817216562362967, 0.4303940599111469, 0.46587973346338424, 0.45799009077134056, 0.45189616926192394, 0.452624550884423], [0.16735081094422685, 0.26511445921784643, 0.31073641679194286, 0.35396582361065926, 0.39287284278202766, 0.4239494908875778, 0.45799009077134056, 0.4805342377592375, 0.4750288032139448, 0.47547290502518075], [0.18292372295604772, 0.26582536003702123, 0.3068593272427191, 0.3493342837607314, 0.3873823730791243, 0.4185229821342431, 0.45189616926192394, 0.4750288032139448, 0.49054043277124315, 0.49029160860117843], [0.18212234986107978, 0.26143482099272425, 0.3036317107108916, 0.347858203118603, 0.3863602905668833, 0.4189394369525817, 0.452624550884423, 0.47547290502518075, 0.49029160860117843, 0.5113629950985004]],