{"vgg.features.3": [[0.03782751000056745, 0.31804534614930924, 0.4071364769307399, 0.4555719321552676, 0.5074341330088888, 0.5426936302084132, 0.5781254600358958, 0.6018883104013236, 0.6137022401338221, 0.6290487763082383], [0.0, 0.13330508119400808, 0.23038960735379613, 0.28347022506165725, 0.3467386822824375, 0.3850126161310129, 0.4234888028175445, 0.4516577953210268, 0.4647896052030591, 0.48410591793600877], [0.0, 0.0, 0.1850012284203077, 0.23059285025941478, 0.2882981059780171, 0.32595977220572614, 0.36367169356962, 0.3924406784450615, 0.40376085767935427, 0.4237286407769576], [0.0, 0.0, 0.0, 0.21626943555102768, 0.26713749072688897, 0.30122963039031336, 0.3377470010754745, 0.36460840867096095, 0.3759815801405237, 0.39504518452816406], [0.0, 0.0, 0.0, 0.0, 0.26131746067072936, 0.29102180436744773, 0.3258806544615316, 0.35072481527656374, 0.3610945114817166, 0.3803228935097096], [0.0, 0.0, 0.0, 0.0, 0.0, 0.28795242012952166, 0.3197914369127991, 0.34225868761883466, 0.3529104051505224, 0.37116133662512657], [0.0, 0.0, 0.0, 0.0, 0.0, 0.0, 0.31702612044367384, 0.3361731424012836, 0.34568161335696457, 0.36326110261908545], [0.0, 0.0, 0.0, 0.0, 0.0, 0.0, 0.0, 0.3339010156864591, 0.34336040046060984, 0.36015887270082025], [0.0, 0.0, 0.0, 0.0, 0.0, 0.0, 0.0, 0.0, 0.3425895765348827, 0.35852883854406914], [0.0, 0.0, 0.0, 0.0, 0.0, 0.0, 0.0, 0.0, 0.0, 0.36090027737541347]], "vgg.features.6": [[0.05088758310878735, 0.3544653998446256, 0.446683306899267, 0.49509649655535976, 0.5491269022531466, 0.5968908804632884, 0.6204097718964035, 0.6528216040206914, 0.6507386925687919, 0.6644106356060973], [0.0, 0.17328989022390984, 0.2760414563756838, 0.3314080667005189, 0.3924201055127357, 0.44050617074486254, 0.46780852763137987, 0.5044216712852316, 0.5052099154660682, 0.5215217812780263], [0.0, 0.0, 0.24608537940969907, 0.2930125284118004, 0.3501602166539086, 0.39872280636793667, 0.42488818535422596, 0.4608046804842993, 0.4599929242022043, 0.4767997086322002], [0.0, 0.0, 0.0, 0.2820613547368451, 0.33302948811628535, 0.378205223476158, 0.4035682914262392, 0.43768395407864286, 0.4371907891774303, 0.45345330157496355], [0.0, 0.0, 0.0, 0.0, 0.33231548111343073, 0.37447570938538494, 0.39836755417431424, 0.42976727051033836, 0.42938573054700674, 0.44531962898970273], [0.0, 0.0, 0.0, 0.0, 0.0, 0.37382467327895175, 0.39676681319245244, 0.42618204825238465, 0.4274486547292635, 0.44286615395455275], [0.0, 0.0, 0.0, 0.0, 0.0, 0.0, 0.39821556274486164, 0.4248400327770208, 0.42692642876825243, 0.4419784810583982], [0.0, 0.0, 0.0, 0.0, 0.0, 0.0, 0.0, 0.4257553560642252, 0.4279539100653606, 0.4430847541091748], [0.0, 0.0, 0.0, 0.0, 0.0, 0.0, 0.0, 0.0, 0.4330064393829584, 0.4475453275941044], [0.0, 0.0, 0.0, 0.0, 0.0, 0.0, 0.0, 0.0, 0.0, 0.4511994046922528]], "vgg.features.8": [[0.07233828497586084, 0.4181742428303808, 0.5247670680376142, 0.5834291950443097, 0.6474478669515824, 0.7151878445984396, 0.7398944944449307, 0.7827462373828885, 0.7849568899260496, 0.8083377515344703], [0.0, 0.23998545917809241, 0.35605544194682537, 0.4216968550766658, 0.49225932825039587, 0.5638452281199956, 0.593178944124531, 0.6423270509640072, 0.6472840026331947, 0.673609838096104], [0.0, 0.0, 0.33619283678961487, 0.39225454969502227, 0.4582270464606239, 0.5299144644747832, 0.5574258793408903, 0.6069176820227762, 0.61056056717947, 0.6375007907385141], [0.0, 0.0, 0.0, 0.38645615763469326, 0.44541108628261666, 0.5156188992103945, 0.5412979355779749, 0.5892026971659993, 0.5926275619762266, 0.6197464366876465], [0.0, 0.0, 0.0, 0.0, 0.44967149312419935, 0.5153925593073593, 0.5405615201459231, 0.5863171558510097, 0.5886742288140822, 0.614371351372583], [0.0, 0.0, 0.0, 0.0, 0.0, 0.5181402510388148, 0.542339091248048, 0.5864141024508343, 0.589416862662977, 0.6143989587423822], [0.0, 0.0, 0.0, 0.0, 0.0, 0.0, 0.54571842281251, 0.5875719519616933, 0.590920096710514, 0.6151555179430015], [0.0, 0.0, 0.0, 0.0, 0.0, 0.0, 0.0, 0.5892803494704717, 0.5928317827909394, 0.6169733833077772], [0.0, 0.0, 0.0, 0.0, 0.0, 0.0, 0.0, 0.0, 0.5947050802745082, 0.6183714401833226], [0.0, 0.0, 0.0, 0.0, 0.0, 0.0, 0.0, 0.0, 0.0, 0.6210488302084463]], "vgg.features.11": [[0.09504003948103482, 0.4561737378314598, 0.6003140674057204, 0.6820334341011447, 0.7811730399825209, 0.892972740786139, 0.9083158574050139, 0.9795074042592445, 0.9710507122001136, 1.0090984732853097], [0.0, 0.3321482646883374, 0.47361992457332003, 0.5641983363599681, 0.6683649922748787, 0.7872251799969737, 0.8092388434722328, 0.883314532443387, 0.8794904421717485, 0.9197060368696669], [0.0, 0.0, 0.468687429095482, 0.5523975818551986, 0.6530930702345619, 0.7699545654537338, 0.7916910923104247, 0.8643456054095672, 0.860681960999767, 0.9008585318020462], [0.0, 0.0, 0.0, 0.5565433595049064, 0.651588147434795, 0.7632122382665483, 0.7847861052192229, 0.8556917318332662, 0.851969973824231, 0.892037081107614], [0.0, 0.0, 0.0, 0.0, 0.6524025896879425, 0.762555905695904, 0.7828881332025194, 0.8526402887763416, 0.8490374517991547, 0.8881993996276484], [0.0, 0.0, 0.0, 0.0, 0.0, 0.7625855879717585, 0.7823601681535405, 0.8514407126723619, 0.8482612448761234, 0.8872199854397411], [0.0, 0.0, 0.0, 0.0, 0.0, 0.0, 0.7867678584214834, 0.8547762492733946, 0.8518477609096121, 0.8897241043664246], [0.0, 0.0, 0.0, 0.0, 0.0, 0.0, 0.0, 0.8567100536706872, 0.8541917662030546, 0.891693198288583], [0.0, 0.0, 0.0, 0.0, 0.0, 0.0, 0.0, 0.0, 0.8552141006773176, 0.8927072636306719], [0.0, 0.0, 0.0, 0.0, 0.0, 0.0, 0.0, 0.0, 0.0, 0.8925727815035288]], "vgg.features.13": [[0.14573584521030272, 0.6131754422421725, 0.8053824401290259, 0.941924982500734, 1.0559083730909362, 1.1656224128670676, 1.1934311604056451, 1.250063460371863, 1.2559248280298436, 1.28493650895002], [0.0, 0.494742352955411, 0.692174240763797, 0.8447531055411528, 0.9771910487936275, 1.1042324254387226, 1.136850297421575, 1.201427997390805, 1.212908973641658, 1.2450923895168138], [0.0, 0.0, 0.6905761447813374, 0.8349402532599755, 0.9659938020931, 1.0937330400897252, 1.1263095497361892, 1.191088781802498, 1.203394469664302, 1.236006856565614], [0.0, 0.0, 0.0, 0.8372168167929974, 0.9654863651376795, 1.091160438596157, 1.1226266384701675, 1.1868909875173808, 1.1991538758196227, 1.2324429561352321], [0.0, 0.0, 0.0, 0.0, 0.9665004092397179, 1.0898668131470528, 1.121168056187523, 1.1843903624443028, 1.1976854606861607, 1.2310727900913336], [0.0, 0.0, 0.0, 0.0, 0.0, 1.0902504955044474, 1.1208462843944558, 1.1836075269392974, 1.196724767315936, 1.23028501892324], [0.0, 0.0, 0.0, 0.0, 0.0, 0.0, 1.1208892431419701, 1.183521141332481, 1.1974710229790135, 1.2300928084859732], [0.0, 0.0, 0.0, 0.0, 0.0, 0.0, 0.0, 1.185665239048028, 1.1995244061089272, 1.231947367286102], [0.0, 0.0, 0.0, 0.0, 0.0, 0.0, 0.0, 0.0, 1.2016889187563207, 1.233976443865521], [0.0, 0.0, 0.0, 0.0, 0.0, 0.0, 0.0, 0.0, 0.0, 1.2345829028038833]]}