{"vgg.features.3": [[0.03665243050197194, 0.24182221232814866, 0.3295687084445969, 0.34957072835551767, 0.39834051016973304, 0.4356126833114269, 0.46112346578419894, 0.48666309457573315, 0.4925159126415732, 0.5027771066902681], [0.24182221232814866, 0.1226636853743307, 0.21793884335652236, 0.24587315803704737, 0.2940183033889334, 0.3261315335819674, 0.3588222480657249, 0.39258528353977346, 0.3994880456780943, 0.4122562790760439], [0.3295687084445969, 0.21793884335652236, 0.18017608373868452, 0.2040963895453767, 0.24706339191633298, 0.2768228630655583, 0.30596977944741166, 0.3430366054025367, 0.3489429803118587, 0.362017908498194], [0.34957072835551767, 0.24587315803704737, 0.2040963895453767, 0.19752007011294495, 0.23024522142293916, 0.25357861310872076, 0.2792823268423748, 0.312676766250448, 0.32229231556571397, 0.3314327961447616], [0.39834051016973304, 0.2940183033889334, 0.24706339191633298, 0.23024522142293916, 0.22643688482164886, 0.24955269715016068, 0.26931009207632894, 0.2948167088227774, 0.30547073083526954, 0.312095906236458], [0.4356126833114269, 0.3261315335819674, 0.2768228630655583, 0.25357861310872076, 0.24955269715016068, 0.25621553973469247, 0.27475348659438914, 0.2973530625894612, 0.30791487641664406, 0.3127277234807552], [0.46112346578419894, 0.3588222480657249, 0.30596977944741166, 0.2792823268423748, 0.26931009207632894, 0.27475348659438914, 0.27955333945944866, 0.29655822657533404, 0.3037604529555601, 0.30607404432861934], [0.48666309457573315, 0.39258528353977346, 0.3430366054025367, 0.312676766250448, 0.2948167088227774, 0.2973530625894612, 0.29655822657533404, 0.29779216856335533, 0.30277149540285286, 0.30619567618278604], [0.4925159126415732, 0.3994880456780943, 0.3489429803118587, 0.32229231556571397, 0.30547073083526954, 0.30791487641664406, 0.3037604529555601, 0.30277149540285286, 0.3119162972648319, 0.3140158436354184], [0.5027771066902681, 0.4122562790760439, 0.362017908498194, 0.3314327961447616, 0.312095906236458, 0.3127277234807552, 0.30607404432861934, 0.30619567618278604, 0.3140158436354184, 0.32449990622354663]], "vgg.features.6": [[0.04238108987804843, 0.2526272113183467, 0.33556966689970674, 0.3833598327814246, 0.43416072173578113, 0.5312441737141363, 0.4890502885597985, 0.542620107351341, 0.5204696612406217, 0.5356936332374704], [0.2526272113183467, 0.14765079167185144, 0.21824572667640613, 0.27055374700849194, 0.3133563749097936, 0.41334488606917225, 0.37549088125949, 0.4336709004793614, 0.42346211404420175, 0.4394553416227503], [0.33556966689970674, 0.21824572667640613, 0.21891723903961782, 0.2597335621292455, 0.2961735112052393, 0.3894214128525617, 0.34950685340462506, 0.4048418056736233, 0.39403819297041076, 0.40823690739459406], [0.3833598327814246, 0.27055374700849194, 0.2597335621292455, 0.2492329582656993, 0.2831883567544399, 0.37454560876716175, 0.3371188462998832, 0.3913999951604568, 0.38542456140694226, 0.4002096787550706], [0.43416072173578113, 0.3133563749097936, 0.2961735112052393, 0.2831883567544399, 0.28333081750772426, 0.37113323400501413, 0.3324517528238021, 0.3845699071562984, 0.3753702652644729, 0.38987316032884944], [0.5312441737141363, 0.41334488606917225, 0.3894214128525617, 0.37454560876716175, 0.37113323400501413, 0.3825205965899268, 0.3425090127792854, 0.389941373536263, 0.3804492374710497, 0.3965205721654239], [0.4890502885597985, 0.37549088125949, 0.34950685340462506, 0.3371188462998832, 0.3324517528238021, 0.3425090127792854, 0.3541195513078484, 0.3976881615976603, 0.38813531381536026, 0.401132089718804], [0.542620107351341, 0.4336709004793614, 0.4048418056736233, 0.3913999951604568, 0.3845699071562984, 0.389941373536263, 0.3976881615976603, 0.40456463177707447, 0.394365181764292, 0.4073989106065827], [0.5204696612406217, 0.42346211404420175, 0.39403819297041076, 0.38542456140694226, 0.3753702652644729, 0.3804492374710497, 0.38813531381536026, 0.394365181764292, 0.3993815260717777, 0.411553420049819], [0.5356936332374704, 0.4394553416227503, 0.40823690739459406, 0.4002096787550706, 0.38987316032884944, 0.3965205721654239, 0.401132089718804, 0.4073989106065827, 0.411553420049819, 0.4132720203706724]], "vgg.features.8": [[0.05741780282339575, 0.3275188027367355, 0.4879268870206271, 0.5432112682923849, 0.6735638776352344, 0.865279339490015, 0.8038123152409122, 0.9028576356034389, 0.879542818509803, 0.9119553055217183], [0.3275188027367355, 0.1973033889298346, 0.3352306698164728, 0.4025951790268344, 0.5406896069284066, 0.7761622435090734, 0.7082577361726695, 0.812237678689898, 0.7902915306534722, 0.8189329583547221], [0.4879268870206271, 0.3352306698164728, 0.3284341660584713, 0.3855050932503868, 0.5172130510107306, 0.7512335485293615, 0.6848469522015241, 0.7849182656189144, 0.7594230315279079, 0.7863669203466274], [0.5432112682923849, 0.4025951790268344, 0.3855050932503868, 0.39028320990880405, 0.5134586950499794, 0.7521380864249886, 0.6863879249778337, 0.780150422831287, 0.759380870344288, 0.7840065343335056], [0.6735638776352344, 0.5406896069284066, 0.5172130510107306, 0.5134586950499794, 0.5139567247803617, 0.7522628357791082, 0.6851237485623286, 0.7758951312031832, 0.7532897722941586, 0.7772122036937825], [0.865279339490015, 0.7761622435090734, 0.7512335485293615, 0.7521380864249886, 0.7522628357791082, 0.7597642344808051, 0.6911551625261205, 0.7802499020663836, 0.7608337893640764, 0.7865951093051441], [0.8038123152409122, 0.7082577361726695, 0.6848469522015241, 0.6863879249778337, 0.6851237485623286, 0.6911551625261205, 0.6967365631403988, 0.7836306646132506, 0.7644780013836859, 0.7896476816859151], [0.9028576356034389, 0.812237678689898, 0.7849182656189144, 0.780150422831287, 0.7758951312031832, 0.7802499020663836, 0.7836306646132506, 0.7787040474744091, 0.759696124860963, 0.7835082146206537], [0.879542818509803, 0.7902915306534722, 0.7594230315279079, 0.759380870344288, 0.7532897722941586, 0.7608337893640764, 0.7644780013836859, 0.759696124860963, 0.7559083007351467, 0.7803109065319407], [0.9119553055217183, 0.8189329583547221, 0.7863669203466274, 0.7840065343335056, 0.7772122036937825, 0.7865951093051441, 0.7896476816859151, 0.7835082146206537, 0.7803109065319407, 0.7768144443917907]],