{"vgg.features.3": [[0.024833378196702883, 0.031252082841075085, 0.043665171515691, 0.05791125913315356, 0.07019651656126047, 0.08478324086377631, 0.10537355123546847, 0.12905808245519598, 0.1457336057163138, 0.15873454709132878], [0.0, 0.2094051175728364, 0.20755877973797668, 0.20601295952134552, 0.20506060585410202, 0.20660908605589962, 0.2125849479852023, 0.2203862318675255, 0.2244831280164082, 0.22977600440696072], [0.0, 0.0, 0.251562314760287, 0.24938491908003022, 0.2473354766304248, 0.24639938739757988, 0.2489888341982657, 0.2543613065185432, 0.2568130214001326, 0.2600609549955124], [0.0, 0.0, 0.0, 0.2847544439830757, 0.281986986782035, 0.28015926854528483, 0.2809063472975654, 0.28457552379824735, 0.28587340554397944, 0.28764540627778334], [0.0, 0.0, 0.0, 0.0, 0.32288130712998786, 0.3214052218740416, 0.32267242791562656, 0.32576904046833993, 0.32664174983711763, 0.32775209038835146], [0.0, 0.0, 0.0, 0.0, 0.0, 0.3500807897185106, 0.35120381390288613, 0.35300730770103395, 0.3536188099711971, 0.353705692692366], [0.0, 0.0, 0.0, 0.0, 0.0, 0.0, 0.3844819300613987, 0.3851896637538612, 0.38421012236353075, 0.3835530034396547], [0.0, 0.0, 0.0, 0.0, 0.0, 0.0, 0.0, 0.40711602272421793, 0.40622943718108534, 0.4049468976902593], [0.0, 0.0, 0.0, 0.0, 0.0, 0.0, 0.0, 0.0, 0.428002871456487, 0.4263079045696835], [0.0, 0.0, 0.0, 0.0, 0.0, 0.0, 0.0, 0.0, 0.0, 0.4457608223152679]], "vgg.features.6": [[0.03309691854534845, 0.044915762297301716, 0.07245771519179636, 0.17918090451247903, 0.19643016641051947, 0.21635939948938998, 0.21943169511190436, 0.2439774881023515, 0.25466473650460475, 0.25998859099086075], [0.0, 0.22729006149978867, 0.2351190929805924, 0.2743920017632917, 0.2862290157880342, 0.29465337595894275, 0.2968378739691193, 0.31038939755626044, 0.31527849535439606, 0.3192848030213262], [0.0, 0.0, 0.26838224518943576, 0.28952606807765524, 0.301419897512757, 0.3060710088965024, 0.30737137271347087, 0.31691201829064397, 0.32006616920514014, 0.32388664327961036], [0.0, 0.0, 0.0, 0.31288266851279467, 0.32103453765046647, 0.32533484319440564, 0.3262669993220881, 0.33410355148678017, 0.3359648730689285, 0.3401558157672857], [0.0, 0.0, 0.0, 0.0, 0.3417412670801402, 0.3463454877411459, 0.3474971358177459, 0.35293439731100845, 0.3540372409328305, 0.357222883419165], [0.0, 0.0, 0.0, 0.0, 0.0, 0.3719345887427443, 0.3729658240653193, 0.37778512606949777, 0.3776859825421285, 0.38089563258892695], [0.0, 0.0, 0.0, 0.0, 0.0, 0.0, 0.39424525274637595, 0.39799904630523575, 0.39731519786613234, 0.3999137556028503], [0.0, 0.0, 0.0, 0.0, 0.0, 0.0, 0.0, 0.41241558853627036, 0.41152131670366265, 0.41369777296351473], [0.0, 0.0, 0.0, 0.0, 0.0, 0.0, 0.0, 0.0, 0.4255854802638179, 0.4276470475406792], [0.0, 0.0, 0.0, 0.0, 0.0, 0.0, 0.0, 0.0, 0.0, 0.4400253253770246]], "vgg.features.8": [[0.036052695938841785, 0.04856166376803424, 0.07077943522256537, 0.09292341986204236, 0.11618795755828734, 0.12828686582689158, 0.13571923917580075, 0.1671782178298109, 0.18477537692083829, 0.18174852627400473], [0.0, 0.2709745706278862, 0.26420595188901047, 0.2653549965010503, 0.26651953577327386, 0.26176606552303955, 0.26540816019918495, 0.2769551907199431, 0.2786337104195628, 0.27328167393270414], [0.0, 0.0, 0.3240078072394379, 0.32004075268878596, 0.3190814183737696, 0.3125403149129424, 0.3144732168156559, 0.32064616189346584, 0.3177588143741692, 0.31467166802639707], [0.0, 0.0, 0.0, 0.36755915563069724, 0.3644450688315943, 0.3579205518101205, 0.35947592955948426, 0.36158356687827825, 0.3574484377628633, 0.3572239895015354], [0.0, 0.0, 0.0, 0.0, 0.4030854410579063, 0.39791791440757635, 0.39846836125772983, 0.39953743046667023, 0.3940119051106452, 0.3946477051112993], [0.0, 0.0, 0.0, 0.0, 0.0, 0.4285442976006242, 0.4290612759650093, 0.4292232693192782, 0.4232554550605378, 0.4254985150181735], [0.0, 0.0, 0.0, 0.0, 0.0, 0.0, 0.4641724576760703, 0.46302160036509327, 0.4559939068003657, 0.4589894305310739], [0.0, 0.0, 0.0, 0.0, 0.0, 0.0, 0.0, 0.4842123051702083, 0.4777459084380394, 0.480594986972383], [0.0, 0.0, 0.0, 0.0, 0.0, 0.0, 0.0, 0.0, 0.4931293130021378, 0.4957661599394835], [0.0, 0.0, 0.0, 0.0, 0.0, 0.0, 0.0, 0.0, 0.0, 0.5163165809991282]], "vgg.features.11": [[0.057336431971901254, 0.09561281545458493, 0.1825595818645326, 0.22282507005429067, 0.2508790663046607, 0.2718804146055811, 0.2996470968891032, 0.31500380208470885, 0.33414937720766985, 0.3390555291339294], [0.0, 0.31696732237935366, 0.33233088390333493, 0.3430433905183327, 0.3455034369716075, 0.35471307118034284, 0.3734345469546864, 0.37575912267040773, 0.3879719584845246, 0.3938977074910144], [0.0, 0.0, 0.37872286740571437, 0.38321113658930905, 0.3839891160280982, 0.38987763534712755, 0.4048985510977442, 0.40212867984785, 0.41080745500891414, 0.41930357414766817], [0.0, 0.0, 0.0, 0.42408320300291613, 0.4200893846673661, 0.4229145539605429, 0.4329902006098797, 0.4273642411761082, 0.43306788825855025, 0.4420977710494295], [0.0, 0.0, 0.0, 0.0, 0.4430613383051991, 0.44283876581432446, 0.4530190861179667, 0.4482397860393645, 0.45395673783262147, 0.46361539682040365], [0.0, 0.0, 0.0, 0.0, 0.0, 0.46453375402752595, 0.47324926787446187, 0.4693639544816894, 0.47267792063954844, 0.48096830673894536], [0.0, 0.0, 0.0, 0.0, 0.0, 0.0, 0.49995004958925543, 0.4962318319215655, 0.49822337671213796, 0.5072486030701037], [0.0, 0.0, 0.0, 0.0, 0.0, 0.0, 0.0, 0.5128942712070659, 0.5139895299845552, 0.522165328767332], [0.0, 0.0, 0.0, 0.0, 0.0, 0.0, 0.0, 0.0, 0.5264742092435082, 0.5353416634218605], [0.0, 0.0, 0.0, 0.0, 0.0, 0.0, 0.0, 0.0, 0.0, 0.5498466023086295]], "vgg.features.13": [[0.08624338013682642, 0.15056886363609626, 0.3398330973730557, 0.5055979695186121, 0.5134784833317642, 0.5214685549985174, 0.5392433578646887, 0.5764634285129591, 0.5947390880460928, 0.5756582843514042], [0.0, 0.49909047938139756, 0.5200375909522529, 0.5740009570967325, 0.565513038673684, 0.5724659846865847, 0.5740960053772444, 0.591674648385929, 0.5953827913119355, 0.5876204074903666], [0.0, 0.0, 0.587082850024086, 0.6075687541422191, 0.5946274216336099, 0.5996127961967036, 0.6007795180798365, 0.6123211145861701, 0.6124978853430588, 0.6064945281021036], [0.0, 0.0, 0.0, 0.6422993100815461, 0.6287971840439449, 0.6325190033802706, 0.6315787642731261, 0.6420442328933157, 0.6419281166986701, 0.636573164938145], [0.0, 0.0, 0.0, 0.0, 0.6499064995765383, 0.6537333188594624, 0.6525327116427395, 0.6605499142669452, 0.6595829527827217, 0.6544309335741492], [0.0, 0.0, 0.0, 0.0, 0.0, 0.6708780219672902, 0.6707609209382374, 0.6770560073781743, 0.6760670408572749, 0.6714351328440736], [0.0, 0.0, 0.0, 0.0, 0.0, 0.0, 0.6941202287005186, 0.6988789666128342, 0.6965976995225062, 0.6949344513360467], [0.0, 0.0, 0.0, 0.0, 0.0, 0.0, 0.0, 0.7117720004230879, 0.7090789264714042, 0.7075873522879818], [0.0, 0.0, 0.0, 0.0, 0.0, 0.0, 0.0, 0.0, 0.7174379723783664, 0.7158234135563696], [0.0, 0.0, 0.0, 0.0, 0.0, 0.0, 0.0, 0.0, 0.0, 0.7253467850841009]]}