{"vgg.features.3": [[0.036977927774530614, 0.3155229154651241, 0.40617280023743313, 0.45408543994496575, 0.5055183261109486, 0.5379437638468726, 0.5739345205642457, 0.5967726309101667, 0.6102043000367426, 0.6242622192517533], [0.0, 0.13248684223364732, 0.23087459452607245, 0.2820148812702093, 0.34541518865848564, 0.3811856368603008, 0.4206920992999133, 0.44826595853155604, 0.462471385645473, 0.4810549556863165], [0.0, 0.0, 0.18212078539274884, 0.22940324433999426, 0.28678505753868794, 0.322126298992695, 0.3603896619420717, 0.3887363314087062, 0.40119711450834705, 0.4202725897509256], [0.0, 0.0, 0.0, 0.21522450267252802, 0.26611134022016775, 0.298141784056131, 0.3349207204806808, 0.3615423373054937, 0.37394282714054217, 0.39171345903101124], [0.0, 0.0, 0.0, 0.0, 0.2600758983114079, 0.28805356657849074, 0.3228766696767251, 0.3475482721930464, 0.35899652106671165, 0.3769436642360503], [0.0, 0.0, 0.0, 0.0, 0.0, 0.28517947152962253, 0.3169157803698077, 0.33942467060690634, 0.3512502614170413, 0.36820850079593415], [0.0, 0.0, 0.0, 0.0, 0.0, 0.0, 0.31416131033355793, 0.33340160326780854, 0.343880373966557, 0.3603538270245941], [0.0, 0.0, 0.0, 0.0, 0.0, 0.0, 0.0, 0.331653084546478, 0.34193886777272087, 0.35766118960046683], [0.0, 0.0, 0.0, 0.0, 0.0, 0.0, 0.0, 0.0, 0.3412000516784513, 0.356286552437975], [0.0, 0.0, 0.0, 0.0, 0.0, 0.0, 0.0, 0.0, 0.0, 0.35859219233007616]], "vgg.features.6": [[0.04976192789171704, 0.3448420767689063, 0.43994921139174586, 0.48682951518531925, 0.5409088892048093, 0.5868445899132888, 0.6111625645793591, 0.6428727914214735, 0.6408617176248824, 0.6532954054035837], [0.0, 0.17040029329325562, 0.2740103864842724, 0.32658071538758593, 0.38794139603684075, 0.4353081799643342, 0.4631120935154156, 0.49973576988455864, 0.5002211543523978, 0.5151496753311023], [0.0, 0.0, 0.24404976673903137, 0.2890250801294889, 0.34625830891799597, 0.3940139728491246, 0.4209254116881916, 0.45684304770070683, 0.45564169552365247, 0.4704677590856051], [0.0, 0.0, 0.0, 0.2779138442000383, 0.3290391710850601, 0.3739994435222845, 0.4000251387934949, 0.4345663639981581, 0.43332622660190545, 0.4474460115792664], [0.0, 0.0, 0.0, 0.0, 0.32893438283887855, 0.3710443111765724, 0.3955075477148017, 0.4278198909085179, 0.42648040787686087, 0.44009529860088686], [0.0, 0.0, 0.0, 0.0, 0.0, 0.3709491198616057, 0.39432810388173783, 0.4250717832960632, 0.42519216576937613, 0.43836185791083826], [0.0, 0.0, 0.0, 0.0, 0.0, 0.0, 0.39618461153906614, 0.42431320087328334, 0.42502711947150035, 0.43791972969356113], [0.0, 0.0, 0.0, 0.0, 0.0, 0.0, 0.0, 0.4256323803766402, 0.42627417148695185, 0.43935221745041375], [0.0, 0.0, 0.0, 0.0, 0.0, 0.0, 0.0, 0.0, 0.43135413679954676, 0.44391457354952274], [0.0, 0.0, 0.0, 0.0, 0.0, 0.0, 0.0, 0.0, 0.0, 0.4470984503395994]], "vgg.features.8": [[0.07071863602492771, 0.40646160211567295, 0.5144207607494254, 0.5708307966733208, 0.6371606233636798, 0.7071434639784181, 0.7298551846603525, 0.7750236811589567, 0.7764428076025034, 0.8002268879528358], [0.0, 0.23515460879754901, 0.3520841228780158, 0.4151142855656543, 0.48775343401537746, 0.5626528810055904, 0.5890682858757209, 0.6412455337652809, 0.6446776561117606, 0.6713750618255224], [0.0, 0.0, 0.333591515737686, 0.38754240161186587, 0.4554791247058107, 0.5297191535901158, 0.5548591870897708, 0.6073411219024605, 0.6093953176788037, 0.6360979455362202], [0.0, 0.0, 0.0, 0.3822368931022147, 0.44291886638839173, 0.5155324606130787, 0.5388530119901292, 0.5900850856976837, 0.5917475516503579, 0.618229639718283], [0.0, 0.0, 0.0, 0.0, 0.44759573535121533, 0.5160872518007354, 0.5390146765078158, 0.5883310638156629, 0.5885944662079446, 0.6135173673690083], [0.0, 0.0, 0.0, 0.0, 0.0, 0.5189370058772, 0.5411475310919481, 0.5891298631183391, 0.5898857067710691, 0.6139676640497496], [0.0, 0.0, 0.0, 0.0, 0.0, 0.0, 0.5447446192274549, 0.5908567579725508, 0.5916889929393011, 0.6151567573695035], [0.0, 0.0, 0.0, 0.0, 0.0, 0.0, 0.0, 0.5926095269640214, 0.5935296568070421, 0.6169509244244579], [0.0, 0.0, 0.0, 0.0, 0.0, 0.0, 0.0, 0.0, 0.5949154802834075, 0.6179067556685153], [0.0, 0.0, 0.0, 0.0, 0.0, 0.0, 0.0, 0.0, 0.0, 0.619659101728276]], "vgg.features.11": [[0.09250202316664069, 0.4435640148407753, 0.5870965294162953, 0.667165165469773, 0.7680559988150789, 0.8870666050891549, 0.9010007944071426, 0.9772800652165097, 0.9675156257667548, 1.0078598419730258], [0.0, 0.3312744969786385, 0.47033033393481577, 0.5589418604702461, 0.665027903600767, 0.7923921571642447, 0.811258359749904, 0.891939057420977, 0.8843785267251887, 0.9278703980026898], [0.0, 0.0, 0.4674017745245853, 0.5499202902617032, 0.6513650089189678, 0.7755814643614846, 0.7948896777651737, 0.8743699435296943, 0.8662940045109149, 0.9095603102619841], [0.0, 0.0, 0.0, 0.5562268946482921, 0.6517967769505988, 0.7702463357578097, 0.7897696358793788, 0.8673704002825983, 0.8586999929662031, 0.9019951207885567], [0.0, 0.0, 0.0, 0.0, 0.6536858993350341, 0.770809337962155, 0.7890970675168106, 0.8657760987129157, 0.8568099830293766, 0.8993715319935071], [0.0, 0.0, 0.0, 0.0, 0.0, 0.7717982301894871, 0.7895494697234843, 0.8652707269351515, 0.8564169985807519, 0.8987254822423524], [0.0, 0.0, 0.0, 0.0, 0.0, 0.0, 0.7946038839822019, 0.8694208556015098, 0.8604848047033401, 0.9016323806986587], [0.0, 0.0, 0.0, 0.0, 0.0, 0.0, 0.0, 0.8714356761439183, 0.8629100686241284, 0.9038238784819421], [0.0, 0.0, 0.0, 0.0, 0.0, 0.0, 0.0, 0.0, 0.8633531724583833, 0.9042266419378784], [0.0, 0.0, 0.0, 0.0, 0.0, 0.0, 0.0, 0.0, 0.0, 0.9039080066716662]], "vgg.features.13": [[0.14144895637952226, 0.6040000729815174, 0.7965856711743953, 0.9339566270326604, 1.0532925142198173, 1.1698819906365303, 1.1975516792740324, 1.2587014054137398, 1.2579186174131092, 1.2889270624636924], [0.0, 0.49385572363539226, 0.6902094420418748, 0.8419631284075447, 0.9804557823726002, 1.1159171011976712, 1.1473642563796738, 1.2193306212272117, 1.2219913717036543, 1.2552695581830993], [0.0, 0.0, 0.6888011111888491, 0.833295924421521, 0.96917742352295, 1.1054870635955762, 1.136593650358461, 1.2083649021882978, 1.211508057128669, 1.2457516361244618], [0.0, 0.0, 0.0, 0.8370935535056501, 0.968947278117004, 1.1031050402783311, 1.133521430036221, 1.2045675993922185, 1.20762308441232, 1.2425353797774277], [0.0, 0.0, 0.0, 0.0, 0.9704200001888067, 1.1025786118103538, 1.1328986187951728, 1.2022669423648102, 1.2064158245213386, 1.2413633965767923], [0.0, 0.0, 0.0, 0.0, 0.0, 1.1031344880873721, 1.1327918978013505, 1.201870765213234, 1.2055934994910267, 1.2408333655139032], [0.0, 0.0, 0.0, 0.0, 0.0, 0.0, 1.1329391272796334, 1.2016700975087897, 1.2062473418149504, 1.240633133826853], [0.0, 0.0, 0.0, 0.0, 0.0, 0.0, 0.0, 1.2033791096336517, 1.207931810034074, 1.2421776751194866], [0.0, 0.0, 0.0, 0.0, 0.0, 0.0, 0.0, 0.0, 1.209645147780151, 1.2438030687399722], [0.0, 0.0, 0.0, 0.0, 0.0, 0.0, 0.0, 0.0, 0.0, 1.244320261592949]]}