{"vgg.features.3": [[0.03689722648667698, 0.311975336545478, 0.40282194065376214, 0.45036403260216556, 0.5014536897853943, 0.5340118400806353, 0.5708687426364553, 0.5943068643160919, 0.6069136062174882, 0.621376541117283], [0.311975336545478, 0.13016682915094016, 0.2274245203484371, 0.2797297707219475, 0.34243428870965925, 0.3787280400432389, 0.4187562687179635, 0.4464932691190941, 0.4597487751723224, 0.478540997271244], [0.40282194065376214, 0.2274245203484371, 0.18218823794116712, 0.22713089629707364, 0.2843025109871969, 0.31999500598317127, 0.3588412574288961, 0.3873772353137233, 0.39884744990578613, 0.41812066637571343], [0.45036403260216556, 0.2797297707219475, 0.22713089629707364, 0.2124582258641398, 0.2633146406107455, 0.2957600906712272, 0.3331208227588379, 0.3599480799978813, 0.37138707003046506, 0.3897362292993675], [0.5014536897853943, 0.34243428870965925, 0.2843025109871969, 0.2633146406107455, 0.25770061534356964, 0.2857672387011094, 0.3213751809432834, 0.34637262447025896, 0.3568686497921211, 0.3755503628906971], [0.5340118400806353, 0.3787280400432389, 0.31999500598317127, 0.2957600906712272, 0.2857672387011094, 0.28298883714788087, 0.31545126223492964, 0.33812418177197473, 0.3490348412446777, 0.36670495811047005], [0.5708687426364553, 0.4187562687179635, 0.3588412574288961, 0.3331208227588379, 0.3213751809432834, 0.31545126223492964, 0.3132542633932575, 0.33251859032680314, 0.3421590412384751, 0.35915714706872515], [0.5943068643160919, 0.4464932691190941, 0.3873772353137233, 0.3599480799978813, 0.34637262447025896, 0.33812418177197473, 0.33251859032680314, 0.3306811429598716, 0.34023096339436393, 0.3564480052889205], [0.6069136062174882, 0.4597487751723224, 0.39884744990578613, 0.37138707003046506, 0.3568686497921211, 0.3490348412446777, 0.3421590412384751, 0.34023096339436393, 0.3391855943774898, 0.3546077343576673], [0.621376541117283, 0.478540997271244, 0.41812066637571343, 0.3897362292993675, 0.3755503628906971, 0.36670495811047005, 0.35915714706872515, 0.3564480052889205, 0.3546077343576673, 0.35713386925628815]], "vgg.features.6": [[0.0497631261679173, 0.34908973756341627, 0.4450466749009704, 0.4937293383716519, 0.547777538823783, 0.5927582746985787, 0.6189265448917366, 0.6511895978275263, 0.6495261011518485, 0.6622291965609665], [0.34908973756341627, 0.16876334798490697, 0.27346137041644347, 0.3277427363989493, 0.39009657520030283, 0.4379363152780347, 0.4677908150408144, 0.5052117627481781, 0.5055914330117345, 0.5212698839707403], [0.4450466749009704, 0.27346137041644347, 0.24164617717743905, 0.28836937452910705, 0.34661079725075455, 0.3944255232215592, 0.42321124936379667, 0.4601095844104444, 0.45889236184294685, 0.4744991710430889], [0.4937293383716519, 0.3277427363989493, 0.28836937452910705, 0.2762701172032376, 0.3283809436817425, 0.37308965547668826, 0.40092855569549, 0.4364743865243362, 0.43516638719292033, 0.4501439362405181], [0.547777538823783, 0.39009657520030283, 0.34661079725075455, 0.3283809436817425, 0.3278278998951904, 0.36884369310231513, 0.3952085484407947, 0.42839590854375487, 0.4270601353910042, 0.4416210487283855], [0.5927582746985787, 0.4379363152780347, 0.3944255232215592, 0.37308965547668826, 0.36884369310231513, 0.368190119430054, 0.3933585623032664, 0.424570688717566, 0.4248017094959165, 0.4388192821422958], [0.6189265448917366, 0.4677908150408144, 0.42321124936379667, 0.40092855569549, 0.3952085484407947, 0.3933585623032664, 0.39496417565101843, 0.42325565779828656, 0.42412784617240923, 0.437861956672266], [0.6511895978275263, 0.5052117627481781, 0.4601095844104444, 0.4364743865243362, 0.42839590854375487, 0.424570688717566, 0.42325565779828656, 0.4235922068924879, 0.4246476605346926, 0.4384921548615879], [0.6495261011518485, 0.5055914330117345, 0.45889236184294685, 0.43516638719292033, 0.4270601353910042, 0.4248017094959165, 0.42412784617240923, 0.4246476605346926, 0.42958484074318526, 0.4429073230054233], [0.6622291965609665, 0.5212698839707403, 0.4744991710430889, 0.4501439362405181, 0.4416210487283855, 0.4388192821422958, 0.437861956672266, 0.4384921548615879, 0.4429073230054233, 0.44649092250226424]], "vgg.features.8": [[0.07007546541520843, 0.4125040424133007, 0.5215150814019222, 0.580715872529062, 0.647025681127854, 0.7146719582647648, 0.7396604520481718, 0.7843983787823704, 0.7854205180915658, 0.8083037095556233], [0.4125040424133007, 0.23364536993819426, 0.35193389436400885, 0.4175225199549933, 0.49146597708077144, 0.5662174264664043, 0.5946623115017634, 0.6464941289868108, 0.6495623671182535, 0.6757561407881431], [0.5215150814019222, 0.35193389436400885, 0.3320316220824072, 0.3871856406874481, 0.4560941712632904, 0.5306495987976908, 0.5573022643198555, 0.6096245880478633, 0.6113353886434466, 0.6376966466407191], [0.580715872529062, 0.4175225199549933, 0.3871856406874481, 0.3814527920817627, 0.44238716198605577, 0.5155700600007697, 0.5398652504934669, 0.5910900760286468, 0.5924102559453561, 0.618716928360986], [0.647025681127854, 0.49146597708077144, 0.4560941712632904, 0.44238716198605577, 0.44657649755988105, 0.514641798216328, 0.5385520973877378, 0.5878476920726398, 0.587998682651006, 0.6127496157191081], [0.7146719582647648, 0.5662174264664043, 0.5306495987976908, 0.5155700600007697, 0.514641798216328, 0.5166561014653279, 0.5398654824089004, 0.5872832969538833, 0.5882177462506607, 0.6119104696236125], [0.7396604520481718, 0.5946623115017634, 0.5573022643198555, 0.5398652504934669, 0.5385520973877378, 0.5398654824089004, 0.5430884458541148, 0.5883029241885243, 0.5895414481808383, 0.6123370121986341], [0.7843983787823704, 0.6464941289868108, 0.6096245880478633, 0.5910900760286468, 0.5878476920726398, 0.5872832969538833, 0.5883029241885243, 0.5891262158439377, 0.5906553609599882, 0.6132278497838696], [0.7854205180915658, 0.6495623671182535, 0.6113353886434466, 0.5924102559453561, 0.587998682651006, 0.5882177462506607, 0.5895414481808383, 0.5906553609599882, 0.592062804776938, 0.6141402135838435], [0.8083037095556233, 0.6757561407881431, 0.6376966466407191, 0.618716928360986, 0.6127496157191081, 0.6119104696236125, 0.6123370121986341, 0.6132278497838696, 0.6141402135838435, 0.6166131312100898]],