{"vgg.features.3": [[0.02463827125322609, 0.03125699392628312, 0.04249629249550399, 0.057135634177957466, 0.06953967131942075, 0.08423182824139405, 0.10573648260402053, 0.12989607724072436, 0.14730519629645006, 0.1600476466477853], [0.0, 0.20250903897876, 0.20033235026307383, 0.19890849214470122, 0.19789907769863305, 0.1994425989499582, 0.20611306502771892, 0.21458892486526782, 0.2196805673681751, 0.2250607142368115], [0.0, 0.0, 0.23755954003653354, 0.23546778513281372, 0.23323490887311077, 0.23266351541563146, 0.23631832769944291, 0.24271092681363018, 0.2458496484397008, 0.24948752617014885], [0.0, 0.0, 0.0, 0.2692755905874252, 0.2663458215395853, 0.26515501500502725, 0.26695837310185133, 0.2717956246528077, 0.2735736863452539, 0.2758152372502163], [0.0, 0.0, 0.0, 0.0, 0.3040387137255222, 0.3033594586121028, 0.30570609492864204, 0.3099101103138268, 0.3113046823577241, 0.31291482070270543], [0.0, 0.0, 0.0, 0.0, 0.0, 0.3303393387639242, 0.3324972256465257, 0.33535004453796624, 0.336359201048653, 0.3368839670667307], [0.0, 0.0, 0.0, 0.0, 0.0, 0.0, 0.36387874899359146, 0.36536136709680267, 0.3645144561004626, 0.3642145558582056], [0.0, 0.0, 0.0, 0.0, 0.0, 0.0, 0.0, 0.38669535462226173, 0.38593174051243906, 0.38504356225634423], [0.0, 0.0, 0.0, 0.0, 0.0, 0.0, 0.0, 0.0, 0.4064275290557926, 0.4049614905667963], [0.0, 0.0, 0.0, 0.0, 0.0, 0.0, 0.0, 0.0, 0.0, 0.4234584877302271]], "vgg.features.6": [[0.03442119838007841, 0.046941575094688326, 0.07351301822093975, 0.18166541021124666, 0.19869390921396224, 0.21827628155551454, 0.22119048352204648, 0.24552126338697655, 0.256175317501891, 0.2616725178259729], [0.0, 0.229090065725325, 0.23694709521398802, 0.2771981690812789, 0.2880623785340737, 0.29583738139976173, 0.29720736817436905, 0.3093113013848051, 0.314505232431144, 0.31879015614463835], [0.0, 0.0, 0.2702074084457665, 0.2926462227417325, 0.30366777734652073, 0.3077138180529213, 0.30818616270456334, 0.31639819733011526, 0.3201492106321448, 0.3239708090442859], [0.0, 0.0, 0.0, 0.3183635051918794, 0.32574415608099383, 0.3295932025025784, 0.32963795027493353, 0.3361709741439157, 0.3387060583030707, 0.34272404552392216], [0.0, 0.0, 0.0, 0.0, 0.3464568892500198, 0.35068682078133817, 0.3508668693228264, 0.3549608447855595, 0.35688844116406143, 0.3597554550394968], [0.0, 0.0, 0.0, 0.0, 0.0, 0.376756262528161, 0.3768962148033411, 0.38047058517647125, 0.38132003754644317, 0.3843647440135613], [0.0, 0.0, 0.0, 0.0, 0.0, 0.0, 0.3991826686301502, 0.4016155685227951, 0.4020843329493819, 0.40454146275517366], [0.0, 0.0, 0.0, 0.0, 0.0, 0.0, 0.0, 0.4173825619070151, 0.41762011161874957, 0.4197313037127999], [0.0, 0.0, 0.0, 0.0, 0.0, 0.0, 0.0, 0.0, 0.4317357550878348, 0.4337310395684913], [0.0, 0.0, 0.0, 0.0, 0.0, 0.0, 0.0, 0.0, 0.0, 0.4452031027857449]], "vgg.features.8": [[0.037159667352178696, 0.05262616547923688, 0.07228466028461956, 0.09339147245549562, 0.11738654613550906, 0.12771513159928977, 0.13753895583650108, 0.1698052455174806, 0.18547242337766542, 0.18329324639443184], [0.0, 0.2737906884045731, 0.26674635226407234, 0.2666963745777317, 0.2671322972889379, 0.2618293768491645, 0.2662069695098173, 0.2739859351136578, 0.2742382766967113, 0.2707263084519475], [0.0, 0.0, 0.3267408339831177, 0.32191122052952026, 0.32003233236230055, 0.3132840492436777, 0.3156091474247, 0.3180802252820283, 0.3139863179042919, 0.3125816116686292], [0.0, 0.0, 0.0, 0.3711011846807423, 0.3669567322312421, 0.36052080220854654, 0.36223747328753003, 0.3605760499754834, 0.355344629413288, 0.3568534643203299], [0.0, 0.0, 0.0, 0.0, 0.4070976400385223, 0.4021039805058458, 0.4027693293266815, 0.3998581265109911, 0.393498184003078, 0.39611680000424815], [0.0, 0.0, 0.0, 0.0, 0.0, 0.4324875215662986, 0.4333243812176616, 0.42929351792175996, 0.422591396216095, 0.4272417062392325], [0.0, 0.0, 0.0, 0.0, 0.0, 0.0, 0.46730215204502085, 0.4618782744243686, 0.4542703442982996, 0.45990363172288334], [0.0, 0.0, 0.0, 0.0, 0.0, 0.0, 0.0, 0.4823706899620512, 0.47547353951766475, 0.48107466402775534], [0.0, 0.0, 0.0, 0.0, 0.0, 0.0, 0.0, 0.0, 0.490746451925501, 0.4958065936502951], [0.0, 0.0, 0.0, 0.0, 0.0, 0.0, 0.0, 0.0, 0.0, 0.5161948602517566]], "vgg.features.11": [[0.058500277779127564, 0.09933436104058595, 0.18334752299917503, 0.22384383599511115, 0.25167827383042596, 0.271346776730379, 0.30152902141110555, 0.31861895310643074, 0.33677431486085385, 0.34222725139624244], [0.0, 0.3213953711184506, 0.3390327514467038, 0.3475444221242388, 0.351452195524823, 0.3602346345022869, 0.3804932157101734, 0.381123627550235, 0.39152465952263377, 0.3988492916520859], [0.0, 0.0, 0.3836444984441032, 0.38638419713021793, 0.38804773927288166, 0.39276581319596915, 0.40951511927502715, 0.4043081883612589, 0.41175065033264835, 0.42075864731405416], [0.0, 0.0, 0.0, 0.42568723280861537, 0.4233315483550832, 0.42506629089509773, 0.43724188861068153, 0.4294883740027914, 0.4342219307216958, 0.44366566877169766], [0.0, 0.0, 0.0, 0.0, 0.4466924135702978, 0.4452598471280787, 0.45709795690108435, 0.44966779070014384, 0.4544869506373214, 0.4646673849893392], [0.0, 0.0, 0.0, 0.0, 0.0, 0.4682041232566781, 0.4782754499836066, 0.47196270242497074, 0.4745145646748465, 0.4837142708627746], [0.0, 0.0, 0.0, 0.0, 0.0, 0.0, 0.5058245967546026, 0.4993393343750026, 0.5007627243350901, 0.5108425770361693], [0.0, 0.0, 0.0, 0.0, 0.0, 0.0, 0.0, 0.516053310446424, 0.5167651705001814, 0.5260203549395901], [0.0, 0.0, 0.0, 0.0, 0.0, 0.0, 0.0, 0.0, 0.5301184334961313, 0.5396989440175184], [0.0, 0.0, 0.0, 0.0, 0.0, 0.0, 0.0, 0.0, 0.0, 0.5546230196245248]], "vgg.features.13": [[0.08729629407747372, 0.16049024510565102, 0.3465413098563959, 0.5177370599576505, 0.5272620579140082, 0.5348512285456263, 0.5552889688022414, 0.5947000800849634, 0.6106200313559506, 0.5930665495551158], [0.0, 0.49950946611844566, 0.5168737361377491, 0.5677118873026932, 0.5636128741485408, 0.5684469550532871, 0.5740202540011317, 0.5916741387322851, 0.5919989328241186, 0.5889428610146119], [0.0, 0.0, 0.5829224213115213, 0.6009550772618789, 0.5928088457130959, 0.5940099119809261, 0.600585710294792, 0.6116500807170963, 0.6084172093978838, 0.6048439763746286], [0.0, 0.0, 0.0, 0.6320351634015613, 0.6234133836124225, 0.6225828634965169, 0.6274090500844308, 0.6385333576581352, 0.6351798184009394, 0.6316168545529989], [0.0, 0.0, 0.0, 0.0, 0.6453420049981886, 0.6439539475322259, 0.6483256858140186, 0.6563812823035634, 0.6524436277086715, 0.6493414923632201], [0.0, 0.0, 0.0, 0.0, 0.0, 0.6605228746519026, 0.6653730448460434, 0.671356089700949, 0.6672641854065846, 0.6651136719562682], [0.0, 0.0, 0.0, 0.0, 0.0, 0.0, 0.6896257324508624, 0.6936380064637526, 0.6884270507453039, 0.6885778021735095], [0.0, 0.0, 0.0, 0.0, 0.0, 0.0, 0.0, 0.7059403672285985, 0.700615473874735, 0.7014433717716264], [0.0, 0.0, 0.0, 0.0, 0.0, 0.0, 0.0, 0.0, 0.7096659907800466, 0.7100451708729552], [0.0, 0.0, 0.0, 0.0, 0.0, 0.0, 0.0, 0.0, 0.0, 0.7204053347287167]]}