{"vgg.features.3": [[0.024737336245163714, 0.031016626251128335, 0.042897445411153895, 0.056831346104199064, 0.06915869689845706, 0.08392536789413164, 0.10481810663640559, 0.1289826786001441, 0.1459288792359381, 0.1587212119742665], [0.031016626251128335, 0.20773198831290696, 0.20536575666934945, 0.20427156944174393, 0.20316840665253041, 0.20506872824724867, 0.2114731429516138, 0.21980573487732896, 0.2241401164625111, 0.22940893246111524], [0.042897445411153895, 0.20536575666934945, 0.24103617272754907, 0.23936214935891068, 0.23710007471846092, 0.23700905937507002, 0.24055831114347248, 0.24707017509342988, 0.24970391574383824, 0.253346830245032], [0.056831346104199064, 0.20427156944174393, 0.23936214935891068, 0.27276498633701324, 0.26980915270142103, 0.26914702162187715, 0.2709914191813741, 0.27606961014341297, 0.27741699833696376, 0.27973581744611703], [0.06915869689845706, 0.20316840665253041, 0.23710007471846092, 0.26980915270142103, 0.30785021305480986, 0.30758801110354783, 0.30996334382510365, 0.3143313254255217, 0.3152282415342391, 0.3169537726101566], [0.08392536789413164, 0.20506872824724867, 0.23700905937507002, 0.26914702162187715, 0.30758801110354783, 0.33416594043259107, 0.3363663148805407, 0.3393561112773243, 0.33992301515221196, 0.3406536529690774], [0.10481810663640559, 0.2114731429516138, 0.24055831114347248, 0.2709914191813741, 0.30996334382510365, 0.3363663148805407, 0.3674991597588667, 0.3692358626223224, 0.36805504003604433, 0.3680595829842335], [0.1289826786001441, 0.21980573487732896, 0.24707017509342988, 0.27606961014341297, 0.3143313254255217, 0.3393561112773243, 0.3692358626223224, 0.39072251506604283, 0.38954584062868935, 0.3889788491871957], [0.1459288792359381, 0.2241401164625111, 0.24970391574383824, 0.27741699833696376, 0.3152282415342391, 0.33992301515221196, 0.36805504003604433, 0.38954584062868935, 0.40953963580301744, 0.40855251885101934], [0.1587212119742665, 0.22940893246111524, 0.253346830245032, 0.27973581744611703, 0.3169537726101566, 0.3406536529690774, 0.3680595829842335, 0.3889788491871957, 0.40855251885101934, 0.426477526167764]], "vgg.features.6": [[0.03448839608965443, 0.04661416211911897, 0.0729886217658421, 0.17897375777111355, 0.19578624208398526, 0.21509254129947988, 0.218001533716172, 0.24199585029840673, 0.25249545758601916, 0.25775881018167734], [0.04661416211911897, 0.23024973420074707, 0.2374748969773631, 0.2767689349634979, 0.28727323328509374, 0.29577085557416316, 0.2972167442427198, 0.3091376230159137, 0.31363560367727306, 0.3181085953152833], [0.0729886217658421, 0.2374748969773631, 0.27028499477418155, 0.29270394103648106, 0.3033369030359876, 0.3084524973017638, 0.309085364159115, 0.3174590728608765, 0.3205137818313482, 0.32487631497448116], [0.17897375777111355, 0.2767689349634979, 0.29270394103648106, 0.3190784154117662, 0.32619055972102046, 0.33104873319031175, 0.33136570977218976, 0.3381597872037612, 0.33993494842963085, 0.3447106677799736], [0.19578624208398526, 0.28727323328509374, 0.3033369030359876, 0.32619055972102046, 0.3483366955818625, 0.35366619591712384, 0.3541634285044369, 0.3586595803313503, 0.3597119703315256, 0.36370661949060396], [0.21509254129947988, 0.29577085557416316, 0.3084524973017638, 0.33104873319031175, 0.35366619591712384, 0.38046232781008477, 0.3808885769033436, 0.3848878567526037, 0.38482118580311037, 0.38926035560314237], [0.218001533716172, 0.2972167442427198, 0.309085364159115, 0.33136570977218976, 0.3541634285044369, 0.3808885769033436, 0.40384192465177404, 0.4068117767297776, 0.40633722566545727, 0.41038056778595366], [0.24199585029840673, 0.3091376230159137, 0.3174590728608765, 0.3381597872037612, 0.3586595803313503, 0.3848878567526037, 0.4068117767297776, 0.42359526980080153, 0.42286497892849106, 0.42666588053424165], [0.25249545758601916, 0.31363560367727306, 0.3205137818313482, 0.33993494842963085, 0.3597119703315256, 0.38482118580311037, 0.40633722566545727, 0.42286497892849106, 0.4371578575839816, 0.4410138765255761], [0.25775881018167734, 0.3181085953152833, 0.32487631497448116, 0.3447106677799736, 0.36370661949060396, 0.38926035560314237, 0.41038056778595366, 0.42666588053424165, 0.4410138765255761, 0.4527165946587558]], "vgg.features.8": [[0.03765139869833389, 0.05257649691230507, 0.07292015868409235, 0.09382010188127306, 0.1175847544226823, 0.12698016137738596, 0.13625840474722756, 0.16729637286076146, 0.18368623653447225, 0.18002651870157585], [0.05257649691230507, 0.2777367203718133, 0.26991017815115775, 0.2706585482271537, 0.270617654641418, 0.2665106352768596, 0.2706779705491373, 0.2777220080826857, 0.27714665119903514, 0.27484037081178553], [0.07292015868409235, 0.26991017815115775, 0.3286885623814789, 0.3247462617805133, 0.32255079333991954, 0.31718526731072955, 0.3195347277605734, 0.3220537472423193, 0.31709893203542605, 0.31761098132769344], [0.09382010188127306, 0.2706585482271537, 0.3247462617805133, 0.3750174363374118, 0.3706441397316705, 0.36546890806196825, 0.36725071618468497, 0.3657236039387414, 0.35927695538102505, 0.3629804056550685], [0.1175847544226823, 0.270617654641418, 0.32255079333991954, 0.3706441397316705, 0.411854023174722, 0.4080564989586322, 0.40886111442163275, 0.4061244479903523, 0.39820667218910905, 0.4034805582417441], [0.12698016137738596, 0.2665106352768596, 0.31718526731072955, 0.36546890806196825, 0.4080564989586322, 0.438452803217013, 0.4394665060136347, 0.4357152619506719, 0.42723092528906437, 0.4346305412078311], [0.13625840474722756, 0.2706779705491373, 0.3195347277605734, 0.36725071618468497, 0.40886111442163275, 0.4394665060136347, 0.4736960734661069, 0.46845922823494035, 0.4591732046422807, 0.467662557255575], [0.16729637286076146, 0.2777220080826857, 0.3220537472423193, 0.3657236039387414, 0.4061244479903523, 0.4357152619506719, 0.46845922823494035, 0.4899267361857511, 0.48126324201223897, 0.48988295379523655], [0.18368623653447225, 0.27714665119903514, 0.31709893203542605, 0.35927695538102505, 0.39820667218910905, 0.42723092528906437, 0.4591732046422807, 0.48126324201223897, 0.4968565145482961, 0.5051896258004719], [0.18002651870157585, 0.27484037081178553, 0.31761098132769344, 0.3629804056550685, 0.4034805582417441, 0.4346305412078311, 0.467662557255575, 0.48988295379523655, 0.5051896258004719, 0.5247397917308728]],