{"vgg.features.3": [[0.028065414238448095, 0.030331643871630128, 0.03387299669591585, 0.04104756072259866, 0.04768137413210507, 0.05610766640088659, 0.06581037825898282, 0.08100694510713426, 0.0889145813072906, 0.09642993808270917], [0.0, 0.26312312863926346, 0.2613199984647143, 0.25999754314509715, 0.2588606511156943, 0.25778012056295424, 0.25749074667225463, 0.25954620390883393, 0.25868269434236807, 0.2592245775765539], [0.0, 0.0, 0.3164730907342182, 0.3146832196282872, 0.31286834702356014, 0.31133737267199724, 0.31042976079106704, 0.3113208333447269, 0.30957514237434797, 0.3095892286489085], [0.0, 0.0, 0.0, 0.3519401190899893, 0.34972019029342305, 0.34794461036776875, 0.3466750085632153, 0.34687949641947063, 0.34484842423406326, 0.3444038304410661], [0.0, 0.0, 0.0, 0.0, 0.38051584496354657, 0.3787878434856205, 0.37746264561193693, 0.3770882446744225, 0.3747980554703477, 0.37412749368239606], [0.0, 0.0, 0.0, 0.0, 0.0, 0.403643264496382, 0.40216931352640006, 0.4012027617308855, 0.3987788391211502, 0.39784695912239104], [0.0, 0.0, 0.0, 0.0, 0.0, 0.0, 0.43031155278205363, 0.4288020721735581, 0.4259761090155578, 0.42480011864802675], [0.0, 0.0, 0.0, 0.0, 0.0, 0.0, 0.0, 0.450070502835756, 0.4471737169189685, 0.44574134890029], [0.0, 0.0, 0.0, 0.0, 0.0, 0.0, 0.0, 0.0, 0.4604901165863519, 0.45891079639693166], [0.0, 0.0, 0.0, 0.0, 0.0, 0.0, 0.0, 0.0, 0.0, 0.47149588872455145]], "vgg.features.6": [[0.03640435165473465, 0.04302890547902823, 0.05439474951576971, 0.08599797678047594, 0.09571037573493747, 0.10662844572767777, 0.1168586199648186, 0.13825268933093632, 0.14789368760332272, 0.1554721938755891], [0.0, 0.2874636184792794, 0.2860229743116865, 0.28889476608496045, 0.28841066053243547, 0.28861030312646807, 0.28985019220260955, 0.2936262390504252, 0.2945400622068099, 0.2953989363147786], [0.0, 0.0, 0.3408320280357742, 0.34116139594559275, 0.3405548226349725, 0.3399312994135245, 0.340113951313705, 0.34247316137971545, 0.34273539678610165, 0.3434262572042747], [0.0, 0.0, 0.0, 0.3795842586250767, 0.3784895428641265, 0.3773913199004246, 0.3768267307976002, 0.37820667624874804, 0.37806072677412583, 0.3785411568118722], [0.0, 0.0, 0.0, 0.0, 0.4086548475274849, 0.40778519822417375, 0.4072558257978713, 0.40786680219136534, 0.4072573306168932, 0.40747607546131864], [0.0, 0.0, 0.0, 0.0, 0.0, 0.43231484608539966, 0.4316135234593368, 0.4312691630162164, 0.43042556008712507, 0.4303792748208888], [0.0, 0.0, 0.0, 0.0, 0.0, 0.0, 0.458412417684255, 0.4573690666183157, 0.45609593052759184, 0.45590115518549224], [0.0, 0.0, 0.0, 0.0, 0.0, 0.0, 0.0, 0.4780757143900714, 0.4766343511521076, 0.47626980611744313], [0.0, 0.0, 0.0, 0.0, 0.0, 0.0, 0.0, 0.0, 0.49087392128315277, 0.4903213342668128], [0.0, 0.0, 0.0, 0.0, 0.0, 0.0, 0.0, 0.0, 0.0, 0.5037368986391957]], "vgg.features.8": [[0.056330430245542545, 0.06683297292515525, 0.08989524311152784, 0.1460679278273338, 0.16960090451845145, 0.18998553389185194, 0.2011033699776728, 0.2280190916427256, 0.24278978033534687, 0.25385241207171716], [0.0, 0.3466753594133507, 0.34801347934449617, 0.3574311003010567, 0.36172445198789094, 0.36543776566257313, 0.3674680820810728, 0.37560626094348815, 0.37987434697765443, 0.38288866561316215], [0.0, 0.0, 0.4089757197644007, 0.41557649169331, 0.41924910444859054, 0.42176529244214156, 0.4230405408924112, 0.42901977756903864, 0.43232665379801893, 0.43521869863263063], [0.0, 0.0, 0.0, 0.45817099028162717, 0.4611045775283, 0.4628570571115887, 0.4634282058672015, 0.4686605102344592, 0.47109917444834637, 0.47366853530619313], [0.0, 0.0, 0.0, 0.0, 0.490700540334298, 0.49231897773340405, 0.49279984068830474, 0.4968169743553975, 0.4985268987412292, 0.5009958318408393], [0.0, 0.0, 0.0, 0.0, 0.0, 0.519382823529594, 0.5196319503215281, 0.5228150696645368, 0.5240389979833288, 0.5263170584439718], [0.0, 0.0, 0.0, 0.0, 0.0, 0.0, 0.5441570291851268, 0.5465253129615507, 0.5472350326795433, 0.549126102868862], [0.0, 0.0, 0.0, 0.0, 0.0, 0.0, 0.0, 0.5659218031769024, 0.5665804326862526, 0.5683353368750377], [0.0, 0.0, 0.0, 0.0, 0.0, 0.0, 0.0, 0.0, 0.5798140493452008, 0.5813445125280349], [0.0, 0.0, 0.0, 0.0, 0.0, 0.0, 0.0, 0.0, 0.0, 0.5944143695558397]], "vgg.features.11": [[0.06764734220453286, 0.08197568996858479, 0.1036702381604029, 0.13867848753206188, 0.16476352670438077, 0.17993245028941687, 0.19407736882824994, 0.22870522993007023, 0.24508929671777657, 0.25213788901287915], [0.0, 0.36367722321193446, 0.36403296227317433, 0.36781667212993513, 0.3691674229317172, 0.3698604077151648, 0.3740069482508553, 0.3820794599455435, 0.3863209246332185, 0.3860097971292304], [0.0, 0.0, 0.42508247883301636, 0.4261351865400289, 0.42609235791367744, 0.4264027379361137, 0.42934678586531705, 0.4341279886150659, 0.4364776293669832, 0.43635988562887307], [0.0, 0.0, 0.0, 0.46655455425784986, 0.46531272748811087, 0.465446211773945, 0.46721177360480454, 0.47017168991614033, 0.4714981195332733, 0.47141517937363325], [0.0, 0.0, 0.0, 0.0, 0.4909095769119229, 0.4907846453398208, 0.4921762114598302, 0.49414560599903185, 0.4947271630040508, 0.4947847821240103], [0.0, 0.0, 0.0, 0.0, 0.0, 0.5146752188270202, 0.5158748735593663, 0.5172204042090759, 0.5173418990393225, 0.5176097468913673], [0.0, 0.0, 0.0, 0.0, 0.0, 0.0, 0.5414089793575054, 0.5418356131480466, 0.5414279472858389, 0.5416808343916394], [0.0, 0.0, 0.0, 0.0, 0.0, 0.0, 0.0, 0.5587856046432064, 0.558159627708916, 0.5583565434132687], [0.0, 0.0, 0.0, 0.0, 0.0, 0.0, 0.0, 0.0, 0.569821868998886, 0.5698542402688141], [0.0, 0.0, 0.0, 0.0, 0.0, 0.0, 0.0, 0.0, 0.0, 0.5825543820564916]], "vgg.features.13": [[0.10468990268589179, 0.13061424891698167, 0.17790617745933526, 0.23595348582573789, 0.2627392366522341, 0.2800564330978828, 0.29998560491580517, 0.3319120132995477, 0.35139782627124955, 0.3540002418695074], [0.0, 0.4820789333527187, 0.4861637735028834, 0.49648122439332076, 0.49888717569554325, 0.5023199806794614, 0.5079499217982192, 0.5129376341684428, 0.5169518905589976, 0.5161079055101753], [0.0, 0.0, 0.5561660436073775, 0.5618418116318876, 0.5619704627461816, 0.5640214166422324, 0.5677476909233997, 0.5694233363458517, 0.5716476838412723, 0.5708576017577045], [0.0, 0.0, 0.0, 0.6050141844036288, 0.6042985882093395, 0.6058645970069403, 0.608706845764442, 0.6091256568391876, 0.6106135861823727, 0.6098475390702589], [0.0, 0.0, 0.0, 0.0, 0.6314670327497278, 0.6326589028825835, 0.635078347685437, 0.6347837020238019, 0.6357007159198935, 0.6350642813351585], [0.0, 0.0, 0.0, 0.0, 0.0, 0.6560461949747278, 0.6581543309057282, 0.6570949330056295, 0.6575851241830428, 0.657191337475876], [0.0, 0.0, 0.0, 0.0, 0.0, 0.0, 0.6826454444479683, 0.6807968529187727, 0.6808996893608319, 0.6808704305969706], [0.0, 0.0, 0.0, 0.0, 0.0, 0.0, 0.0, 0.6974564674278712, 0.6975671741738798, 0.6975808143117139], [0.0, 0.0, 0.0, 0.0, 0.0, 0.0, 0.0, 0.0, 0.7099668060705021, 0.709847187670988], [0.0, 0.0, 0.0, 0.0, 0.0, 0.0, 0.0, 0.0, 0.0, 0.7226547639017389]]}