{"vgg.features.3": [[0.03788577978949536, 0.3185228502505182, 0.40898756050121887, 0.4574694797188031, 0.5088769436351599, 0.5432406727747499, 0.57905248554534, 0.6023586071741804, 0.6152999997722468, 0.6304857689354926], [0.0, 0.13351569041126765, 0.23139575185292538, 0.2843328973858079, 0.34751344508156246, 0.38542979329167976, 0.4243421556757572, 0.4519143322652585, 0.46603418287475784, 0.485462065364216], [0.0, 0.0, 0.18449375692666278, 0.23092694453295862, 0.28817061832305546, 0.325474162610239, 0.3636758826999627, 0.3919549154154317, 0.4043369758450278, 0.42433346942986666], [0.0, 0.0, 0.0, 0.2165925151559364, 0.26722237817699973, 0.3012157682878584, 0.33803253065683686, 0.36443519697690596, 0.37671608189686284, 0.3955941741498188], [0.0, 0.0, 0.0, 0.0, 0.26126323840878957, 0.291209949995415, 0.3260725527835571, 0.35059537492734816, 0.36181118255670425, 0.3808575355322068], [0.0, 0.0, 0.0, 0.0, 0.0, 0.28823919168726486, 0.3200709806294318, 0.34232812164829207, 0.35373604241849965, 0.37185405748074385], [0.0, 0.0, 0.0, 0.0, 0.0, 0.0, 0.31746367319694957, 0.3365577951907163, 0.34658412690257656, 0.3640050042378914], [0.0, 0.0, 0.0, 0.0, 0.0, 0.0, 0.0, 0.3345789125312503, 0.3443939443202411, 0.3609774092215262], [0.0, 0.0, 0.0, 0.0, 0.0, 0.0, 0.0, 0.0, 0.3438535003521286, 0.35960795748949437], [0.0, 0.0, 0.0, 0.0, 0.0, 0.0, 0.0, 0.0, 0.0, 0.3618522673830458]], "vgg.features.6": [[0.05063384092615345, 0.35041536628479597, 0.44482952888141075, 0.4930677522392292, 0.5465653369432205, 0.5939091591583122, 0.6183003892414061, 0.650332708466498, 0.649488059445635, 0.6634465583473805], [0.0, 0.17224973959390752, 0.2762495758759078, 0.3302400948194117, 0.3911396095093837, 0.439875450913851, 0.4677441512880465, 0.5041615109159382, 0.5063224634041767, 0.522875826485754], [0.0, 0.0, 0.24501460871413033, 0.29162610886218815, 0.34852294837261283, 0.3977891096092893, 0.4247197012285367, 0.46049709117871934, 0.46105661688605554, 0.4777710405852879], [0.0, 0.0, 0.0, 0.2808166328398905, 0.3317746131564425, 0.3780426408041927, 0.4040152034273287, 0.43819205247326154, 0.4385812919383615, 0.45471988200357866], [0.0, 0.0, 0.0, 0.0, 0.3318951842688617, 0.37560284878945943, 0.3998268904919384, 0.43164458305401204, 0.431884298364551, 0.44769488270857055], [0.0, 0.0, 0.0, 0.0, 0.0, 0.37561406004182674, 0.3986831951586044, 0.4288542506518382, 0.4304541289101768, 0.4458443363831489], [0.0, 0.0, 0.0, 0.0, 0.0, 0.0, 0.400576683170294, 0.4281949879562799, 0.43025082304765394, 0.44527728427794133], [0.0, 0.0, 0.0, 0.0, 0.0, 0.0, 0.0, 0.4296732745946047, 0.43173874636447956, 0.4468767174589416], [0.0, 0.0, 0.0, 0.0, 0.0, 0.0, 0.0, 0.0, 0.43691379777859635, 0.4514235305643996], [0.0, 0.0, 0.0, 0.0, 0.0, 0.0, 0.0, 0.0, 0.0, 0.4548030642691116]], "vgg.features.8": [[0.07154220977657043, 0.4116313396375911, 0.5208367931438559, 0.5794208595607486, 0.6443017480875586, 0.7140889667804955, 0.737581141970197, 0.7816004410764051, 0.7855351483873645, 0.8101471433797348], [0.0, 0.23552245318423473, 0.35299937964690214, 0.4187202075937209, 0.49025627152767964, 0.5652163080347062, 0.5920903596996075, 0.6426145417636452, 0.6490273669793512, 0.6768518347355524], [0.0, 0.0, 0.3326073217775141, 0.3894859337960831, 0.4565475821027715, 0.5311966392790123, 0.5568053031134456, 0.6073064456837883, 0.6123238422168426, 0.6405076263635425], [0.0, 0.0, 0.0, 0.38350736787161954, 0.44369510546747043, 0.5168113737452444, 0.540664130722317, 0.589699237490498, 0.594173150770239, 0.622259896551876], [0.0, 0.0, 0.0, 0.0, 0.4485703468120333, 0.517645643144128, 0.5408842326275093, 0.5876431285627453, 0.590728350286864, 0.6171959762681037], [0.0, 0.0, 0.0, 0.0, 0.0, 0.5203449938153026, 0.542760335500697, 0.5880785165150371, 0.5916508415448386, 0.6171952553485557], [0.0, 0.0, 0.0, 0.0, 0.0, 0.0, 0.5463414440467687, 0.5897391077034884, 0.5932838572490099, 0.6180132341195349], [0.0, 0.0, 0.0, 0.0, 0.0, 0.0, 0.0, 0.591817751263584, 0.5954449138195685, 0.6200458190252918], [0.0, 0.0, 0.0, 0.0, 0.0, 0.0, 0.0, 0.0, 0.5970573494436844, 0.6211780891179308], [0.0, 0.0, 0.0, 0.0, 0.0, 0.0, 0.0, 0.0, 0.0, 0.623488828591535]], "vgg.features.11": [[0.09321297887631198, 0.44806512729126474, 0.5913708915194471, 0.6711686437547223, 0.7708763219623819, 0.8834309062797528, 0.8988866450032359, 0.9714084497364041, 0.9665053346223677, 1.0057816332023954], [0.0, 0.3321043912209172, 0.4695007858840199, 0.5586875594695578, 0.6635033699942361, 0.7832730684329705, 0.8043779858183515, 0.8801585538530002, 0.8789263048781983, 0.9209681512502726], [0.0, 0.0, 0.46642414733890136, 0.549453192234527, 0.6501757683202424, 0.7664371600165862, 0.7881858528827927, 0.8617406723278769, 0.8605555584157532, 0.902430970380541], [0.0, 0.0, 0.0, 0.5550512684695204, 0.6499286745643885, 0.7606168792152517, 0.7824308502364319, 0.8537646746941971, 0.8520695245239669, 0.8939117487092338], [0.0, 0.0, 0.0, 0.0, 0.652343777772102, 0.7615742313913058, 0.7821388736749889, 0.8522436580045476, 0.8501569816449855, 0.891184091782732], [0.0, 0.0, 0.0, 0.0, 0.0, 0.7625634989240215, 0.7825728755907684, 0.8518450678012452, 0.8497238560259311, 0.890595734413518], [0.0, 0.0, 0.0, 0.0, 0.0, 0.0, 0.7880841355112964, 0.8563331308905231, 0.8539459826768385, 0.8937496376695594], [0.0, 0.0, 0.0, 0.0, 0.0, 0.0, 0.0, 0.8587420386274393, 0.8566703792364937, 0.8961316177892096], [0.0, 0.0, 0.0, 0.0, 0.0, 0.0, 0.0, 0.0, 0.8576990287050791, 0.8970835053974505], [0.0, 0.0, 0.0, 0.0, 0.0, 0.0, 0.0, 0.0, 0.0, 0.8971896666494714]], "vgg.features.13": [[0.1422062818954471, 0.6050392299552451, 0.7977114134960439, 0.9318507532355231, 1.04923970944976, 1.1645613578935436, 1.1928770417789236, 1.251441582393937, 1.2547312944948137, 1.2841242732423386], [0.0, 0.4922407888990059, 0.686796287281465, 0.8376057767541488, 0.974008681199211, 1.1071988697663138, 1.1385016616685872, 1.2059636845847932, 1.2142341351879369, 1.2469774582107085], [0.0, 0.0, 0.6858220119412429, 0.8298096346790703, 0.9637299033471245, 1.0966546185080928, 1.1274725606813378, 1.1940876220988714, 1.2031416722424908, 1.2367525756579532], [0.0, 0.0, 0.0, 0.8330720273895071, 0.9636614669628935, 1.0948798426946431, 1.12427281061481, 1.1900368497434024, 1.1988995430564402, 1.2333706141119274], [0.0, 0.0, 0.0, 0.0, 0.9659488052390063, 1.0948575463106782, 1.1239725367282847, 1.1882953222614914, 1.1980928107563729, 1.2328240441893399], [0.0, 0.0, 0.0, 0.0, 0.0, 1.0955559552890943, 1.1239588883911051, 1.1880073159074476, 1.1970965459426728, 1.2322791385969132], [0.0, 0.0, 0.0, 0.0, 0.0, 0.0, 1.124357858890477, 1.1883262251432627, 1.1979584106494674, 1.2323529129486308], [0.0, 0.0, 0.0, 0.0, 0.0, 0.0, 0.0, 1.1898920685288812, 1.1996227787557185, 1.2339387095815813], [0.0, 0.0, 0.0, 0.0, 0.0, 0.0, 0.0, 0.0, 1.2013962632094728, 1.2355423407683948], [0.0, 0.0, 0.0, 0.0, 0.0, 0.0, 0.0, 0.0, 0.0, 1.2364613277662293]]}