{"vgg.features.3": [[0.037734407259738686, 0.25866172296801615, 0.3385047276299218, 0.360386788513039, 0.4127920805251554, 0.455613249524219, 0.4722638912645197, 0.49977507422480644, 0.5042134541027684, 0.5198442527755736], [0.25866172296801615, 0.12752311989459203, 0.21766631408655224, 0.2501488415617878, 0.3006398438870948, 0.33449722077336025, 0.3574747106376242, 0.39204961769914015, 0.39745200854477075, 0.41493393957537533], [0.3385047276299218, 0.21766631408655224, 0.18264626196284375, 0.21062353058628774, 0.2561419118886778, 0.2888725881837278, 0.3102872873679914, 0.3477891701229742, 0.3519847265388659, 0.37059774606609447], [0.360386788513039, 0.2501488415617878, 0.21062353058628774, 0.20726177170195859, 0.2430477386108948, 0.2685635383670916, 0.28795074105887897, 0.32028384424160894, 0.32791285700262296, 0.3433538495297926], [0.4127920805251554, 0.3006398438870948, 0.2561419118886778, 0.2430477386108948, 0.2404902358689084, 0.2640948593762522, 0.2801982883255105, 0.3040498629141868, 0.3140245271631373, 0.3278112391501426], [0.455613249524219, 0.33449722077336025, 0.2888725881837278, 0.2685635383670916, 0.2640948593762522, 0.2706257721333282, 0.28722427962269503, 0.3078869483188301, 0.3183189433293048, 0.33089384108481196], [0.4722638912645197, 0.3574747106376242, 0.3102872873679914, 0.28795074105887897, 0.2801982883255105, 0.28722427962269503, 0.29191227206989984, 0.3075911926518793, 0.31634953616801903, 0.32669848978874755], [0.49977507422480644, 0.39204961769914015, 0.3477891701229742, 0.32028384424160894, 0.3040498629141868, 0.3078869483188301, 0.3075911926518793, 0.308980801481167, 0.3166547940682014, 0.32781272013830953], [0.5042134541027684, 0.39745200854477075, 0.3519847265388659, 0.32791285700262296, 0.3140245271631373, 0.3183189433293048, 0.31634953616801903, 0.3166547940682014, 0.3276206932502416, 0.33725595164427036], [0.5198442527755736, 0.41493393957537533, 0.37059774606609447, 0.3433538495297926, 0.3278112391501426, 0.33089384108481196, 0.32669848978874755, 0.32781272013830953, 0.33725595164427036, 0.34835745369985827]], "vgg.features.6": [[0.04260418713673055, 0.273420537175152, 0.3583404123808667, 0.4007796223185936, 0.45778866813999447, 0.5521033105688753, 0.518448982747199, 0.5660490714148044, 0.5439301722529418, 0.5609380515511625], [0.273420537175152, 0.14555801595827786, 0.22099968184454563, 0.27009238722437845, 0.3182393263691065, 0.41060012546965086, 0.38464314316041903, 0.4351880193938863, 0.4243169651025505, 0.4411244608642382], [0.3583404123808667, 0.22099968184454563, 0.21861320719144609, 0.2561023842511925, 0.2988171489052236, 0.3847917985101916, 0.3575903555868109, 0.4050115637091478, 0.3942519209606789, 0.41034709482802023], [0.4007796223185936, 0.27009238722437845, 0.2561023842511925, 0.24645847371918142, 0.2856210947405754, 0.36750391749232797, 0.3440944068884333, 0.3882792355361065, 0.3829452985770664, 0.3998895133223197], [0.45778866813999447, 0.3182393263691065, 0.2988171489052236, 0.2856210947405754, 0.2821741878536049, 0.3582122488214479, 0.33532124618575093, 0.376615936595566, 0.37029925654022255, 0.3879552616125707], [0.5521033105688753, 0.41060012546965086, 0.3847917985101916, 0.36750391749232797, 0.3582122488214479, 0.3627193966722655, 0.33985227592036243, 0.3755526379661527, 0.3708081807866768, 0.38984383300972575], [0.518448982747199, 0.38464314316041903, 0.3575903555868109, 0.3440944068884333, 0.33532124618575093, 0.33985227592036243, 0.34828131479275926, 0.3800101529318759, 0.37581077378400135, 0.39289318022987396], [0.5660490714148044, 0.4351880193938863, 0.4050115637091478, 0.3882792355361065, 0.376615936595566, 0.3755526379661527, 0.3800101529318759, 0.38401520261834743, 0.37952570080715836, 0.3970455882159183], [0.5439301722529418, 0.4243169651025505, 0.3942519209606789, 0.3829452985770664, 0.37029925654022255, 0.3708081807866768, 0.37581077378400135, 0.37952570080715836, 0.38571316553628393, 0.4023704275024893], [0.5609380515511625, 0.4411244608642382, 0.41034709482802023, 0.3998895133223197, 0.3879552616125707, 0.38984383300972575, 0.39289318022987396, 0.3970455882159183, 0.4023704275024893, 0.40651195293869385]], "vgg.features.8": [[0.05620748877313875, 0.34010430278975196, 0.5001095441606803, 0.5516747183211096, 0.6741412966101953, 0.8360691998281997, 0.7944601216168107, 0.8750911452900086, 0.8610536213685033, 0.8910249195205016], [0.34010430278975196, 0.1964923214399111, 0.32594097178415044, 0.38993964874411063, 0.5172834449436942, 0.7055389575780973, 0.6642169869092214, 0.74485224665579, 0.7352316725014744, 0.7642930969575353], [0.5001095441606803, 0.32594097178415044, 0.31339968522694084, 0.36786208832650674, 0.48960457360948506, 0.6751344933595291, 0.6363089182301663, 0.7132448995237549, 0.7014540859670375, 0.7302714861016392], [0.5516747183211096, 0.38993964874411063, 0.36786208832650674, 0.3679176081575372, 0.48074493442929844, 0.6675266050985013, 0.6299762284529916, 0.7010710614316256, 0.6930332924164218, 0.7208158009619586], [0.6741412966101953, 0.5172834449436942, 0.48960457360948506, 0.48074493442929844, 0.4766133042180036, 0.6608859378789815, 0.6229940551980828, 0.6898041762014695, 0.682374893477111, 0.7100096927109595], [0.8360691998281997, 0.7055389575780973, 0.6751344933595291, 0.6675266050985013, 0.6608859378789815, 0.6619643180208353, 0.6235178202266811, 0.688367474271306, 0.685005334913056, 0.7133296165591668], [0.7944601216168107, 0.6642169869092214, 0.6363089182301663, 0.6299762284529916, 0.6229940551980828, 0.6235178202266811, 0.6267591531217847, 0.6893904649115097, 0.6861221874315714, 0.7144246350568902], [0.8750911452900086, 0.74485224665579, 0.7132448995237549, 0.7010710614316256, 0.6898041762014695, 0.688367474271306, 0.6893904649115097, 0.6857438918023648, 0.6827848899777397, 0.7094916178552293], [0.8610536213685033, 0.7352316725014744, 0.7014540859670375, 0.6930332924164218, 0.682374893477111, 0.685005334913056, 0.6861221874315714, 0.6827848899777397, 0.6817921895167964, 0.7083744614600298], [0.8910249195205016, 0.7642930969575353, 0.7302714861016392, 0.7208158009619586, 0.7100096927109595, 0.7133296165591668, 0.7144246350568902, 0.7094916178552293, 0.7083744614600298, 0.7067217835537395]],