{"vgg.features.3": [[0.02427753217712281, 0.030553945060097884, 0.04260534327702852, 0.05666285464036289, 0.06907273428477445, 0.08380812212754551, 0.10517768888543058, 0.12892828973948073, 0.14646562132794153, 0.1593083940499986], [0.0, 0.20542607244966193, 0.20311274892678696, 0.2017329654080797, 0.20092777083962887, 0.20240394930264635, 0.20917393487838054, 0.2169970293290637, 0.2220679596252188, 0.2275302803612964], [0.0, 0.0, 0.2394370400537154, 0.23755302349667173, 0.23556566722168312, 0.23522475015298347, 0.23898726405893608, 0.24516954288006954, 0.2483437489795568, 0.2521166662705049], [0.0, 0.0, 0.0, 0.27079594119321493, 0.2680865385258817, 0.2672552240373007, 0.2692170120109396, 0.2739967992405188, 0.27587651539333, 0.2781608519641631], [0.0, 0.0, 0.0, 0.0, 0.30518563032831697, 0.3047994284390813, 0.3073039293471732, 0.31150410404273515, 0.3130285249354924, 0.3145917677306619], [0.0, 0.0, 0.0, 0.0, 0.0, 0.33171083283454994, 0.3340225310949701, 0.33685803923233554, 0.3380333993791347, 0.33851406301170545], [0.0, 0.0, 0.0, 0.0, 0.0, 0.0, 0.3648444960659437, 0.3663894940621164, 0.365804260755083, 0.3654186398978542], [0.0, 0.0, 0.0, 0.0, 0.0, 0.0, 0.0, 0.38769617139731044, 0.3871010744865884, 0.3861202130231773], [0.0, 0.0, 0.0, 0.0, 0.0, 0.0, 0.0, 0.0, 0.40694145686343386, 0.4054259091393523], [0.0, 0.0, 0.0, 0.0, 0.0, 0.0, 0.0, 0.0, 0.0, 0.423760364261382]], "vgg.features.6": [[0.034377547279182616, 0.04664627244100554, 0.07299790941673838, 0.17992128727768153, 0.19684605335754424, 0.2160646738173581, 0.21907306825810308, 0.24302617862385423, 0.25348148132888626, 0.2590013152125406], [0.0, 0.2264055101094117, 0.23433808349097401, 0.2748367905164071, 0.2861094234135402, 0.2937675773334091, 0.295147164201014, 0.3069770488768595, 0.3124460499814654, 0.3167701601589933], [0.0, 0.0, 0.2666688796697661, 0.28987021546447594, 0.30131520860542416, 0.3056792798178243, 0.3060529880773858, 0.3141500846211688, 0.3182129674620623, 0.32212202958322084], [0.0, 0.0, 0.0, 0.31446530282530716, 0.322171243700681, 0.32648802677200944, 0.3264840229573264, 0.3329927035001276, 0.3359141750824062, 0.33989947977156365], [0.0, 0.0, 0.0, 0.0, 0.34228964811734747, 0.34713326532892863, 0.3472011054688611, 0.35114934484796323, 0.3534538095123488, 0.35615791137208097], [0.0, 0.0, 0.0, 0.0, 0.0, 0.37303912533399103, 0.37295306848686444, 0.3763347938200369, 0.37763347133728337, 0.3804724525369543], [0.0, 0.0, 0.0, 0.0, 0.0, 0.0, 0.39499325745713454, 0.39718412651834617, 0.39808774225266713, 0.4001768335243172], [0.0, 0.0, 0.0, 0.0, 0.0, 0.0, 0.0, 0.41332293983859114, 0.41397979350344544, 0.4156524180505689], [0.0, 0.0, 0.0, 0.0, 0.0, 0.0, 0.0, 0.0, 0.4278058661945949, 0.4293423461875878], [0.0, 0.0, 0.0, 0.0, 0.0, 0.0, 0.0, 0.0, 0.0, 0.44069211843159883]], "vgg.features.8": [[0.037538686012715386, 0.05244315602707645, 0.07212016267599838, 0.09237690534031856, 0.11608947153864982, 0.12478239963593554, 0.13514629006992201, 0.1670679357440491, 0.18242420580632898, 0.1800380661085779], [0.0, 0.2722092891517121, 0.26467908626530967, 0.2654784615266112, 0.26687663719139676, 0.2617540861202198, 0.266068799489215, 0.27386827567696254, 0.2746779834824442, 0.27085905979665503], [0.0, 0.0, 0.32327266905163465, 0.31936053017073657, 0.31842766619465046, 0.3125861792751338, 0.3146340735330888, 0.3174612135284974, 0.3138136234294253, 0.3122837379558175], [0.0, 0.0, 0.0, 0.3689487188762143, 0.3655521106853574, 0.36035081936140745, 0.3616578011424603, 0.3602413205469855, 0.3554558190470991, 0.35658232602766976], [0.0, 0.0, 0.0, 0.0, 0.40537464858837546, 0.4018039909530232, 0.4018908821698832, 0.39912555200749034, 0.39315666630661306, 0.39531831610210444], [0.0, 0.0, 0.0, 0.0, 0.0, 0.43209144651691095, 0.4322611710662994, 0.4283385673169115, 0.4220168752557703, 0.4262060964642832], [0.0, 0.0, 0.0, 0.0, 0.0, 0.0, 0.4666125133698213, 0.46112814861703855, 0.4540473697098179, 0.45900890617584794], [0.0, 0.0, 0.0, 0.0, 0.0, 0.0, 0.0, 0.4819944279784874, 0.47562118469700476, 0.4805729720943436], [0.0, 0.0, 0.0, 0.0, 0.0, 0.0, 0.0, 0.0, 0.49116921914132866, 0.4955619823132163], [0.0, 0.0, 0.0, 0.0, 0.0, 0.0, 0.0, 0.0, 0.0, 0.5160369269795648]], "vgg.features.11": [[0.058602496098273615, 0.0988411169752749, 0.1836771424950024, 0.22349192037747687, 0.2509026819842018, 0.2693234871323579, 0.30010780797238173, 0.31730652733859316, 0.33546056244079775, 0.34080524023274733], [0.0, 0.3214149223913798, 0.3387676022728012, 0.34827472340953847, 0.352406075709062, 0.3613772816570222, 0.3814121889343106, 0.38189754065176984, 0.3928978997973443, 0.39968854959972866], [0.0, 0.0, 0.3821620558416904, 0.38616232733692696, 0.38798025757123655, 0.39351349475360653, 0.40980515907250503, 0.4042179044110813, 0.41213640252188166, 0.420923892204142], [0.0, 0.0, 0.0, 0.4254659545137528, 0.4230748778573423, 0.42605057546891617, 0.4373243013048549, 0.4287917024518342, 0.43411648978344763, 0.44337274932869114], [0.0, 0.0, 0.0, 0.0, 0.4459942914919775, 0.44613571036215854, 0.45682770857368005, 0.44847981962264233, 0.45400165142586046, 0.4638936120251435], [0.0, 0.0, 0.0, 0.0, 0.0, 0.46885595458057916, 0.47739284294204704, 0.46996209528536514, 0.47323613745946724, 0.4822621064667309], [0.0, 0.0, 0.0, 0.0, 0.0, 0.0, 0.5048960290997999, 0.49728717427789293, 0.49956775488382515, 0.5093347374997647], [0.0, 0.0, 0.0, 0.0, 0.0, 0.0, 0.0, 0.5140205231599322, 0.5155150411491272, 0.524502402550395], [0.0, 0.0, 0.0, 0.0, 0.0, 0.0, 0.0, 0.0, 0.5284394981553259, 0.5379262166985894], [0.0, 0.0, 0.0, 0.0, 0.0, 0.0, 0.0, 0.0, 0.0, 0.5524381235471173]], "vgg.features.13": [[0.08757790281840235, 0.15920398128125218, 0.3472785100114151, 0.5178796896760952, 0.5271866179294081, 0.5330371387527333, 0.5545974270810097, 0.5948008528517563, 0.6106334741796876, 0.5919098392950144], [0.0, 0.5029584736300231, 0.520177662008527, 0.5719614760046031, 0.5663405552548555, 0.5711172207024021, 0.575566847339666, 0.5929184856778517, 0.5933020654775097, 0.5882214331980055], [0.0, 0.0, 0.5860221452553365, 0.6062859330729964, 0.5964032579492757, 0.5978893238826704, 0.6030076777328456, 0.6136502746741296, 0.6108186624795922, 0.6056039637084933], [0.0, 0.0, 0.0, 0.6375204107873471, 0.6264408122543277, 0.6261761775735819, 0.6293463078294564, 0.6397817082762202, 0.6367593252509188, 0.6315150733522901], [0.0, 0.0, 0.0, 0.0, 0.6485482714847229, 0.6478725558004683, 0.6505470725383782, 0.6575960364496874, 0.6539402662102222, 0.6491247767951684], [0.0, 0.0, 0.0, 0.0, 0.0, 0.6646121213172422, 0.6676118487254336, 0.6724124175602949, 0.6686601507174139, 0.665125234786172], [0.0, 0.0, 0.0, 0.0, 0.0, 0.0, 0.691979354659044, 0.694994346041816, 0.6898196907333813, 0.6885023312544893], [0.0, 0.0, 0.0, 0.0, 0.0, 0.0, 0.0, 0.7073268815892656, 0.702051687330517, 0.7015123412210686], [0.0, 0.0, 0.0, 0.0, 0.0, 0.0, 0.0, 0.0, 0.7110176151806413, 0.7100540019646615], [0.0, 0.0, 0.0, 0.0, 0.0, 0.0, 0.0, 0.0, 0.0, 0.7199179116638067]]}