{"vgg.features.3": [[0.03719494705375962, 0.24231056856952327, 0.33205502689766275, 0.3536210841817836, 0.40209408068775415, 0.43824374500925384, 0.46688982598201445, 0.49175046155703334, 0.49640326161472276, 0.5055540192384633], [0.24231056856952327, 0.12565259670146744, 0.22403601130968873, 0.2525737890548693, 0.29865229557931045, 0.32969852538274835, 0.3661543022982817, 0.3991127319408607, 0.40452056413055193, 0.4152687035957552], [0.33205502689766275, 0.22403601130968873, 0.18614190335763367, 0.21048492967244684, 0.2535795634750388, 0.2843764527966901, 0.316577070309194, 0.35265146364473593, 0.3570250753378631, 0.36796632643652794], [0.3536210841817836, 0.2525737890548693, 0.21048492967244684, 0.20369870668347945, 0.23834293301582776, 0.26305826777526703, 0.2911580452318885, 0.32319924379586945, 0.3303838054345055, 0.3376320404668833], [0.40209408068775415, 0.29865229557931045, 0.2535795634750388, 0.23834293301582776, 0.236996097171373, 0.26202296306586204, 0.2836677114580189, 0.3081527558670311, 0.3170878717396151, 0.32231602548178784], [0.43824374500925384, 0.32969852538274835, 0.2843764527966901, 0.26305826777526703, 0.26202296306586204, 0.26855657477164513, 0.2894144269487654, 0.3116467932544337, 0.32082164411926967, 0.3248041154780249], [0.46688982598201445, 0.3661543022982817, 0.316577070309194, 0.2911580452318885, 0.2836677114580189, 0.2894144269487654, 0.29349296554281457, 0.31052691869367427, 0.3162822798988185, 0.3185572982564249], [0.49175046155703334, 0.3991127319408607, 0.35265146364473593, 0.32319924379586945, 0.3081527558670311, 0.3116467932544337, 0.31052691869367427, 0.31181159248301693, 0.315824915610361, 0.31942966990434485], [0.49640326161472276, 0.40452056413055193, 0.3570250753378631, 0.3303838054345055, 0.3170878717396151, 0.32082164411926967, 0.3162822798988185, 0.315824915610361, 0.32555654375595483, 0.32785177887321065], [0.5055540192384633, 0.4152687035957552, 0.36796632643652794, 0.3376320404668833, 0.32231602548178784, 0.3248041154780249, 0.3185572982564249, 0.31942966990434485, 0.32785177887321065, 0.337673243510039]], "vgg.features.6": [[0.04200237146640186, 0.2510787273114867, 0.3370402703150728, 0.38000099350923294, 0.43473310701325524, 0.5382194045765009, 0.49494593235004425, 0.5468951764991872, 0.5260813695605646, 0.5423281204192839], [0.2510787273114867, 0.14870170308299005, 0.22345845992936117, 0.27032729234836916, 0.3173049605301052, 0.421883213198923, 0.3839022288061727, 0.4393946748427455, 0.42955550211879157, 0.44601307729173484], [0.3370402703150728, 0.22345845992936117, 0.22074911054087865, 0.2580925309135242, 0.29891107988499116, 0.3958950613995513, 0.35740912285021803, 0.4100251418693374, 0.4006751085743044, 0.4151080781598164], [0.38000099350923294, 0.27032729234836916, 0.2580925309135242, 0.24926243740796122, 0.2871575751197534, 0.38129024581069804, 0.3453227562150316, 0.39702971165313955, 0.39240545446780584, 0.40714189575390836], [0.43473310701325524, 0.3173049605301052, 0.29891107988499116, 0.2871575751197534, 0.28947853777512705, 0.37798207910479603, 0.341958242814765, 0.3912194931726715, 0.38427301466957287, 0.398480014009279], [0.5382194045765009, 0.421883213198923, 0.3958950613995513, 0.38129024581069804, 0.37798207910479603, 0.3879989035927598, 0.3519572365424127, 0.39656748638152767, 0.38977215262245485, 0.4057491246841081], [0.49494593235004425, 0.3839022288061727, 0.35740912285021803, 0.3453227562150316, 0.341958242814765, 0.3519572365424127, 0.3637093940829818, 0.40429212713387125, 0.39771801765152986, 0.4110083388670164], [0.5468951764991872, 0.4393946748427455, 0.4100251418693374, 0.39702971165313955, 0.3912194931726715, 0.39656748638152767, 0.40429212713387125, 0.4101090160879131, 0.4031869999142503, 0.4167950501149967], [0.5260813695605646, 0.42955550211879157, 0.4006751085743044, 0.39240545446780584, 0.38427301466957287, 0.38977215262245485, 0.39771801765152986, 0.4031869999142503, 0.4088396029987075, 0.4213564060515544], [0.5423281204192839, 0.44601307729173484, 0.4151080781598164, 0.40714189575390836, 0.398480014009279, 0.4057491246841081, 0.4110083388670164, 0.4167950501149967, 0.4213564060515544, 0.42294688503056915]], "vgg.features.8": [[0.057509132092993305, 0.3302281468515706, 0.4912446489222885, 0.5396997559464852, 0.6750550486411425, 0.8744542420980826, 0.8151800278820541, 0.9176383882130467, 0.8995963227540761, 0.9298521626961689], [0.3302281468515706, 0.20247910522452786, 0.33733573992961097, 0.3990507607976885, 0.5473230023067759, 0.7832112319829221, 0.7201110973601459, 0.8272469016027083, 0.8105972978529284, 0.8392384360946861], [0.4912446489222885, 0.33733573992961097, 0.3236887074986395, 0.3784093666666619, 0.520087061913426, 0.7523602682881124, 0.6921468761355989, 0.7952094513046182, 0.7762364332001404, 0.8030562269445014], [0.5396997559464852, 0.3990507607976885, 0.3784093666666619, 0.38069121839531306, 0.5130891945676107, 0.7465057868913082, 0.6865274849708478, 0.7830726773591553, 0.7682973082761679, 0.7932269074501092], [0.6750550486411425, 0.5473230023067759, 0.520087061913426, 0.5130891945676107, 0.5128801811467399, 0.7437704220691529, 0.6833584814577209, 0.7759657668859863, 0.7601370632765908, 0.785020051787373], [0.8744542420980826, 0.7832112319829221, 0.7523602682881124, 0.7465057868913082, 0.7437704220691529, 0.7463708700922632, 0.6852349871226556, 0.7752242641944603, 0.7631680023801944, 0.7905056643823688], [0.8151800278820541, 0.7201110973601459, 0.6921468761355989, 0.6865274849708478, 0.6833584814577209, 0.6852349871226556, 0.6874247471328513, 0.7744450393487831, 0.7623016702853368, 0.7900301135636321], [0.9176383882130467, 0.8272469016027083, 0.7952094513046182, 0.7830726773591553, 0.7759657668859863, 0.7752242641944603, 0.7744450393487831, 0.7666825691778542, 0.7558731950725674, 0.7827442934640041], [0.8995963227540761, 0.8105972978529284, 0.7762364332001404, 0.7682973082761679, 0.7601370632765908, 0.7631680023801944, 0.7623016702853368, 0.7558731950725674, 0.7496721352105111, 0.7761657319114408], [0.9298521626961689, 0.8392384360946861, 0.8030562269445014, 0.7932269074501092, 0.785020051787373, 0.7905056643823688, 0.7900301135636321, 0.7827442934640041, 0.7761657319114408, 0.7715725794159424]],