{"vgg.features.3": [[0.03764424196059338, 0.314495212941123, 0.4038218416543105, 0.45171569523137806, 0.5033233279252828, 0.5362690386227134, 0.5724539621756723, 0.5950032162648559, 0.6082261377867052, 0.6223957873489375], [0.0, 0.1325946378015534, 0.2314492852980395, 0.28215042589561323, 0.3458020908354694, 0.38190549251066047, 0.4214297038213936, 0.4486121267397333, 0.46247379033893726, 0.48119341357757905], [0.0, 0.0, 0.18320853005685603, 0.22921837814541932, 0.2872103928605918, 0.3230314238763586, 0.3615023984969678, 0.3893802774184378, 0.4015111080716255, 0.4207478485283551], [0.0, 0.0, 0.0, 0.2151530435952703, 0.26633359271482127, 0.29892727198770475, 0.33598825011847133, 0.36195748482058065, 0.3740529523639164, 0.39202496911077594], [0.0, 0.0, 0.0, 0.0, 0.2604212669546407, 0.28911499071029273, 0.32415350533217874, 0.3481880403360114, 0.35935465505677217, 0.377516657000478], [0.0, 0.0, 0.0, 0.0, 0.0, 0.2862185359090672, 0.31815454553516986, 0.3400832180625278, 0.3516957193364764, 0.36889097224312556], [0.0, 0.0, 0.0, 0.0, 0.0, 0.0, 0.3153863189083427, 0.3340497539418409, 0.3443116671016236, 0.36109366793535347], [0.0, 0.0, 0.0, 0.0, 0.0, 0.0, 0.0, 0.3322264918585987, 0.3422595756074373, 0.3582833051257554], [0.0, 0.0, 0.0, 0.0, 0.0, 0.0, 0.0, 0.0, 0.3415118157603138, 0.35693842676241505], [0.0, 0.0, 0.0, 0.0, 0.0, 0.0, 0.0, 0.0, 0.0, 0.3592214121407475]], "vgg.features.6": [[0.04983616657817378, 0.3418839364608682, 0.43543452712165975, 0.4818779508292344, 0.5355115583074055, 0.5803432258618151, 0.6051692636164282, 0.6348126492462842, 0.6333426415941662, 0.6455965447443659], [0.0, 0.1701516098434099, 0.272851785203587, 0.3251390256367245, 0.3857285329838159, 0.43129882007868287, 0.4594737283255217, 0.49366078867635493, 0.49517289183140306, 0.5098054810974584], [0.0, 0.0, 0.24356557043920957, 0.28830460470255104, 0.34485794522149243, 0.39105595738662313, 0.4182668488113675, 0.45170750226756023, 0.4515330958666038, 0.46611787633974916], [0.0, 0.0, 0.0, 0.27760604143091683, 0.32792488625060634, 0.37127701259463414, 0.3976666146735026, 0.42965982459159047, 0.429414221065288, 0.4432722639393482], [0.0, 0.0, 0.0, 0.0, 0.3279426517466041, 0.3687421721903837, 0.393455120848486, 0.4232662513205531, 0.4229367196562903, 0.4364334965740893], [0.0, 0.0, 0.0, 0.0, 0.0, 0.36879144788544727, 0.392447224163637, 0.4207819951490648, 0.422025695837368, 0.43509625235140315], [0.0, 0.0, 0.0, 0.0, 0.0, 0.0, 0.394400084702105, 0.4203224024619724, 0.42219969909584604, 0.43512425099663], [0.0, 0.0, 0.0, 0.0, 0.0, 0.0, 0.0, 0.4218360486144137, 0.42358626143824546, 0.4367619249522519], [0.0, 0.0, 0.0, 0.0, 0.0, 0.0, 0.0, 0.0, 0.42889252064030664, 0.4415535467792764], [0.0, 0.0, 0.0, 0.0, 0.0, 0.0, 0.0, 0.0, 0.0, 0.4449119396839182]], "vgg.features.8": [[0.0708307388128782, 0.40441878233250134, 0.5114279401013563, 0.5680791392450153, 0.633546451019106, 0.7018631557691547, 0.7254696474057537, 0.768453745489781, 0.7704000620353817, 0.793860126894881], [0.0, 0.23510804480766806, 0.3505745491456489, 0.41393182227216024, 0.48550932623702703, 0.5582064430108497, 0.5853438895798816, 0.6351154212794166, 0.6394049870221347, 0.6656256723432544], [0.0, 0.0, 0.3324192424761113, 0.38661410980896854, 0.4534505803442072, 0.5254987386977039, 0.5514881818208125, 0.6014899532912859, 0.6045521984997422, 0.6308352022639224], [0.0, 0.0, 0.0, 0.38161927365789966, 0.4411990032685175, 0.5113837302065386, 0.5356088509636662, 0.584260707683981, 0.5870209898676818, 0.6132008179226796], [0.0, 0.0, 0.0, 0.0, 0.4460702781365073, 0.5123711075090296, 0.5360502635084252, 0.5828004863951635, 0.5841784680831112, 0.6088816327981845], [0.0, 0.0, 0.0, 0.0, 0.0, 0.5155336696354264, 0.5384715566961967, 0.583950391488411, 0.585827682608461, 0.6097857194461389], [0.0, 0.0, 0.0, 0.0, 0.0, 0.0, 0.5422490090565875, 0.5859389288270294, 0.5879069102480061, 0.6112887594255199], [0.0, 0.0, 0.0, 0.0, 0.0, 0.0, 0.0, 0.5880023360917332, 0.5900820863471345, 0.6134419965719042], [0.0, 0.0, 0.0, 0.0, 0.0, 0.0, 0.0, 0.0, 0.5917055565958959, 0.614604067317289], [0.0, 0.0, 0.0, 0.0, 0.0, 0.0, 0.0, 0.0, 0.0, 0.6166538439245679]], "vgg.features.11": [[0.09271858456679528, 0.4412975375281854, 0.5828350333014574, 0.6635823380999633, 0.7627964436448985, 0.8759148888105257, 0.8922044692671742, 0.9665443025005018, 0.9572642578085113, 0.9973171546981046], [0.0, 0.33010588601549434, 0.46729910881775266, 0.5562250883951925, 0.6601566286112092, 0.7813637428656, 0.8027133624444558, 0.8813455183688493, 0.8742452329062884, 0.917138215159009], [0.0, 0.0, 0.4649576592208019, 0.5478787043846227, 0.646972582299962, 0.7651016940105555, 0.7872001059303411, 0.8642728085477228, 0.8568752834130209, 0.8994554240634582], [0.0, 0.0, 0.0, 0.5545025814292491, 0.6475907497921335, 0.7602609322412123, 0.7824438700719565, 0.8576420500196109, 0.8497517892302254, 0.8922741438630459], [0.0, 0.0, 0.0, 0.0, 0.6496519405766997, 0.7610630949772779, 0.7820391608966594, 0.8563852826361996, 0.8481969608008391, 0.8898904249786151], [0.0, 0.0, 0.0, 0.0, 0.0, 0.7623811584849732, 0.7828191738549454, 0.856349305284865, 0.8481709759687979, 0.8896313448043195], [0.0, 0.0, 0.0, 0.0, 0.0, 0.0, 0.7880832948289878, 0.8607247209533766, 0.852363611756359, 0.8926549880180118], [0.0, 0.0, 0.0, 0.0, 0.0, 0.0, 0.0, 0.8626644026595668, 0.8548451411537853, 0.8948499722672795], [0.0, 0.0, 0.0, 0.0, 0.0, 0.0, 0.0, 0.0, 0.8555782048068947, 0.8953743818214671], [0.0, 0.0, 0.0, 0.0, 0.0, 0.0, 0.0, 0.0, 0.0, 0.895512303506045]], "vgg.features.13": [[0.14127762144951808, 0.6005558612196388, 0.7919426170162424, 0.9279028681372781, 1.043888557173124, 1.1605135525439807, 1.1907594105531851, 1.2524502391961974, 1.2533629165498752, 1.2849300168045377], [0.0, 0.49147443929738727, 0.6854290767566074, 0.83656800606341, 0.969650036715802, 1.1061402391891753, 1.1395434674880482, 1.2114947818681687, 1.2165195511488445, 1.2507925048678494], [0.0, 0.0, 0.6844031096895523, 0.8282371211567408, 0.9585474513500486, 1.0960582361782198, 1.1293912373921295, 1.2008589599652335, 1.2062954124834064, 1.241609905300619], [0.0, 0.0, 0.0, 0.8326243383041462, 0.9587543590480099, 1.0945759192413183, 1.1267786332016618, 1.1977137843208412, 1.202906704412543, 1.2388375532707554], [0.0, 0.0, 0.0, 0.0, 0.9604278893549466, 1.0942441778763898, 1.1262627742717013, 1.1958098960944354, 1.2018634481453343, 1.2379486802301378], [0.0, 0.0, 0.0, 0.0, 0.0, 1.0949018370719807, 1.1262866407821694, 1.1956280354236204, 1.2010055780465898, 1.2375599154347732], [0.0, 0.0, 0.0, 0.0, 0.0, 0.0, 1.1267688974502907, 1.1959920960293404, 1.2019688247066025, 1.2377563226139112], [0.0, 0.0, 0.0, 0.0, 0.0, 0.0, 0.0, 1.1976842765273634, 1.203609819869366, 1.2391765036531281], [0.0, 0.0, 0.0, 0.0, 0.0, 0.0, 0.0, 0.0, 1.2054264635546426, 1.2408996128424725], [0.0, 0.0, 0.0, 0.0, 0.0, 0.0, 0.0, 0.0, 0.0, 1.2417060213846693]]}