{"vgg.features.3": [[0.0366589362319704, 0.321294219250151, 0.412059574623592, 0.4601761583654556, 0.5124233850305371, 0.5460039578543479, 0.5821296575369106, 0.6044344249879721, 0.6188064339475705, 0.6333095071476459], [0.0, 0.1331453354973606, 0.23091704841026509, 0.2833242078474666, 0.3476427610568181, 0.384951351702622, 0.4243825445255488, 0.450889147297546, 0.4666740642778851, 0.485970217146653], [0.0, 0.0, 0.18269318299289924, 0.2300147507723303, 0.2873843510639483, 0.3238646273243232, 0.36230390651932076, 0.3897465830684484, 0.4038116782629133, 0.42372501660591927], [0.0, 0.0, 0.0, 0.2151600230502649, 0.26615666634000856, 0.29932573443965754, 0.33639278943577056, 0.36207882734871843, 0.37604066323125124, 0.3947703410024862], [0.0, 0.0, 0.0, 0.0, 0.25980944291848024, 0.2888552213131999, 0.3240015149576763, 0.3478050843908973, 0.36056506864811183, 0.3794195026120286], [0.0, 0.0, 0.0, 0.0, 0.0, 0.2858463080144058, 0.3179071274581629, 0.3392586775566157, 0.3520730609633516, 0.3699431727396987], [0.0, 0.0, 0.0, 0.0, 0.0, 0.0, 0.31539016206853826, 0.33360443984049015, 0.34483361330754175, 0.36206334613854596], [0.0, 0.0, 0.0, 0.0, 0.0, 0.0, 0.0, 0.3319372553049654, 0.34283452761958244, 0.35925040412700215], [0.0, 0.0, 0.0, 0.0, 0.0, 0.0, 0.0, 0.0, 0.3420861982619857, 0.35776656440725735], [0.0, 0.0, 0.0, 0.0, 0.0, 0.0, 0.0, 0.0, 0.0, 0.3601652995166243]], "vgg.features.6": [[0.04897928598584673, 0.3560065347834864, 0.44980421312639945, 0.49884693519875484, 0.5532869269499147, 0.5988509329673026, 0.6224207336531403, 0.6528001141440688, 0.6553443836101664, 0.6671684406472711], [0.0, 0.17172802287965258, 0.27416827790616966, 0.3298351022357713, 0.3925316858181747, 0.44064076604020186, 0.4676492241755292, 0.5031255738862013, 0.5083009046231451, 0.5238117943899466], [0.0, 0.0, 0.243371231799158, 0.291189189168696, 0.34923155829703306, 0.3974098133759517, 0.4233438811768817, 0.45811101928595804, 0.46172189195250896, 0.477705183642156], [0.0, 0.0, 0.0, 0.27997275314160974, 0.3319478637120663, 0.37723341961261164, 0.4023290249768029, 0.43562341853970915, 0.4389681050004079, 0.4543796779983475], [0.0, 0.0, 0.0, 0.0, 0.33179108210874386, 0.37415717578164936, 0.3977557194302862, 0.4287366973237345, 0.43147415692454144, 0.44654047508520045], [0.0, 0.0, 0.0, 0.0, 0.0, 0.37399128604585347, 0.3965165595213455, 0.425663849162297, 0.4293934618176734, 0.4439481580818625], [0.0, 0.0, 0.0, 0.0, 0.0, 0.0, 0.3985589637578007, 0.42497276531259476, 0.42894941803564424, 0.4430123157253532], [0.0, 0.0, 0.0, 0.0, 0.0, 0.0, 0.0, 0.4267958505774308, 0.4304435586528217, 0.4446029989051624], [0.0, 0.0, 0.0, 0.0, 0.0, 0.0, 0.0, 0.0, 0.4354920362180012, 0.44910935932711316], [0.0, 0.0, 0.0, 0.0, 0.0, 0.0, 0.0, 0.0, 0.0, 0.45227467486092404]], "vgg.features.8": [[0.06796404309696225, 0.4135005199011057, 0.5197252098848855, 0.5786992701250074, 0.644678251224813, 0.7116906455426517, 0.7349177592302367, 0.7782441488529669, 0.7847674647257824, 0.8071445499081968], [0.0, 0.23541719331548264, 0.3511194471088942, 0.4172056399506082, 0.4905352006243486, 0.5641768232455744, 0.5904605411525397, 0.6412471280194422, 0.6501307675865827, 0.6761259833327381], [0.0, 0.0, 0.3325158513390941, 0.38911043976690884, 0.4567764280182576, 0.5304512339720551, 0.554710843243481, 0.605870876957877, 0.6131513086031319, 0.6396299993963581], [0.0, 0.0, 0.0, 0.3846132784507436, 0.4449842278530504, 0.5171709792449923, 0.539484672290421, 0.5891588260613616, 0.595784787611889, 0.6219825135359233], [0.0, 0.0, 0.0, 0.0, 0.4498297109318371, 0.5180699629431678, 0.5396569541907884, 0.587262858360437, 0.5921401265829662, 0.61682233877768], [0.0, 0.0, 0.0, 0.0, 0.0, 0.5211870508390294, 0.5418495979158193, 0.5878840189093237, 0.5930474598110256, 0.6168965256498138], [0.0, 0.0, 0.0, 0.0, 0.0, 0.0, 0.5457169299163355, 0.5898118754356204, 0.5949662090196733, 0.6179741424348947], [0.0, 0.0, 0.0, 0.0, 0.0, 0.0, 0.0, 0.5921402333748941, 0.5971473529507011, 0.6200046844799213], [0.0, 0.0, 0.0, 0.0, 0.0, 0.0, 0.0, 0.0, 0.599130979217662, 0.621560812602658], [0.0, 0.0, 0.0, 0.0, 0.0, 0.0, 0.0, 0.0, 0.0, 0.6237566505015189]], "vgg.features.11": [[0.09148855920786902, 0.44946397643336233, 0.5877823417719049, 0.6718697102948361, 0.7725007460612164, 0.8907282848801715, 0.9027549878663258, 0.9739264576661377, 0.9740151666461524, 1.0095727173297244], [0.0, 0.3305801615765593, 0.467248032786179, 0.5589278102846901, 0.6662217325519196, 0.7940184328383725, 0.8094961678864577, 0.8859082909546494, 0.8886996026953984, 0.9284519109086602], [0.0, 0.0, 0.46512804892428966, 0.54982915766467, 0.6520914929922733, 0.777249174641006, 0.7922438954197334, 0.8679521329347691, 0.8698702499376259, 0.910309045531061], [0.0, 0.0, 0.0, 0.555872203916636, 0.6516979233503344, 0.7717845558746018, 0.7865069553756557, 0.8603759141894348, 0.8615685155764992, 0.9021523720864727], [0.0, 0.0, 0.0, 0.0, 0.6545584235918387, 0.7732766581914031, 0.7865757447320285, 0.859535659618253, 0.8599010008327334, 0.8998059289078041], [0.0, 0.0, 0.0, 0.0, 0.0, 0.7744302088072088, 0.7870155650869851, 0.8589686180047701, 0.8591919261915062, 0.8991538585199911], [0.0, 0.0, 0.0, 0.0, 0.0, 0.0, 0.7923672111939755, 0.8632810197129642, 0.8630615538867938, 0.9020852957824469], [0.0, 0.0, 0.0, 0.0, 0.0, 0.0, 0.0, 0.8661265844689647, 0.8660292508355435, 0.904758534064468], [0.0, 0.0, 0.0, 0.0, 0.0, 0.0, 0.0, 0.0, 0.867276061452006, 0.9060885425853512], [0.0, 0.0, 0.0, 0.0, 0.0, 0.0, 0.0, 0.0, 0.0, 0.9059983483208202]], "vgg.features.13": [[0.14026400593299068, 0.6089168558872297, 0.7963736487620195, 0.9356744784172261, 1.0531745432954522, 1.1677103863864666, 1.1912376649607326, 1.2486471307433973, 1.256353824854854, 1.2818241031315711], [0.0, 0.49350126677314965, 0.6896459673836394, 0.8410109055073856, 0.9802746079477417, 1.11382326255399, 1.1383413217522265, 1.2062484901623671, 1.217746417551575, 1.2460603245294963], [0.0, 0.0, 0.6888761279240787, 0.8329395200961902, 0.9691973778674042, 1.1024693348829802, 1.1266058911723225, 1.1950511709538494, 1.2068550343943119, 1.2360216870148977], [0.0, 0.0, 0.0, 0.8362562684584686, 0.968788476099533, 1.1003648413216987, 1.1237874999774062, 1.19139654947464, 1.2033011584732383, 1.2325963389245174], [0.0, 0.0, 0.0, 0.0, 0.9709227573731497, 1.100319002520459, 1.1236011577611877, 1.18969680925929, 1.2021039739290387, 1.231405043026964], [0.0, 0.0, 0.0, 0.0, 0.0, 1.1017720177965136, 1.1243019203794287, 1.1900690471744295, 1.2017619656279428, 1.2312929056990938], [0.0, 0.0, 0.0, 0.0, 0.0, 0.0, 1.124790084564734, 1.1902019414524563, 1.2026863448489018, 1.2314597194261523], [0.0, 0.0, 0.0, 0.0, 0.0, 0.0, 0.0, 1.1921047016868076, 1.204438579393813, 1.2329065860059822], [0.0, 0.0, 0.0, 0.0, 0.0, 0.0, 0.0, 0.0, 1.206389318399134, 1.2347234169776198], [0.0, 0.0, 0.0, 0.0, 0.0, 0.0, 0.0, 0.0, 0.0, 1.2349375686537318]]}