{"vgg.features.3": [[0.024855066718048886, 0.031132777078472493, 0.04299008975707914, 0.057306558867999374, 0.0693584349306891, 0.08395862773985394, 0.10468990268589179, 0.12806843174732238, 0.14456841912958207, 0.15760746813713744], [0.0, 0.20716587542232118, 0.20528604961474217, 0.20382448189301614, 0.2027376955587878, 0.20435560495627178, 0.2103371037139256, 0.21826995071007052, 0.22238407504914248, 0.2276546620510552], [0.0, 0.0, 0.24951118274909725, 0.2473897714166569, 0.24533605078029203, 0.24434042444320453, 0.2469995280431243, 0.2523136745174555, 0.2548537215957573, 0.2580250330062458], [0.0, 0.0, 0.0, 0.28281993873938865, 0.27996930189891317, 0.27815055675513695, 0.2788567050047463, 0.282601998055194, 0.28383995009274826, 0.2855929573817723], [0.0, 0.0, 0.0, 0.0, 0.3210935229638055, 0.3195539711269247, 0.3208705949448607, 0.3239683749188511, 0.32478002047177895, 0.32588791544994383], [0.0, 0.0, 0.0, 0.0, 0.0, 0.3482453353509121, 0.34938342294387825, 0.3512256614971187, 0.35184310511758526, 0.3518844386248916], [0.0, 0.0, 0.0, 0.0, 0.0, 0.0, 0.3826942981507122, 0.3834073175650999, 0.382398577499848, 0.38178312652494917], [0.0, 0.0, 0.0, 0.0, 0.0, 0.0, 0.0, 0.4054417097748863, 0.4044919404457573, 0.4031810751360207], [0.0, 0.0, 0.0, 0.0, 0.0, 0.0, 0.0, 0.0, 0.4263006948998966, 0.4246051250977747], [0.0, 0.0, 0.0, 0.0, 0.0, 0.0, 0.0, 0.0, 0.0, 0.44416750944751254]], "vgg.features.6": [[0.0327563664491448, 0.0446607625685312, 0.0722978638924986, 0.17906008435535636, 0.19639826553062478, 0.21619526007618275, 0.21931649048265742, 0.24378568671801024, 0.25446663628942146, 0.2597419170389695], [0.0, 0.22682258660095764, 0.2346967629445539, 0.27402139992034896, 0.285885411977682, 0.2943266585908447, 0.2965121271092624, 0.31007951402136386, 0.31500389024455117, 0.31899244169626484], [0.0, 0.0, 0.2679559192874056, 0.2891473936750302, 0.3010511838908453, 0.3057508497099342, 0.3070020094648788, 0.3165508391650584, 0.3197004158505596, 0.32352881960691365], [0.0, 0.0, 0.0, 0.3125583517056888, 0.3206963046979685, 0.32500708016118346, 0.3259260796188902, 0.3337543970049647, 0.3356447738840702, 0.3398250963389267], [0.0, 0.0, 0.0, 0.0, 0.3413498251697014, 0.34600865551492876, 0.3471339800778651, 0.35255808961839263, 0.3536801166096926, 0.3568519286763861], [0.0, 0.0, 0.0, 0.0, 0.0, 0.3716180894731424, 0.37261415725948044, 0.37743741621480925, 0.37733842384037447, 0.38056912297300816], [0.0, 0.0, 0.0, 0.0, 0.0, 0.0, 0.39389937391281066, 0.39762213216962167, 0.3969637326996786, 0.39956527474257825], [0.0, 0.0, 0.0, 0.0, 0.0, 0.0, 0.0, 0.41204052440863226, 0.41114884891390074, 0.41331431659846035], [0.0, 0.0, 0.0, 0.0, 0.0, 0.0, 0.0, 0.0, 0.42522236475328246, 0.42726788560127066], [0.0, 0.0, 0.0, 0.0, 0.0, 0.0, 0.0, 0.0, 0.0, 0.43963421401318153]], "vgg.features.8": [[0.03573161228517022, 0.04847880521233459, 0.0705843851441452, 0.09255621088454681, 0.11578629381952824, 0.12791386553688547, 0.13539872745369572, 0.16691439466535518, 0.1844602880488818, 0.18144753849696466], [0.0, 0.27062644100969296, 0.26382048488334897, 0.2650160089796597, 0.26611927283521214, 0.2613940453051054, 0.265051051578166, 0.27660839798998466, 0.2782957446716841, 0.2729037588283646], [0.0, 0.0, 0.32368121152785573, 0.31967120795685156, 0.3187403262029066, 0.31217257366394824, 0.3141196448329606, 0.3202457888046955, 0.31734794084522017, 0.3142841538813874], [0.0, 0.0, 0.0, 0.36718675775688864, 0.36410176043867054, 0.35755442262458387, 0.35912492561028686, 0.3612439581610004, 0.3570825456710703, 0.35687291526281595], [0.0, 0.0, 0.0, 0.0, 0.40273100716105725, 0.39756933194129424, 0.3981451578145756, 0.3991894162938029, 0.39366743954869493, 0.3943056073217822], [0.0, 0.0, 0.0, 0.0, 0.0, 0.4282117825633977, 0.4287484540169184, 0.4288915173481599, 0.4229150811665631, 0.42516601095489953], [0.0, 0.0, 0.0, 0.0, 0.0, 0.0, 0.46385390788868, 0.46269523960939346, 0.4556500935506212, 0.4586510344944895], [0.0, 0.0, 0.0, 0.0, 0.0, 0.0, 0.0, 0.4838581777467607, 0.4773947134738642, 0.4802422723973153], [0.0, 0.0, 0.0, 0.0, 0.0, 0.0, 0.0, 0.0, 0.492800344643649, 0.4954499065498082], [0.0, 0.0, 0.0, 0.0, 0.0, 0.0, 0.0, 0.0, 0.0, 0.5159938779887586]], "vgg.features.11": [[0.0571711117278016, 0.09550057915021419, 0.18248999132991775, 0.22268682004858348, 0.25072750295630536, 0.27172256951036183, 0.29950638990866746, 0.31487284994940634, 0.33401939324238866, 0.33893524139748066], [0.0, 0.31668637604205363, 0.3320630719360163, 0.3427497627095864, 0.3452167377740885, 0.3544415289883422, 0.37317664216057966, 0.3754964072536599, 0.38771443792195653, 0.39364956917182387], [0.0, 0.0, 0.37847405737342404, 0.38296140959933445, 0.3837110560721285, 0.3896194960253111, 0.4046314060621288, 0.401876073966937, 0.41055174137462264, 0.4190521234828125], [0.0, 0.0, 0.0, 0.42381126397735064, 0.4197927302177258, 0.4226245308698005, 0.4327014983308063, 0.4270856057174056, 0.4327620478418923, 0.441801471504526], [0.0, 0.0, 0.0, 0.0, 0.44276154623622055, 0.4425380646758508, 0.4527116119641496, 0.44793206477829606, 0.4536392616980573, 0.4633136549229581], [0.0, 0.0, 0.0, 0.0, 0.0, 0.4642084274183613, 0.4729318233449179, 0.4690418592490531, 0.4723461695929575, 0.48065031935086905], [0.0, 0.0, 0.0, 0.0, 0.0, 0.0, 0.4996301565488563, 0.4959203431399757, 0.49789512201834657, 0.5069177425114127], [0.0, 0.0, 0.0, 0.0, 0.0, 0.0, 0.0, 0.5125884528493011, 0.5136636124297357, 0.5218579908118677], [0.0, 0.0, 0.0, 0.0, 0.0, 0.0, 0.0, 0.0, 0.5261516352661715, 0.5350263752524699], [0.0, 0.0, 0.0, 0.0, 0.0, 0.0, 0.0, 0.0, 0.0, 0.5495221269964633]], "vgg.features.13": [[0.08605486180000656, 0.15038717407822214, 0.33968129588644874, 0.5054023691011938, 0.5132641426951815, 0.521236847911428, 0.5390072446148388, 0.5762045452882262, 0.5944759910877124, 0.5753952663478434], [0.0, 0.4987863819769597, 0.5197397315636196, 0.5737167877701103, 0.5652309976241569, 0.5721845443337158, 0.5738158361878878, 0.591394091507072, 0.5950960445020427, 0.5873310562729722], [0.0, 0.0, 0.5867876454665604, 0.6072825264402113, 0.5943377339072886, 0.5993242699281106, 0.600486243480762, 0.6120269854547369, 0.6121989743712303, 0.606194740598386], [0.0, 0.0, 0.0, 0.6420196418908687, 0.6285157236510076, 0.6322414545428476, 0.6312919325323297, 0.6417620932425097, 0.6416424975781028, 0.636291163934592], [0.0, 0.0, 0.0, 0.0, 0.6496351894677485, 0.6534619019369676, 0.6522610014116043, 0.6602768509836979, 0.6593063766735557, 0.6541594602568944], [0.0, 0.0, 0.0, 0.0, 0.0, 0.6706093011944902, 0.6704872941178608, 0.6767804592403709, 0.6757932089504595, 0.6711586760649025], [0.0, 0.0, 0.0, 0.0, 0.0, 0.0, 0.6938575307916496, 0.6986098656280926, 0.6963282432018179, 0.6946659621299361], [0.0, 0.0, 0.0, 0.0, 0.0, 0.0, 0.0, 0.7115098363630783, 0.7088168470424921, 0.7073253784479551], [0.0, 0.0, 0.0, 0.0, 0.0, 0.0, 0.0, 0.0, 0.7171722513721117, 0.7155597036541379], [0.0, 0.0, 0.0, 0.0, 0.0, 0.0, 0.0, 0.0, 0.0, 0.7250906404732089]]}