{"vgg.features.3": [[0.03802198553554899, 0.25000052988611726, 0.3365373867215724, 0.36269223235395637, 0.4131943630804901, 0.45204605415032917, 0.4758836422210767, 0.5015831442210701, 0.507704749102435, 0.5199155125870449], [0.0, 0.12879262033219135, 0.2249371289593527, 0.2598827677742091, 0.30899624420908123, 0.34228078923134714, 0.37274580505140076, 0.40468645632185074, 0.41134467188349727, 0.4243467797404638], [0.0, 0.0, 0.18656063959447527, 0.2175895447525357, 0.26253717432629803, 0.29569334610779463, 0.3228169469685014, 0.35758463731906337, 0.36341403741294914, 0.3770632978482998], [0.0, 0.0, 0.0, 0.21159788223718767, 0.24768450414173898, 0.274911783844203, 0.2985296195898012, 0.32899326367366133, 0.3373519496983672, 0.347861885427746], [0.0, 0.0, 0.0, 0.0, 0.2458875915754079, 0.27341401100709534, 0.2916897192006582, 0.3145663934442033, 0.32473180537988905, 0.3335583339687678], [0.0, 0.0, 0.0, 0.0, 0.0, 0.2798315351263683, 0.29738808086711543, 0.31745856042220316, 0.3277598466840458, 0.3356099684811275], [0.0, 0.0, 0.0, 0.0, 0.0, 0.0, 0.30178472443686283, 0.31720926427071866, 0.32462729969045706, 0.3306837957738866], [0.0, 0.0, 0.0, 0.0, 0.0, 0.0, 0.0, 0.31926244752867566, 0.3251350402101667, 0.33236527734002147], [0.0, 0.0, 0.0, 0.0, 0.0, 0.0, 0.0, 0.0, 0.33548349935875094, 0.34135551780637136], [0.0, 0.0, 0.0, 0.0, 0.0, 0.0, 0.0, 0.0, 0.0, 0.35076939358320985]], "vgg.features.6": [[0.04206360131684457, 0.25466244624826645, 0.3407710932556692, 0.3824188686273227, 0.43989265176777725, 0.5399197416536459, 0.5032657830328157, 0.5531945327679605, 0.5383483243431114, 0.5565098557395156], [0.0, 0.14773715417405223, 0.22262871116725688, 0.26983605325665555, 0.31954206735341717, 0.42006748453799686, 0.3897458437041111, 0.4430795744117306, 0.43890496508392485, 0.4570623892807688], [0.0, 0.0, 0.2183907258018617, 0.2563663089533743, 0.29921155490399387, 0.3935685479104458, 0.36177256192212426, 0.41221652004181053, 0.4081258969243757, 0.42468093233434784], [0.0, 0.0, 0.0, 0.24762014838485708, 0.28708699939187715, 0.3784724158450624, 0.3492034067089458, 0.39809895131622924, 0.398363691716891, 0.415275036166967], [0.0, 0.0, 0.0, 0.0, 0.2893063927599537, 0.3758184568019052, 0.34619625809379917, 0.39150738086580567, 0.3899353420347979, 0.40652569933886096], [0.0, 0.0, 0.0, 0.0, 0.0, 0.3841361287270044, 0.3538722073638053, 0.3941262820710175, 0.39252551748264936, 0.41058918338606304], [0.0, 0.0, 0.0, 0.0, 0.0, 0.0, 0.3645272500661631, 0.40060897910869, 0.39853649783061895, 0.41413385626439964], [0.0, 0.0, 0.0, 0.0, 0.0, 0.0, 0.0, 0.4058370316610544, 0.40308116765424035, 0.4187108881080805], [0.0, 0.0, 0.0, 0.0, 0.0, 0.0, 0.0, 0.0, 0.40841601591999216, 0.4229805672251206], [0.0, 0.0, 0.0, 0.0, 0.0, 0.0, 0.0, 0.0, 0.0, 0.4251740609859003]], "vgg.features.8": [[0.05703786706368695, 0.33290803100300437, 0.49497688603639745, 0.5429315361115551, 0.6761521006202605, 0.8590355164518749, 0.8094207783442766, 0.8996123208714916, 0.8915688229444918, 0.9217593512279497], [0.0, 0.2044237214943526, 0.3320096922165916, 0.39401392983535216, 0.5377698642730255, 0.7535046185003509, 0.6995599677013009, 0.7938226269192201, 0.7886319846051177, 0.818149115757634], [0.0, 0.0, 0.3167222478310319, 0.37176076310826955, 0.5090818598508333, 0.7233828165874313, 0.670718866492927, 0.7609610231251656, 0.7531927632306202, 0.7821840276030507], [0.0, 0.0, 0.0, 0.37271761591699, 0.49956221715661703, 0.7154449286576017, 0.6625547718396358, 0.7463670777419068, 0.7419216357542917, 0.7691017091398025], [0.0, 0.0, 0.0, 0.0, 0.4996698782344665, 0.7131661049907678, 0.6596979044099373, 0.738581648458053, 0.7336415494476304, 0.7604741437260442], [0.0, 0.0, 0.0, 0.0, 0.0, 0.7150702465558014, 0.6607809831481268, 0.7373377724412096, 0.7359322325899886, 0.7644876668795805], [0.0, 0.0, 0.0, 0.0, 0.0, 0.0, 0.663301756631406, 0.7368028482206144, 0.734666564509411, 0.7633135705172799], [0.0, 0.0, 0.0, 0.0, 0.0, 0.0, 0.0, 0.731583293464815, 0.7303709605799185, 0.7574871545512845], [0.0, 0.0, 0.0, 0.0, 0.0, 0.0, 0.0, 0.0, 0.7264416228956454, 0.7530406478355487], [0.0, 0.0, 0.0, 0.0, 0.0, 0.0, 0.0, 0.0, 0.0, 0.7510033095728176]], "vgg.features.11": [[0.07778292824103566, 0.44116528547330025, 0.6890936417189542, 0.8755976967709764, 0.9942117089292077, 1.1846441595132635, 1.1918201437755884, 1.243709468505285, 1.2595968367418109, 1.2725530909370433], [0.0, 0.3462996504918906, 0.546233951259248, 0.7502522627062524, 0.8851875904843138, 1.0920923637556437, 1.0852311576700355, 1.1514282989433813, 1.17830940198996, 1.1949983746142048], [0.0, 0.0, 0.5440267549897966, 0.7391088972861896, 0.8736163600019142, 1.071626704108502, 1.063907026913622, 1.13087566993875, 1.1567172258792635, 1.1779013975165171], [0.0, 0.0, 0.0, 0.7352955885415278, 0.8661824056299401, 1.0593642103641991, 1.0494383442974338, 1.1158706628028474, 1.1410638993875346, 1.1621195455880609], [0.0, 0.0, 0.0, 0.0, 0.8618049057479077, 1.0517115957562622, 1.0406297370544024, 1.106314084594722, 1.1314515874927917, 1.1548012151063007], [0.0, 0.0, 0.0, 0.0, 0.0, 1.043387372322427, 1.0341336703571096, 1.0995206620523663, 1.1243300079855538, 1.1489702395973767], [0.0, 0.0, 0.0, 0.0, 0.0, 0.0, 1.0367796827127933, 1.1014859363839842, 1.1254438626545153, 1.1495629220709938], [0.0, 0.0, 0.0, 0.0, 0.0, 0.0, 0.0, 1.1001346343279943, 1.1233622064584234, 1.1482586542321842], [0.0, 0.0, 0.0, 0.0, 0.0, 0.0, 0.0, 0.0, 1.120806653650901, 1.1470285319514049], [0.0, 0.0, 0.0, 0.0, 0.0, 0.0, 0.0, 0.0, 0.0, 1.1431381445962023]], "vgg.features.13": [[0.12451034425713418, 0.7732525003838066, 1.1560898444662127, 1.2096946886413122, 1.315949338903073, 1.31825674515271, 1.3393963409042458, 1.3622283933005677, 1.3591378821827893, 1.3854413320066161], [0.0, 0.5533257659065108, 0.9552564937853905, 1.056608649849458, 1.1944469384730363, 1.2477941945435034, 1.2458894718125386, 1.2824518464514003, 1.2871400046775991, 1.3376784162545607], [0.0, 0.0, 0.9409183762580919, 1.0289009864427558, 1.1544114994804637, 1.2349184261694577, 1.2263428355968864, 1.2628196067634643, 1.269031376657756, 1.3106845030703256], [0.0, 0.0, 0.0, 1.0172777799181423, 1.1435193572554994, 1.228078469138924, 1.2148354515773248, 1.2578941077318202, 1.2580831674845092, 1.2978749734098771], [0.0, 0.0, 0.0, 0.0, 1.136552456596618, 1.2221233844160917, 1.2086547346011893, 1.2533668402451306, 1.254356622467787, 1.2934481653564582], [0.0, 0.0, 0.0, 0.0, 0.0, 1.2189008277173519, 1.207166844138945, 1.252734602460909, 1.2541678843711455, 1.294204113287944], [0.0, 0.0, 0.0, 0.0, 0.0, 0.0, 1.2040548508159168, 1.251843604865582, 1.2510848693827363, 1.2931943784595967], [0.0, 0.0, 0.0, 0.0, 0.0, 0.0, 0.0, 1.2500362064961705, 1.2510296980777547, 1.2907012857445463], [0.0, 0.0, 0.0, 0.0, 0.0, 0.0, 0.0, 0.0, 1.249261653962824, 1.2884634571659344], [0.0, 0.0, 0.0, 0.0, 0.0, 0.0, 0.0, 0.0, 0.0, 1.284687831424527]]}