{"vgg.features.3": [[0.024171743326929684, 0.03091564325239124, 0.042801055839167435, 0.05572799653136211, 0.06778388064929389, 0.08251259387942915, 0.10251533233762895, 0.1264358779381683, 0.14293410044941574, 0.15627999872939624], [0.0, 0.21099980946547064, 0.2084837340624647, 0.2072779915209624, 0.20617538152004383, 0.20825380302508634, 0.2143881403202523, 0.22182125941166203, 0.2256970996841765, 0.23104566553322917], [0.0, 0.0, 0.2463810154034996, 0.24488139248955293, 0.24260574970267865, 0.24254470663822505, 0.24576318274388664, 0.251336737428696, 0.25378096251005766, 0.2572247195308077], [0.0, 0.0, 0.0, 0.2790184162362615, 0.27591371072725357, 0.2753357289504646, 0.2766904505549009, 0.28078759689821553, 0.2820891924145925, 0.283931244287376], [0.0, 0.0, 0.0, 0.0, 0.31460059482239305, 0.3142502174489101, 0.3160531982956861, 0.3193803160075826, 0.3202866840245211, 0.32132875776543274], [0.0, 0.0, 0.0, 0.0, 0.0, 0.34092634261882865, 0.34260820653049484, 0.3445713234685123, 0.3452033511641449, 0.34520158973100074], [0.0, 0.0, 0.0, 0.0, 0.0, 0.0, 0.37414037794614197, 0.3749715796764618, 0.3740410440149882, 0.3732433406605842], [0.0, 0.0, 0.0, 0.0, 0.0, 0.0, 0.0, 0.3974306034964989, 0.39650807110907493, 0.39513035853310846], [0.0, 0.0, 0.0, 0.0, 0.0, 0.0, 0.0, 0.0, 0.41665353653558335, 0.4148330910295095], [0.0, 0.0, 0.0, 0.0, 0.0, 0.0, 0.0, 0.0, 0.0, 0.43299919474844123]], "vgg.features.6": [[0.03351381565741807, 0.045361511522045636, 0.071964561383083, 0.17254195470184516, 0.18925029353069997, 0.20802015823947081, 0.21125209554987662, 0.2352968032093315, 0.24547932656549312, 0.2513070171398232], [0.0, 0.22890915386697247, 0.23520755794254322, 0.2716492730675633, 0.282106107851134, 0.29078843100106283, 0.2923204272853707, 0.3039586668456716, 0.30803718046394485, 0.31229656166179237], [0.0, 0.0, 0.26955730126495453, 0.2902857381855213, 0.30045481448213823, 0.3059499909550648, 0.30659228622297485, 0.31440656554682395, 0.3168960797098746, 0.32073166163053035], [0.0, 0.0, 0.0, 0.3147113342429657, 0.32128912310021296, 0.3266695143960342, 0.32698513837471443, 0.33321796469066967, 0.3345698366172581, 0.3385707739054715], [0.0, 0.0, 0.0, 0.0, 0.3439950945476166, 0.349951657096118, 0.3503492077598918, 0.35411903564385827, 0.3546388037356254, 0.35749532156379826], [0.0, 0.0, 0.0, 0.0, 0.0, 0.37591680582255954, 0.37612910902598473, 0.37933387983810746, 0.3787212692758942, 0.38181992021887523], [0.0, 0.0, 0.0, 0.0, 0.0, 0.0, 0.399324653519575, 0.4013132490157992, 0.40016454582136907, 0.4026178454107317], [0.0, 0.0, 0.0, 0.0, 0.0, 0.0, 0.0, 0.41758292937462793, 0.41619437344541776, 0.4181529598066953], [0.0, 0.0, 0.0, 0.0, 0.0, 0.0, 0.0, 0.0, 0.4312762922922769, 0.43317985057194436], [0.0, 0.0, 0.0, 0.0, 0.0, 0.0, 0.0, 0.0, 0.0, 0.4455228589992267]], "vgg.features.8": [[0.0371115046437967, 0.049834970056770934, 0.07255485482373276, 0.09203560351247676, 0.11483254951480876, 0.12256963148895215, 0.13173707828633097, 0.16299563105872214, 0.18047319476258214, 0.1786828634421525], [0.0, 0.2762926235447355, 0.2679471392193977, 0.26859610768397557, 0.26837433548464307, 0.2645561676223004, 0.2670769697670549, 0.27406258634697794, 0.27406038401697635, 0.2707653094126215], [0.0, 0.0, 0.32726431351071067, 0.3238951556674482, 0.32149422869434, 0.3169190318212637, 0.3177293596147302, 0.320101858114197, 0.315836813267993, 0.3145458852724443], [0.0, 0.0, 0.0, 0.37478030806266127, 0.37023534700017663, 0.3659111633621534, 0.3660340843744798, 0.3645973762936456, 0.35872888452814755, 0.35964589579598266], [0.0, 0.0, 0.0, 0.0, 0.4108871834393512, 0.4080974041241449, 0.4071446051399584, 0.4046188393616907, 0.3971440711320154, 0.3991814417706168], [0.0, 0.0, 0.0, 0.0, 0.0, 0.43769042297277794, 0.43678461039579236, 0.4334150802414929, 0.42529026898847816, 0.4290729341125879], [0.0, 0.0, 0.0, 0.0, 0.0, 0.0, 0.47230804545453475, 0.46737637464471465, 0.45844151033220937, 0.4629171245105307], [0.0, 0.0, 0.0, 0.0, 0.0, 0.0, 0.0, 0.4886297832198163, 0.480211307626816, 0.4846510732760491], [0.0, 0.0, 0.0, 0.0, 0.0, 0.0, 0.0, 0.0, 0.49752656891692365, 0.5016612186693062], [0.0, 0.0, 0.0, 0.0, 0.0, 0.0, 0.0, 0.0, 0.0, 0.5210439799304121]], "vgg.features.11": [[0.05856548687596608, 0.09738172259678908, 0.18329095727273906, 0.22174457543521559, 0.2482021825380995, 0.2660802874777819, 0.2958899197248069, 0.3131530870983551, 0.33340834211684883, 0.3379892126973278], [0.0, 0.3333128932196683, 0.3452822545193919, 0.35476957552182775, 0.3566788722692503, 0.3644159649602765, 0.38099108452561115, 0.3808349255921708, 0.3917470247617356, 0.39832883153957094], [0.0, 0.0, 0.3913429619404478, 0.3958864058007945, 0.3950568001896648, 0.39931898117356135, 0.4116527911551483, 0.40553750785337456, 0.4127330912453546, 0.4211215684582407], [0.0, 0.0, 0.0, 0.435627656061662, 0.430995315205617, 0.4326611275800445, 0.4400783693594774, 0.43090656494450597, 0.4351269376466335, 0.4436713618597822], [0.0, 0.0, 0.0, 0.0, 0.45542925884373414, 0.4547160821493741, 0.46159704500448046, 0.4523127264949662, 0.4567320999806939, 0.46593269747426797], [0.0, 0.0, 0.0, 0.0, 0.0, 0.47843678843674664, 0.4828865855279204, 0.47431428095980704, 0.476315047090063, 0.48492005086052486], [0.0, 0.0, 0.0, 0.0, 0.0, 0.0, 0.5119337311582648, 0.5030779787139873, 0.5040017025130262, 0.5134751979624572], [0.0, 0.0, 0.0, 0.0, 0.0, 0.0, 0.0, 0.5194545111299579, 0.5198467725691439, 0.5284243970577208], [0.0, 0.0, 0.0, 0.0, 0.0, 0.0, 0.0, 0.0, 0.5332346982401611, 0.5425514240568048], [0.0, 0.0, 0.0, 0.0, 0.0, 0.0, 0.0, 0.0, 0.0, 0.5563183293550696]], "vgg.features.13": [[0.08876544069997036, 0.15392212594166793, 0.3499617402155402, 0.5172563250249211, 0.5255570756431743, 0.5338846518909316, 0.5553168943080453, 0.5928148200969622, 0.6093589731817551, 0.5922716813845518], [0.0, 0.5124551139011354, 0.5281583357130236, 0.5906907863909381, 0.5830659853880251, 0.5851564678209881, 0.5883705861732141, 0.6029903547340241, 0.603186238513602, 0.5973012536061415], [0.0, 0.0, 0.5943634929697318, 0.6284768948531821, 0.6169245497820376, 0.6147942357200755, 0.6183303117041936, 0.6265916578651651, 0.6249438080212879, 0.6181816124127391], [0.0, 0.0, 0.0, 0.6599943912263163, 0.6470914314879256, 0.6432843947296244, 0.6447020553606577, 0.6530759041009436, 0.6509585717358372, 0.6429519290534969], [0.0, 0.0, 0.0, 0.0, 0.6695460959844749, 0.6652241525017378, 0.6662508582551676, 0.6713198689322465, 0.668523004320423, 0.6610204166612944], [0.0, 0.0, 0.0, 0.0, 0.0, 0.6813507466341214, 0.6826800246342888, 0.6858913726093271, 0.6828621604696394, 0.6765836203494003], [0.0, 0.0, 0.0, 0.0, 0.0, 0.0, 0.7065311101441278, 0.7085629841061599, 0.7043179431701704, 0.6999982959170252], [0.0, 0.0, 0.0, 0.0, 0.0, 0.0, 0.0, 0.7208853371965691, 0.7165483730567566, 0.7126406173148352], [0.0, 0.0, 0.0, 0.0, 0.0, 0.0, 0.0, 0.0, 0.7260866921521144, 0.7219073367123627], [0.0, 0.0, 0.0, 0.0, 0.0, 0.0, 0.0, 0.0, 0.0, 0.7326589357149916]]}