{"vgg.features.3": [[0.027138905558282595, 0.028974653572878206, 0.032623238875139134, 0.03946734792886729, 0.04615248665510171, 0.05386041243212453, 0.063478768342517, 0.07802338758702525, 0.0857491841799658, 0.09336590287181099], [0.028974653572878206, 0.26036547311713054, 0.2586146478302384, 0.25723221693540743, 0.25617178894118775, 0.2550959486392435, 0.2547915333652411, 0.256609673122969, 0.2557597967237655, 0.2564177334319687], [0.032623238875139134, 0.2586146478302384, 0.31519621813645954, 0.3133528943651707, 0.3115655286444096, 0.310059002768423, 0.3090950555981615, 0.3097281017636532, 0.30801948664624546, 0.30801358848833044], [0.03946734792886729, 0.25723221693540743, 0.3133528943651707, 0.3513391192024642, 0.34907265959594996, 0.3472847980673341, 0.3459195395741559, 0.3458555453073991, 0.3438032837198218, 0.3433072813458287], [0.04615248665510171, 0.25617178894118775, 0.3115655286444096, 0.34907265959594996, 0.3794653643928811, 0.3776982042401369, 0.37629848017620443, 0.37565532770307763, 0.3733997433215114, 0.3726531220779485], [0.05386041243212453, 0.2550959486392435, 0.310059002768423, 0.3472847980673341, 0.3776982042401369, 0.40242293594189377, 0.4008825828733107, 0.3996824704480511, 0.3972787349033334, 0.3962853045155002], [0.063478768342517, 0.2547915333652411, 0.3090950555981615, 0.3459195395741559, 0.37629848017620443, 0.4008825828733107, 0.42928907864666854, 0.4275743023728655, 0.4247710485331773, 0.42351708539077737], [0.07802338758702525, 0.256609673122969, 0.3097281017636532, 0.3458555453073991, 0.37565532770307763, 0.3996824704480511, 0.4275743023728655, 0.44901791803832364, 0.44614515392623594, 0.44466480308496226], [0.0857491841799658, 0.2557597967237655, 0.30801948664624546, 0.3438032837198218, 0.3733997433215114, 0.3972787349033334, 0.4247710485331773, 0.44614515392623594, 0.4597779235998978, 0.4581389168136413], [0.09336590287181099, 0.2564177334319687, 0.30801358848833044, 0.3433072813458287, 0.3726531220779485, 0.3962853045155002, 0.42351708539077737, 0.44466480308496226, 0.4581389168136413, 0.4707310644987769]], "vgg.features.6": [[0.03626488383931643, 0.04261398220258064, 0.054154123746850094, 0.08412691043860407, 0.09400496701494405, 0.10504067501201499, 0.11611345150565204, 0.13729398330366224, 0.147649171034585, 0.15576792376174603], [0.04261398220258064, 0.29373825046704366, 0.2922091295285085, 0.29422473052884895, 0.29385124936467194, 0.29387470832638535, 0.29520252587493107, 0.2987446567164169, 0.29967724847911464, 0.3008923445621576], [0.054154123746850094, 0.2922091295285085, 0.34970749102020704, 0.3493797663969754, 0.34864353044903, 0.3477230572229328, 0.3478834213731785, 0.3498509844736543, 0.3499883374526854, 0.35080322066543157], [0.08412691043860407, 0.29422473052884895, 0.3493797663969754, 0.38909142820897524, 0.3877622041681208, 0.3863843552991291, 0.385704134909216, 0.38659561407430226, 0.3863206082460052, 0.38675177387480214], [0.09400496701494405, 0.29385124936467194, 0.34864353044903, 0.3877622041681208, 0.41819009435121496, 0.41698111359568946, 0.41632674855413754, 0.4164490644803783, 0.4157266155459576, 0.4158347852565225], [0.10504067501201499, 0.29387470832638535, 0.3477230572229328, 0.3863843552991291, 0.41698111359568946, 0.44190155275935955, 0.4410454386497362, 0.4401765784660387, 0.4392115061308946, 0.4389838121065889], [0.11611345150565204, 0.29520252587493107, 0.3478834213731785, 0.385704134909216, 0.41632674855413754, 0.4410454386497362, 0.46853196613289355, 0.4669169717719125, 0.46553544715000084, 0.4650641263401169], [0.13729398330366224, 0.2987446567164169, 0.3498509844736543, 0.38659561407430226, 0.4164490644803783, 0.4401765784660387, 0.4669169717719125, 0.4881070197543157, 0.48653180708941046, 0.4858367150806188], [0.147649171034585, 0.29967724847911464, 0.3499883374526854, 0.3863206082460052, 0.4157266155459576, 0.4392115061308946, 0.46553544715000084, 0.48653180708941046, 0.5011446063104237, 0.500193191800614], [0.15576792376174603, 0.3008923445621576, 0.35080322066543157, 0.38675177387480214, 0.4158347852565225, 0.4389838121065889, 0.4650641263401169, 0.4858367150806188, 0.500193191800614, 0.5137037621759306]], "vgg.features.8": [[0.05713459038747807, 0.06720323263538774, 0.09169904556670101, 0.14942733071046824, 0.17310242765725511, 0.19409405705994426, 0.20630432351796196, 0.233560913566901, 0.2492486647910068, 0.261445012683338], [0.06720323263538774, 0.35245433208509447, 0.3538507928653881, 0.3630874446872673, 0.3672251096406371, 0.3709474755927903, 0.37320835806019753, 0.38180584302986786, 0.38645267851846954, 0.3905754498285479], [0.09169904556670101, 0.3538507928653881, 0.4171698940239178, 0.42338145792924475, 0.4268314141742854, 0.4290717879449977, 0.43051668842462976, 0.43671810088055896, 0.4403060936382599, 0.44380158998528063], [0.14942733071046824, 0.3630874446872673, 0.42338145792924475, 0.46701481690340696, 0.4698018544412048, 0.47107855576656205, 0.47169636008902693, 0.4770449844806466, 0.4797118754303598, 0.48245600125717353], [0.17310242765725511, 0.3672251096406371, 0.4268314141742854, 0.4698018544412048, 0.49985131160309143, 0.5010135777076772, 0.5014926229331316, 0.505569034280198, 0.5076182142660446, 0.5099890255805181], [0.19409405705994426, 0.3709474755927903, 0.4290717879449977, 0.47107855576656205, 0.5010135777076772, 0.5280980116064564, 0.5282816850086426, 0.5314122782826648, 0.5329825402310127, 0.534934599222045], [0.20630432351796196, 0.37320835806019753, 0.43051668842462976, 0.47169636008902693, 0.5014926229331316, 0.5282816850086426, 0.5533048482394307, 0.5555495203262828, 0.5565719056560011, 0.558065423783369], [0.233560913566901, 0.38180584302986786, 0.43671810088055896, 0.4770449844806466, 0.505569034280198, 0.5314122782826648, 0.5555495203262828, 0.5755181516831338, 0.5764342392001897, 0.5776891227158049], [0.2492486647910068, 0.38645267851846954, 0.4403060936382599, 0.4797118754303598, 0.5076182142660446, 0.5329825402310127, 0.5565719056560011, 0.5764342392001897, 0.5895705005025811, 0.590548002981659], [0.261445012683338, 0.3905754498285479, 0.44380158998528063, 0.48245600125717353, 0.5099890255805181, 0.534934599222045, 0.558065423783369, 0.5776891227158049, 0.590548002981659, 0.604199027530943]],