{"vgg.features.3": [[0.03707775354086248, 0.317115015691306, 0.40733722896835656, 0.4542846066038471, 0.5058162316269466, 0.5378028704066377, 0.5736689052648587, 0.595423871951722, 0.6095547320728433, 0.6240607891806181], [0.317115015691306, 0.13164493237936764, 0.23259836196936212, 0.2829057881201654, 0.346535343143679, 0.38195170995925015, 0.42065882158063067, 0.4470901785664049, 0.4622419512572713, 0.481862388500512], [0.40733722896835656, 0.23259836196936212, 0.18413112835612466, 0.22848797009735838, 0.2863597409537737, 0.32138876699029545, 0.35996127915269716, 0.3873149059174093, 0.40077702506717805, 0.4209717970310536], [0.4542846066038471, 0.2829057881201654, 0.22848797009735838, 0.21346894513366288, 0.26550414998768224, 0.2973176627770457, 0.334427858476584, 0.3600895237636858, 0.37354105670458343, 0.39239890808859956], [0.5058162316269466, 0.346535343143679, 0.2863597409537737, 0.26550414998768224, 0.2594772172243728, 0.2872103928605918, 0.32232938508984066, 0.3460478454924356, 0.3584165418446419, 0.37756128361505825], [0.5378028704066377, 0.38195170995925015, 0.32138876699029545, 0.2973176627770457, 0.2872103928605918, 0.2848301055456518, 0.3169008615322131, 0.33820035981119523, 0.3508113724739644, 0.3689676645655822], [0.5736689052648587, 0.42065882158063067, 0.35996127915269716, 0.334427858476584, 0.32232938508984066, 0.3169008615322131, 0.3147577373024493, 0.3327471279762732, 0.3438458975820578, 0.36152632858498995], [0.595423871951722, 0.4470901785664049, 0.3873149059174093, 0.3600895237636858, 0.3460478454924356, 0.33820035981119523, 0.3327471279762732, 0.33146210281470984, 0.34219172690227767, 0.35909354942734223], [0.6095547320728433, 0.4622419512572713, 0.40077702506717805, 0.37354105670458343, 0.3584165418446419, 0.3508113724739644, 0.3438458975820578, 0.34219172690227767, 0.34162676648590634, 0.3579530679882168], [0.6240607891806181, 0.481862388500512, 0.4209717970310536, 0.39239890808859956, 0.37756128361505825, 0.3689676645655822, 0.36152632858498995, 0.35909354942734223, 0.3579530679882168, 0.3605951398295269]], "vgg.features.6": [[0.049304476548804044, 0.34541782923656184, 0.43914632176656626, 0.4869020051990756, 0.5393847608854515, 0.5824638029191493, 0.606276650458981, 0.6353135173900101, 0.635135815984433, 0.6472248920694484], [0.34541782923656184, 0.16952708420493162, 0.27258601592917214, 0.3269712199812094, 0.3872460958277289, 0.4323805671042438, 0.4595769391961219, 0.49346087556907575, 0.49594877677566457, 0.5111190069228705], [0.43914632176656626, 0.27258601592917214, 0.24230957493459065, 0.28929284995488097, 0.3452903552233529, 0.39047665022345557, 0.4167929888474765, 0.45010174079726867, 0.4509162292401772, 0.46612742526377227], [0.4869020051990756, 0.3269712199812094, 0.28929284995488097, 0.27793774153213296, 0.32785733188364613, 0.3702490192555944, 0.3957291827448359, 0.42770365162222973, 0.4285056599536339, 0.4429934048451598], [0.5393847608854515, 0.3872460958277289, 0.3452903552233529, 0.32785733188364613, 0.3280181447578446, 0.36739457586819246, 0.3914727987224939, 0.4213106435131836, 0.42169845692155494, 0.43575617589938676], [0.5824638029191493, 0.4323805671042438, 0.39047665022345557, 0.3702490192555944, 0.36739457586819246, 0.36817041230822356, 0.39144514737987884, 0.41940604107674434, 0.4210327616509101, 0.4345592852954368], [0.606276650458981, 0.4595769391961219, 0.4167929888474765, 0.3957291827448359, 0.3914727987224939, 0.39144514737987884, 0.39418100089843144, 0.41947922024288, 0.4213970637501116, 0.4346197339414249], [0.6353135173900101, 0.49346087556907575, 0.45010174079726867, 0.42770365162222973, 0.4213106435131836, 0.41940604107674434, 0.41947922024288, 0.4215048835158598, 0.42318759210315904, 0.4365842076495368], [0.635135815984433, 0.49594877677566457, 0.4509162292401772, 0.4285056599536339, 0.42169845692155494, 0.4210327616509101, 0.4213970637501116, 0.42318759210315904, 0.4285212955900802, 0.44136130866268447], [0.6472248920694484, 0.5111190069228705, 0.46612742526377227, 0.4429934048451598, 0.43575617589938676, 0.4345592852954368, 0.4346197339414249, 0.4365842076495368, 0.44136130866268447, 0.4452251093195093]], "vgg.features.8": [[0.06898848384511096, 0.40411738444259016, 0.510005020283412, 0.5674766197073047, 0.6322872443051348, 0.698741639944951, 0.7211016770905878, 0.7641997269112359, 0.7668770647950639, 0.7894892786907901], [0.40411738444259016, 0.23440182330452816, 0.35036952543155536, 0.41507659639837646, 0.48674962453268505, 0.5588792504129262, 0.5843514727677509, 0.6343492564856507, 0.6391969922695435, 0.6649911014642101], [0.510005020283412, 0.35036952543155536, 0.3332899378427163, 0.388334491800382, 0.45478895277707526, 0.5261353752086246, 0.5501818647902041, 0.6007979914638643, 0.6042906154910042, 0.6301409223853538], [0.5674766197073047, 0.41507659639837646, 0.388334491800382, 0.3843071970130497, 0.4433001964261861, 0.5127235827922263, 0.5348846717687706, 0.5842455789587975, 0.5873762308538572, 0.6129828679683899], [0.6322872443051348, 0.48674962453268505, 0.45478895277707526, 0.4433001964261861, 0.4484107525832458, 0.5135234904760212, 0.5352896994187087, 0.5827523992858745, 0.5842611399281861, 0.6082889302018964], [0.698741639944951, 0.5588792504129262, 0.5261353752086246, 0.5127235827922263, 0.5135234904760212, 0.5169260814908591, 0.538072179418004, 0.5839270389215067, 0.5857858526551717, 0.6089912562092663], [0.7211016770905878, 0.5843514727677509, 0.5501818647902041, 0.5348846717687706, 0.5352896994187087, 0.538072179418004, 0.5416758632415379, 0.585646436371281, 0.587473130746199, 0.610075724770327], [0.7641997269112359, 0.6343492564856507, 0.6007979914638643, 0.5842455789587975, 0.5827523992858745, 0.5839270389215067, 0.585646436371281, 0.5874399002964553, 0.5892787407435123, 0.6117421463490427], [0.7668770647950639, 0.6391969922695435, 0.6042906154910042, 0.5873762308538572, 0.5842611399281861, 0.5857858526551717, 0.587473130746199, 0.5892787407435123, 0.590783140573025, 0.612783608424183], [0.7894892786907901, 0.6649911014642101, 0.6301409223853538, 0.6129828679683899, 0.6082889302018964, 0.6089912562092663, 0.610075724770327, 0.6117421463490427, 0.612783608424183, 0.6145306734169926]],