{"vgg.features.3": [[0.02691613996557088, 0.028855076630053295, 0.0323792848513114, 0.0391092178534778, 0.04539698760193304, 0.05336656010291898, 0.062457677263954646, 0.07671705706329768, 0.08418718323003724, 0.09174069467785113], [0.0, 0.26808173608911684, 0.266498182971353, 0.2652905399197131, 0.2643760270082279, 0.2633901999989298, 0.26309356502363107, 0.26471614148534495, 0.26391532522242134, 0.26459514431610665], [0.0, 0.0, 0.32411794724428816, 0.3224296591729568, 0.32082599139551743, 0.3192973468985373, 0.3183027548358129, 0.31883465438975644, 0.31718535013452903, 0.31723675355103775], [0.0, 0.0, 0.0, 0.35960694123220954, 0.3575862685994036, 0.35585344456416557, 0.35445835896078187, 0.3543267900046513, 0.35241029966109605, 0.3519644982508915], [0.0, 0.0, 0.0, 0.0, 0.3890400454554293, 0.3872778193525929, 0.3858250019215261, 0.3851855667357222, 0.3830140450818886, 0.38235864174785356], [0.0, 0.0, 0.0, 0.0, 0.0, 0.4122513699811599, 0.4106455180029226, 0.40947993869982763, 0.40720887280716567, 0.40626918962328873], [0.0, 0.0, 0.0, 0.0, 0.0, 0.0, 0.438346270397945, 0.43670739083550936, 0.4340752706794853, 0.4328970475203765], [0.0, 0.0, 0.0, 0.0, 0.0, 0.0, 0.0, 0.457929040160394, 0.4552439789501093, 0.4538543808906056], [0.0, 0.0, 0.0, 0.0, 0.0, 0.0, 0.0, 0.0, 0.4687994436925725, 0.4672850832722443], [0.0, 0.0, 0.0, 0.0, 0.0, 0.0, 0.0, 0.0, 0.0, 0.48016601833499184]], "vgg.features.6": [[0.035914675878229545, 0.042162469511245734, 0.053664083101490956, 0.0841460605812603, 0.0939700359136354, 0.10486999035648407, 0.1149698005393671, 0.13595352641207895, 0.14595157932853906, 0.1542014018607702], [0.0, 0.298265536217923, 0.2971118966845318, 0.29950032935847765, 0.2995665849160996, 0.2995885996229195, 0.3008527225945014, 0.30434895131977324, 0.30563043303307275, 0.307016604469276], [0.0, 0.0, 0.3549567288183926, 0.35496616117550545, 0.3547395467153047, 0.35379540054916575, 0.3538919016679752, 0.3558868047884415, 0.35650471073329926, 0.3574253079201495], [0.0, 0.0, 0.0, 0.3932097155149866, 0.3924157414259275, 0.3910081038686216, 0.390359657111026, 0.3913604633832438, 0.39152387853480564, 0.39210811321379224], [0.0, 0.0, 0.0, 0.0, 0.42303618523782854, 0.4217833465174829, 0.42117318205803955, 0.421559949014553, 0.4212902383273468, 0.42158777054441987], [0.0, 0.0, 0.0, 0.0, 0.0, 0.4466548819335944, 0.4458873219081927, 0.4454043071450848, 0.4448888106950036, 0.4448825781408113], [0.0, 0.0, 0.0, 0.0, 0.0, 0.0, 0.47253700954465655, 0.4714134731843982, 0.4704509281443687, 0.4702131315646412], [0.0, 0.0, 0.0, 0.0, 0.0, 0.0, 0.0, 0.4918337706093652, 0.490707243925524, 0.4902789304633486], [0.0, 0.0, 0.0, 0.0, 0.0, 0.0, 0.0, 0.0, 0.5053190176843393, 0.5046771480980942], [0.0, 0.0, 0.0, 0.0, 0.0, 0.0, 0.0, 0.0, 0.0, 0.5184292558669865]], "vgg.features.8": [[0.05419155116581461, 0.06340543719030711, 0.08751956397867712, 0.14825164152086773, 0.16987189479951623, 0.190387539234069, 0.2020271976080256, 0.22839505983533867, 0.2441188255713189, 0.2555837370942302], [0.0, 0.35168897138735195, 0.3527292859969045, 0.3634925231965627, 0.36743340482678627, 0.37089156631659137, 0.37372395328813907, 0.38208537479325844, 0.38682129945745053, 0.3904763370332812], [0.0, 0.0, 0.4156209289503713, 0.42324303231624233, 0.4266933197024655, 0.42876866908725586, 0.43078625387671654, 0.43698450463568683, 0.44059604497078925, 0.4437085735364194], [0.0, 0.0, 0.0, 0.46554460881360143, 0.468438771043187, 0.4697748630176824, 0.4710143304465944, 0.47640616700743693, 0.47921933176059267, 0.48184219536718], [0.0, 0.0, 0.0, 0.0, 0.49864344469271227, 0.4998765558932512, 0.5009242220460988, 0.5052452590601985, 0.5073686290412953, 0.5096872382399321], [0.0, 0.0, 0.0, 0.0, 0.0, 0.5268168392143302, 0.5275712708723629, 0.5310162322808123, 0.532606566033429, 0.5345671188749491], [0.0, 0.0, 0.0, 0.0, 0.0, 0.0, 0.5518856411801293, 0.5545300895844072, 0.5555666981883257, 0.5571395103473502], [0.0, 0.0, 0.0, 0.0, 0.0, 0.0, 0.0, 0.5737293069226227, 0.5747007784986945, 0.5760875889569771], [0.0, 0.0, 0.0, 0.0, 0.0, 0.0, 0.0, 0.0, 0.5881401851230239, 0.5892964365271512], [0.0, 0.0, 0.0, 0.0, 0.0, 0.0, 0.0, 0.0, 0.0, 0.6028880821018713]], "vgg.features.11": [[0.06647949844480372, 0.07902032929607256, 0.10245823723615388, 0.14158334168440817, 0.16703812165686802, 0.1843578944955264, 0.19778990964487575, 0.23147578764880664, 0.24919767545944793, 0.25790494214941817], [0.0, 0.36794196806664564, 0.36842652641900653, 0.3736723589632709, 0.3758179192576792, 0.3761923883553602, 0.3808777390793119, 0.3894003746342543, 0.395001816532531, 0.3954247717400567], [0.0, 0.0, 0.42981790872091025, 0.4320888764446634, 0.4329116819579845, 0.4328845439444254, 0.4362600269249463, 0.44151630500780625, 0.44504625953742005, 0.4452364582044132], [0.0, 0.0, 0.0, 0.47182331951710105, 0.4713709478538382, 0.4711602376223341, 0.4732959966430321, 0.47685490260429514, 0.47933023355209453, 0.4793200233040086], [0.0, 0.0, 0.0, 0.0, 0.49726848284521014, 0.49693851360526226, 0.49869828121604953, 0.5015991170056006, 0.5033448293952526, 0.5032818054690739], [0.0, 0.0, 0.0, 0.0, 0.0, 0.5212060843645805, 0.5227244596767265, 0.5249133809669684, 0.5262019554795161, 0.5260965628659994], [0.0, 0.0, 0.0, 0.0, 0.0, 0.0, 0.5484021170584414, 0.5498040624550656, 0.5503944401900427, 0.5501714905934071], [0.0, 0.0, 0.0, 0.0, 0.0, 0.0, 0.0, 0.5665070261724888, 0.5669042752960419, 0.5666300689018382], [0.0, 0.0, 0.0, 0.0, 0.0, 0.0, 0.0, 0.0, 0.5785976935189239, 0.5782312543274649], [0.0, 0.0, 0.0, 0.0, 0.0, 0.0, 0.0, 0.0, 0.0, 0.5910940334986023]], "vgg.features.13": [[0.10412541531645912, 0.12630393165359913, 0.17504581462475324, 0.23568816944427476, 0.2637708804092943, 0.2831623309409619, 0.3009574986255715, 0.33191512292179187, 0.35241237189337543, 0.35668313991229456], [0.0, 0.4861846942681672, 0.4904690250990631, 0.5020910272656866, 0.5045047882004873, 0.5078755315802413, 0.5126851858561267, 0.5181420562695853, 0.5238614841932987, 0.5212220050051078], [0.0, 0.0, 0.5622387555893392, 0.5687127448307581, 0.5688531780055962, 0.5708589254365846, 0.5738831409187235, 0.5763986966416008, 0.5799916854145606, 0.5774674051722872], [0.0, 0.0, 0.0, 0.6129228784453005, 0.6121835199128012, 0.613785655069251, 0.6158519396905511, 0.6167816357382355, 0.6195174547383486, 0.6172092616543884], [0.0, 0.0, 0.0, 0.0, 0.6387993225240082, 0.6401447850657359, 0.6419747489954414, 0.6425544663087389, 0.6445705280875079, 0.6423688384936264], [0.0, 0.0, 0.0, 0.0, 0.0, 0.6634181993704931, 0.6651332775943192, 0.6651205291563381, 0.6666774936629754, 0.6646811608753447], [0.0, 0.0, 0.0, 0.0, 0.0, 0.0, 0.6895240818740844, 0.6888750027235382, 0.6900030884624144, 0.6883750740301234], [0.0, 0.0, 0.0, 0.0, 0.0, 0.0, 0.0, 0.7054963978027288, 0.7066067603487381, 0.705086317773919], [0.0, 0.0, 0.0, 0.0, 0.0, 0.0, 0.0, 0.0, 0.7185291446523087, 0.7170698596367182], [0.0, 0.0, 0.0, 0.0, 0.0, 0.0, 0.0, 0.0, 0.0, 0.7300671132611132]]}