{"vgg.features.3": [[0.024515037517929057, 0.030571001056910223, 0.04213228540774754, 0.05565550893933147, 0.06740101283253985, 0.08215459268074961, 0.10200561089826242, 0.12613954786027204, 0.1421367642449806, 0.15520161207852082], [0.0, 0.22389068706531587, 0.22205402274408498, 0.2213278410077501, 0.22018465834499704, 0.2228275859847012, 0.22779498683323487, 0.23473243462906182, 0.23798634915076422, 0.24308428861806022], [0.0, 0.0, 0.25936812479096266, 0.25816098742412613, 0.25610874547608486, 0.25653073029909024, 0.25895492674516823, 0.2645451823551496, 0.26673086150365055, 0.27019248316274674], [0.0, 0.0, 0.0, 0.29212532788554596, 0.289439124854338, 0.2891299238293403, 0.29011631172444213, 0.29435238612618564, 0.29538629107138337, 0.2977004653948519], [0.0, 0.0, 0.0, 0.0, 0.3308464199423713, 0.3307471272240214, 0.33208014571132083, 0.3356881043545153, 0.33630256335727926, 0.3380091453352668], [0.0, 0.0, 0.0, 0.0, 0.0, 0.3580583269483838, 0.35922543737741053, 0.36163135598403123, 0.3619820366335742, 0.36279314899072257], [0.0, 0.0, 0.0, 0.0, 0.0, 0.0, 0.3916754411827263, 0.39310756499153254, 0.39205370902691306, 0.3923216176844187], [0.0, 0.0, 0.0, 0.0, 0.0, 0.0, 0.0, 0.41628774241928107, 0.4152954816838274, 0.41502255790320963], [0.0, 0.0, 0.0, 0.0, 0.0, 0.0, 0.0, 0.0, 0.43739365880034686, 0.43686603556456666], [0.0, 0.0, 0.0, 0.0, 0.0, 0.0, 0.0, 0.0, 0.0, 0.455110340802907]], "vgg.features.6": [[0.03342015107336148, 0.04532011421362156, 0.07088209102068034, 0.17166389976423085, 0.18825389673067333, 0.2069134030765741, 0.20995211578186404, 0.23335136902292644, 0.2434739317661066, 0.24885859280417136], [0.0, 0.24467542273065238, 0.251365990448796, 0.2844938943579931, 0.2936846141316405, 0.3032284810640091, 0.3037623818698938, 0.3139089003421646, 0.31687800781728315, 0.3204411482292186], [0.0, 0.0, 0.28610641624569155, 0.30414746264076287, 0.313640433722105, 0.3201862122555838, 0.3201236870654023, 0.3267594063843759, 0.328250191292109, 0.33161938489301496], [0.0, 0.0, 0.0, 0.3301988967930238, 0.33658804471101644, 0.3428738837625033, 0.3426323254415321, 0.3476978415203834, 0.34783782606858704, 0.3518350613246623], [0.0, 0.0, 0.0, 0.0, 0.36358376858167163, 0.37043526191343834, 0.3702113567691867, 0.3732438452520053, 0.37256661540789077, 0.37587042751523814], [0.0, 0.0, 0.0, 0.0, 0.0, 0.39845091622580825, 0.3981132152880514, 0.40069484242569825, 0.3988665708375284, 0.40252205337052294], [0.0, 0.0, 0.0, 0.0, 0.0, 0.0, 0.42396228292185645, 0.4254747203462527, 0.42317663175822745, 0.42633034360580185], [0.0, 0.0, 0.0, 0.0, 0.0, 0.0, 0.0, 0.442376780125045, 0.4399033494864659, 0.4426706148576171], [0.0, 0.0, 0.0, 0.0, 0.0, 0.0, 0.0, 0.0, 0.45694266812537593, 0.45980424885209287], [0.0, 0.0, 0.0, 0.0, 0.0, 0.0, 0.0, 0.0, 0.0, 0.4742646803871273]], "vgg.features.8": [[0.036826080773578705, 0.050829060995638796, 0.07057150471057301, 0.09081959559405019, 0.112962080544721, 0.1219626929871883, 0.1305638239990706, 0.1608889891129704, 0.17768193770794427, 0.17584182547479518], [0.0, 0.28700873197701043, 0.28241719343524574, 0.2822356499724941, 0.2798007634190394, 0.2776480600092129, 0.27815818926351277, 0.28288415424935115, 0.28203117449386883, 0.2790764406492974], [0.0, 0.0, 0.33668494742519905, 0.33212878701587556, 0.3279636485425713, 0.32417839233485785, 0.3235014729679108, 0.32385853357799216, 0.31942466742462716, 0.31815523438289434], [0.0, 0.0, 0.0, 0.37853716738092885, 0.372804383565643, 0.3688264649905993, 0.36785835007368817, 0.36491327867294, 0.35894783691944593, 0.36025594181365383], [0.0, 0.0, 0.0, 0.0, 0.4154458718023523, 0.4129128330390494, 0.41099725540147647, 0.4070531061312894, 0.39935550878923476, 0.40211763481108226], [0.0, 0.0, 0.0, 0.0, 0.0, 0.4427500239995753, 0.4409707074876586, 0.4365622557039615, 0.42823099411912036, 0.43275500411812196], [0.0, 0.0, 0.0, 0.0, 0.0, 0.0, 0.475760730529782, 0.47014464615154594, 0.46093205614385707, 0.4662108365832409], [0.0, 0.0, 0.0, 0.0, 0.0, 0.0, 0.0, 0.49298505700675854, 0.4841255113233528, 0.4892358945527276], [0.0, 0.0, 0.0, 0.0, 0.0, 0.0, 0.0, 0.0, 0.5019159104396668, 0.5069461756183429], [0.0, 0.0, 0.0, 0.0, 0.0, 0.0, 0.0, 0.0, 0.0, 0.5258562597476774]], "vgg.features.11": [[0.05907862634760292, 0.09858046830946388, 0.18075959107096362, 0.21844806428892777, 0.2431763352160774, 0.26047784558408865, 0.28931803715781823, 0.30699910326616514, 0.32777461296732935, 0.3321943124969598], [0.0, 0.33982171803898786, 0.35292328813224283, 0.3598069066703694, 0.36011917562570556, 0.36879635066020305, 0.38205260231889515, 0.3817907799307301, 0.39228086341604046, 0.39886537343371803], [0.0, 0.0, 0.4004297425433811, 0.4019739860164781, 0.3995304004826784, 0.4046716837389406, 0.414168015822697, 0.40866137695503146, 0.4155152084710799, 0.4237406899824633], [0.0, 0.0, 0.0, 0.4437458179522135, 0.4376769690496048, 0.44016199691944485, 0.4450483569292987, 0.4370367759365684, 0.4407702241920293, 0.44927460384064644], [0.0, 0.0, 0.0, 0.0, 0.4635686212335614, 0.46363928320224845, 0.4679788132181039, 0.45959411885869056, 0.46364884420363256, 0.47310895267272124], [0.0, 0.0, 0.0, 0.0, 0.0, 0.4880927606161766, 0.48987969359916267, 0.48224163802725584, 0.48378208746658785, 0.49269523911391644], [0.0, 0.0, 0.0, 0.0, 0.0, 0.0, 0.521199798775473, 0.5131866719523875, 0.5134086135853136, 0.523261045948161], [0.0, 0.0, 0.0, 0.0, 0.0, 0.0, 0.0, 0.5302744072855151, 0.5301141997904627, 0.5388601241202019], [0.0, 0.0, 0.0, 0.0, 0.0, 0.0, 0.0, 0.0, 0.5440374835314057, 0.553760193091683], [0.0, 0.0, 0.0, 0.0, 0.0, 0.0, 0.0, 0.0, 0.0, 0.5679203063400662]], "vgg.features.13": [[0.08910434865189835, 0.15367931269278143, 0.3399953119151524, 0.49930462442214824, 0.5069516761576681, 0.516234932185837, 0.5358093474263522, 0.5683030211886724, 0.5833851485612995, 0.5656677365796815], [0.0, 0.5015950755925197, 0.5228552023863993, 0.5830384879057963, 0.575110262785878, 0.5803902274553073, 0.5829797471214043, 0.5927542933998401, 0.5939580321460292, 0.5872874781419736], [0.0, 0.0, 0.5928401562238823, 0.6240731911446001, 0.6123846554261858, 0.6128089856707256, 0.6163691108253416, 0.621786570631876, 0.6225240856174089, 0.6137511745734472], [0.0, 0.0, 0.0, 0.6581865338140084, 0.6452472956898884, 0.6431788516425478, 0.6447012746068296, 0.6506872869841268, 0.650869440682861, 0.6415785412887771], [0.0, 0.0, 0.0, 0.0, 0.6681317474750557, 0.665940896269336, 0.6667322524021037, 0.6691201036063702, 0.668716223915763, 0.6608576037857199], [0.0, 0.0, 0.0, 0.0, 0.0, 0.6826672398365032, 0.6834163005051671, 0.6837564274541251, 0.6830611477033076, 0.6765822777259244], [0.0, 0.0, 0.0, 0.0, 0.0, 0.0, 0.7100909925995483, 0.7092703704584039, 0.7075484759867271, 0.7029144859292785], [0.0, 0.0, 0.0, 0.0, 0.0, 0.0, 0.0, 0.7219867860160613, 0.7202458302917242, 0.7159152698877528], [0.0, 0.0, 0.0, 0.0, 0.0, 0.0, 0.0, 0.0, 0.731127043058379, 0.7268649577828772], [0.0, 0.0, 0.0, 0.0, 0.0, 0.0, 0.0, 0.0, 0.0, 0.7395087327893661]]}