{"vgg.features.3": [[0.025516449951871523, 0.03234034420984793, 0.04464668078492534, 0.059169771701282264, 0.07189412760639825, 0.08635040313631427, 0.10730931100303223, 0.13186541939659868, 0.14838608120929675, 0.16129834705586701], [0.0, 0.20522498035801942, 0.20286127520691144, 0.2014975177537308, 0.20035891461445834, 0.2017699148463749, 0.20860172210659095, 0.21816047397680494, 0.22229099981786485, 0.22790270220901648], [0.0, 0.0, 0.24432438663457245, 0.24209239172571664, 0.2398284407903564, 0.2389082173635633, 0.24246248660997013, 0.24932390762175807, 0.25151943639490454, 0.2552231752125366], [0.0, 0.0, 0.0, 0.27560934743877463, 0.27272204503148934, 0.27104910481002875, 0.2726525044888137, 0.2777699538200589, 0.2787322900727866, 0.28107498571854], [0.0, 0.0, 0.0, 0.0, 0.3114699782319398, 0.3103356045006594, 0.3124839950901539, 0.31697750258714846, 0.3173833245834839, 0.31922042604969986], [0.0, 0.0, 0.0, 0.0, 0.0, 0.3391624714670696, 0.3411072158064469, 0.34417817341209545, 0.3442710459682773, 0.3450971604308667], [0.0, 0.0, 0.0, 0.0, 0.0, 0.0, 0.37343453109143526, 0.37527276982467817, 0.37350641538529283, 0.3736462561331374], [0.0, 0.0, 0.0, 0.0, 0.0, 0.0, 0.0, 0.3957701267956592, 0.3939849541586759, 0.3935426564533787], [0.0, 0.0, 0.0, 0.0, 0.0, 0.0, 0.0, 0.0, 0.41511543308088866, 0.4141945804423719], [0.0, 0.0, 0.0, 0.0, 0.0, 0.0, 0.0, 0.0, 0.0, 0.4330298990305697]], "vgg.features.6": [[0.034159356934985535, 0.04645102080607599, 0.07363419708581112, 0.18207183313715078, 0.1989460401838229, 0.21893437004170468, 0.22201286075347074, 0.2469352801852501, 0.25782630678106877, 0.2631710237234349], [0.0, 0.22742330391955343, 0.23454541586923416, 0.2745397178441661, 0.28521566140699445, 0.29317675992004216, 0.29578884972694675, 0.3096683905679895, 0.31427183709089695, 0.31921182198972464], [0.0, 0.0, 0.2679026509775956, 0.2893631252511595, 0.2998402515124611, 0.30369135519037543, 0.30519160147833174, 0.31528004616127464, 0.31823883278572646, 0.32291360433111355], [0.0, 0.0, 0.0, 0.3145208180958025, 0.3214996330083111, 0.3248758032445503, 0.3258219182677571, 0.33421444621752416, 0.33606959779525447, 0.34104619289104215], [0.0, 0.0, 0.0, 0.0, 0.34289049723804693, 0.3465825260988504, 0.3476936411234961, 0.3538128956055134, 0.3549496899946323, 0.3591446878336018], [0.0, 0.0, 0.0, 0.0, 0.0, 0.3738704104053069, 0.3747890689053594, 0.38029574622084344, 0.3802887609975155, 0.38467411558150644], [0.0, 0.0, 0.0, 0.0, 0.0, 0.0, 0.3966801248910841, 0.40131650382074996, 0.4008115651208202, 0.40486931212394034], [0.0, 0.0, 0.0, 0.0, 0.0, 0.0, 0.0, 0.41675166569811645, 0.41602143141203496, 0.4198619967414087], [0.0, 0.0, 0.0, 0.0, 0.0, 0.0, 0.0, 0.0, 0.43107363179182984, 0.4347776663492781], [0.0, 0.0, 0.0, 0.0, 0.0, 0.0, 0.0, 0.0, 0.0, 0.44579896135539526]], "vgg.features.8": [[0.03677428038040644, 0.05141021629192533, 0.07341716760991958, 0.096369567046639, 0.12111292665018547, 0.13314629565085334, 0.14178175074259156, 0.17371552404337248, 0.19099483244200405, 0.18675146491986086], [0.0, 0.2724382665541162, 0.26475560750630334, 0.26446840657563947, 0.26476156467741335, 0.25908826166151233, 0.2643450016685705, 0.27459185544396, 0.27426250070868213, 0.27072087540674655], [0.0, 0.0, 0.32638602496514596, 0.3209909797637564, 0.3188957091714484, 0.3115696139127583, 0.314593991377679, 0.31967336247814737, 0.3145465593201377, 0.3137833465223971], [0.0, 0.0, 0.0, 0.36766897518678343, 0.36344939673896254, 0.35627866364207844, 0.3585819802226616, 0.3594505343355384, 0.3534070364053568, 0.35611210201448834], [0.0, 0.0, 0.0, 0.0, 0.4019220524241512, 0.3960040880664066, 0.39732718629230235, 0.39701873351297284, 0.38980474140866883, 0.393932956552241], [0.0, 0.0, 0.0, 0.0, 0.0, 0.4262341656124145, 0.4274231516183212, 0.42594270861481504, 0.41843133956140705, 0.4244490659065006], [0.0, 0.0, 0.0, 0.0, 0.0, 0.0, 0.46085529403320935, 0.45819955072276336, 0.44973196748303473, 0.4569971963635381], [0.0, 0.0, 0.0, 0.0, 0.0, 0.0, 0.0, 0.47904852135889603, 0.4713562721785952, 0.4785897979443832], [0.0, 0.0, 0.0, 0.0, 0.0, 0.0, 0.0, 0.0, 0.48608595925551695, 0.49293735804295613], [0.0, 0.0, 0.0, 0.0, 0.0, 0.0, 0.0, 0.0, 0.0, 0.5128513331181797]], "vgg.features.11": [[0.05804715922171851, 0.09607023844801163, 0.17952684525320992, 0.22197547544453616, 0.253095465272661, 0.27575002331614384, 0.3051752484684268, 0.3224950983349599, 0.3408645570544864, 0.34440306157794], [0.0, 0.31605113064133905, 0.33246629201293026, 0.3417338136432255, 0.3460801160871505, 0.3559522581420341, 0.37642680497968867, 0.37948901991782646, 0.3899226082095857, 0.3966237548899881], [0.0, 0.0, 0.3797936970643708, 0.38280712872896694, 0.3853812604471292, 0.391215139695569, 0.4079078288619344, 0.405929538784534, 0.4132851778203821, 0.42173564040591766], [0.0, 0.0, 0.0, 0.4238517180122333, 0.4223189596113755, 0.42417108518908814, 0.4366496485373698, 0.43194847254074786, 0.43679672659005264, 0.44557134748254046], [0.0, 0.0, 0.0, 0.0, 0.4451098951977124, 0.44369508839990907, 0.45602437108795646, 0.4520434647419281, 0.4567135164826409, 0.46617262571008367], [0.0, 0.0, 0.0, 0.0, 0.0, 0.465468812963385, 0.47653674825172604, 0.4735182337940037, 0.47597873660961476, 0.4841622277554366], [0.0, 0.0, 0.0, 0.0, 0.0, 0.0, 0.5038914247476793, 0.5008233891510047, 0.501907426656756, 0.5108658452615038], [0.0, 0.0, 0.0, 0.0, 0.0, 0.0, 0.0, 0.5180613154711221, 0.5184314882116879, 0.5266743082719111], [0.0, 0.0, 0.0, 0.0, 0.0, 0.0, 0.0, 0.0, 0.531503031889612, 0.5400869063984294], [0.0, 0.0, 0.0, 0.0, 0.0, 0.0, 0.0, 0.0, 0.0, 0.5557143641797481]], "vgg.features.13": [[0.08555139354005269, 0.1511209095819504, 0.33063216028634806, 0.4988905716509979, 0.5103391467538944, 0.5180208013003023, 0.5391985317734509, 0.5787180166986107, 0.5948176336260989, 0.5768712422682298], [0.0, 0.485415956084909, 0.5033271403720722, 0.5524651575341414, 0.5500469749920561, 0.5555165005596243, 0.5602540515538773, 0.5821914033695974, 0.5843552752631832, 0.5820225683831265], [0.0, 0.0, 0.5684311654291286, 0.5867043948995374, 0.5795512842069219, 0.5825190245468831, 0.5867326848140538, 0.6015685270470393, 0.5997046258619452, 0.597518938847232], [0.0, 0.0, 0.0, 0.6206450023162151, 0.6131795923414056, 0.6139586792116648, 0.6165498014161379, 0.6309519835100751, 0.6292914440222556, 0.6266092363163436], [0.0, 0.0, 0.0, 0.0, 0.6342837549919101, 0.6346136450540159, 0.6366756052504339, 0.6488287146252323, 0.6467489671435023, 0.6443848875287874], [0.0, 0.0, 0.0, 0.0, 0.0, 0.6510928561116804, 0.6539429724726216, 0.6644383210631769, 0.6625727781325703, 0.660345893204495], [0.0, 0.0, 0.0, 0.0, 0.0, 0.0, 0.6773260960142906, 0.6860206642474749, 0.6833530240477894, 0.6834512981975843], [0.0, 0.0, 0.0, 0.0, 0.0, 0.0, 0.0, 0.698188339662128, 0.6954122108387546, 0.6959937844005535], [0.0, 0.0, 0.0, 0.0, 0.0, 0.0, 0.0, 0.0, 0.7039393751863193, 0.7039425325447494], [0.0, 0.0, 0.0, 0.0, 0.0, 0.0, 0.0, 0.0, 0.0, 0.714679090917736]]}