{"vgg.features.3": [[0.02471985894607786, 0.030832144212475623, 0.04301024869451043, 0.05634634939470556, 0.06858318603272957, 0.08308200616912803, 0.10328048013985433, 0.1273590549832225, 0.14381571829479475, 0.15711130750570254], [0.0, 0.213154027045176, 0.2106753847794664, 0.20949507368274903, 0.2083815053003587, 0.21047082839815293, 0.21657213309078752, 0.22396034156300645, 0.22772357964517836, 0.23310942630893297], [0.0, 0.0, 0.24847866359294807, 0.24699838884595776, 0.2447085083458723, 0.24473689394410028, 0.2478913453042889, 0.25347168527211106, 0.2558766131289304, 0.25926321216416576], [0.0, 0.0, 0.0, 0.2811173685612324, 0.2780280469235145, 0.2774125433035316, 0.2788310619740118, 0.28291577581034166, 0.284194174952578, 0.28602851624818265], [0.0, 0.0, 0.0, 0.0, 0.31659765905808424, 0.31632511972538524, 0.31814081047498305, 0.3214748703434082, 0.3222896647332749, 0.32332378509404147], [0.0, 0.0, 0.0, 0.0, 0.0, 0.3429588462749308, 0.34462501229900183, 0.3466081469089704, 0.34715464237282107, 0.3471456945388118], [0.0, 0.0, 0.0, 0.0, 0.0, 0.0, 0.3761247774231057, 0.37697648704468184, 0.3760156556776601, 0.3752136707323904], [0.0, 0.0, 0.0, 0.0, 0.0, 0.0, 0.0, 0.39936798367562903, 0.3984357395708954, 0.39703520316864593], [0.0, 0.0, 0.0, 0.0, 0.0, 0.0, 0.0, 0.0, 0.4184728807377389, 0.4166598458196992], [0.0, 0.0, 0.0, 0.0, 0.0, 0.0, 0.0, 0.0, 0.0, 0.43483234675961224]], "vgg.features.6": [[0.033528326972064745, 0.04521221635136643, 0.07200314841774634, 0.17260082382155797, 0.18940519218899307, 0.20815225177779978, 0.21137411283819235, 0.23545757510700902, 0.24567206242896614, 0.25149004949199494], [0.0, 0.22931567288561966, 0.23563529501660682, 0.2720167001469656, 0.2824256843653844, 0.29109034684505364, 0.2926080003338839, 0.30427828690049413, 0.30838133986427424, 0.31258364192012295], [0.0, 0.0, 0.2700140382164509, 0.2906815759171506, 0.3008408877744016, 0.30635187173163697, 0.3069917834349572, 0.31478356979682015, 0.3173060407347234, 0.3211174907059406], [0.0, 0.0, 0.0, 0.31505345357008, 0.32161211658991434, 0.3270372958818924, 0.32732122799748065, 0.33355791650917277, 0.3348988299378604, 0.33887958023482856], [0.0, 0.0, 0.0, 0.0, 0.34431355243591455, 0.3502783190126251, 0.350650286326407, 0.35445981831413254, 0.35497399698637955, 0.3578613553228089], [0.0, 0.0, 0.0, 0.0, 0.0, 0.37628233542548517, 0.3764876967998993, 0.3796799399110069, 0.3790730005499532, 0.38216678840451956], [0.0, 0.0, 0.0, 0.0, 0.0, 0.0, 0.3996875078660315, 0.40167119015944436, 0.40055420182616674, 0.4029692296588283], [0.0, 0.0, 0.0, 0.0, 0.0, 0.0, 0.0, 0.41794799328451104, 0.41658060214664155, 0.41852652764721127], [0.0, 0.0, 0.0, 0.0, 0.0, 0.0, 0.0, 0.0, 0.4316745522048889, 0.4335705088049026], [0.0, 0.0, 0.0, 0.0, 0.0, 0.0, 0.0, 0.0, 0.0, 0.44592311718604816]], "vgg.features.8": [[0.037176297506760686, 0.05020964129106841, 0.07269765432956193, 0.09224546024605858, 0.11514584074880664, 0.12298105716815291, 0.1321316031601025, 0.16346076255223452, 0.18083285240138539, 0.1790758212133826], [0.0, 0.2766778540408566, 0.26829040709395424, 0.2689736527700071, 0.2687618551129456, 0.26495907513631467, 0.2674552160153112, 0.27445218612342187, 0.274459462292421, 0.2711704272046319], [0.0, 0.0, 0.3275999094788602, 0.3242653916994065, 0.3218323933342269, 0.31730953306770365, 0.318099725667582, 0.32047563635970944, 0.31619505065525033, 0.31492268718489513], [0.0, 0.0, 0.0, 0.3751702376315488, 0.3705722551309976, 0.36627465991857977, 0.36639937581983245, 0.3649733902486459, 0.3590952667741803, 0.36002440696985494], [0.0, 0.0, 0.0, 0.0, 0.41122781449540635, 0.40843076634343073, 0.4074823139380133, 0.4050022520265908, 0.3975048118520005, 0.39955129895800695], [0.0, 0.0, 0.0, 0.0, 0.0, 0.4380388468237986, 0.4371163955021493, 0.4337581496535054, 0.42567107269797494, 0.42944716772616703], [0.0, 0.0, 0.0, 0.0, 0.0, 0.0, 0.47263531990028085, 0.46773096142535436, 0.45881117711019714, 0.4632788968008876], [0.0, 0.0, 0.0, 0.0, 0.0, 0.0, 0.0, 0.48897229319050767, 0.4805788324639169, 0.48500946441759724], [0.0, 0.0, 0.0, 0.0, 0.0, 0.0, 0.0, 0.0, 0.4979013250595768, 0.5020019556663486], [0.0, 0.0, 0.0, 0.0, 0.0, 0.0, 0.0, 0.0, 0.0, 0.5213938471274989]], "vgg.features.11": [[0.058708396190565545, 0.0974697005326025, 0.18342967511671507, 0.22189340978508876, 0.24836910533814935, 0.2662274684728308, 0.2960027978126804, 0.31330123795150505, 0.33359348152642626, 0.33814338220224643], [0.0, 0.3335724033940771, 0.3455651061691229, 0.3550419887347854, 0.3569595471576767, 0.3646936513313065, 0.38124238929633886, 0.3811063747258959, 0.39202023330817454, 0.3985800460527193], [0.0, 0.0, 0.3915844800720617, 0.3961297471247084, 0.3953199326565009, 0.3995997621924065, 0.4119234090737435, 0.40581808442342293, 0.41299792624525333, 0.4213823843876962], [0.0, 0.0, 0.0, 0.4359149115701466, 0.4312861001023111, 0.43295227698545746, 0.44035948573592615, 0.4312191220504224, 0.4354493132470901, 0.44398304278011574], [0.0, 0.0, 0.0, 0.0, 0.45573759716085527, 0.4550189491973776, 0.4618978311585701, 0.45263032291481264, 0.4570560535824544, 0.46626335321864953], [0.0, 0.0, 0.0, 0.0, 0.0, 0.4787456898332994, 0.48319606619810684, 0.4746396633399658, 0.47664083419889314, 0.4852481192073931], [0.0, 0.0, 0.0, 0.0, 0.0, 0.0, 0.5122537035389075, 0.5034060228944003, 0.504343194355139, 0.5138085355173964], [0.0, 0.0, 0.0, 0.0, 0.0, 0.0, 0.0, 0.5197898980751631, 0.5201891193016145, 0.528767758888786], [0.0, 0.0, 0.0, 0.0, 0.0, 0.0, 0.0, 0.0, 0.5335778101006318, 0.542884324923223], [0.0, 0.0, 0.0, 0.0, 0.0, 0.0, 0.0, 0.0, 0.0, 0.5566447498498102]], "vgg.features.13": [[0.08897684185021282, 0.15413770714714925, 0.35013370834329177, 0.5174773148152725, 0.5257895449277601, 0.5341254957631213, 0.5555652312406031, 0.5930847056627225, 0.6096406747069774, 0.5925575885795324], [0.0, 0.5127677691129641, 0.5284768205384983, 0.5909929110317577, 0.583370245215351, 0.585463075172717, 0.5886799586795158, 0.6032994724757715, 0.603495138161883, 0.5976148040601786], [0.0, 0.0, 0.5946825183814756, 0.6287844209288703, 0.6172421167335882, 0.6151084780298458, 0.6186491369905549, 0.626921856750887, 0.6252687177545901, 0.618512670417626], [0.0, 0.0, 0.0, 0.6602921463973728, 0.6473963544256446, 0.6435894377055813, 0.6450118197852067, 0.6533905969679168, 0.6512716747642365, 0.6432639353212833], [0.0, 0.0, 0.0, 0.0, 0.6698387044543977, 0.6655187551067313, 0.6665502837663264, 0.6716242900183291, 0.6688256527318768, 0.6613242226572517], [0.0, 0.0, 0.0, 0.0, 0.0, 0.681645403645601, 0.6829767066649398, 0.6861961990939203, 0.6831664216013602, 0.6768869329382726], [0.0, 0.0, 0.0, 0.0, 0.0, 0.0, 0.7068117271322193, 0.7088533539739086, 0.7046073017925417, 0.7002945122525905], [0.0, 0.0, 0.0, 0.0, 0.0, 0.0, 0.0, 0.7211754798136599, 0.7168358064005512, 0.7129275404301392], [0.0, 0.0, 0.0, 0.0, 0.0, 0.0, 0.0, 0.0, 0.7263768445549056, 0.7221953256279188], [0.0, 0.0, 0.0, 0.0, 0.0, 0.0, 0.0, 0.0, 0.0, 0.7329449266612265]]}