{"vgg.features.3": [[0.025031727708890804, 0.031477935170302514, 0.04370851087489396, 0.057661451204979806, 0.07012538413933517, 0.0848983588341459, 0.10603798817890726, 0.13064691953175567, 0.14746590095887205, 0.16055504713803226], [0.0, 0.2064675892461404, 0.20427921908706823, 0.20303477817255858, 0.202158310318529, 0.20386628939166077, 0.21072478345013004, 0.2197265553384228, 0.22410290781877515, 0.22973652728372498], [0.0, 0.0, 0.24228698050826092, 0.24037774063348094, 0.23827787195472636, 0.2378381787941221, 0.2415439949138152, 0.24826694573196198, 0.2508664804581518, 0.2546172646167782], [0.0, 0.0, 0.0, 0.2747138261461314, 0.2718918311546828, 0.27079919776250944, 0.27261087294676806, 0.27776871164340006, 0.2791270329916523, 0.28139708549744147], [0.0, 0.0, 0.0, 0.0, 0.31019377543700033, 0.3095268057184167, 0.31187615887138453, 0.3162263579777665, 0.3171328732371811, 0.3187106461719854], [0.0, 0.0, 0.0, 0.0, 0.0, 0.33772927408208353, 0.33986115443778014, 0.3426999155354931, 0.343317292122917, 0.34377044570105], [0.0, 0.0, 0.0, 0.0, 0.0, 0.0, 0.3721650574494809, 0.3737147801680203, 0.3725763845214916, 0.37222670591929347], [0.0, 0.0, 0.0, 0.0, 0.0, 0.0, 0.0, 0.39523570349602527, 0.3941004352596966, 0.3931086960827328], [0.0, 0.0, 0.0, 0.0, 0.0, 0.0, 0.0, 0.0, 0.41486163468100545, 0.41338468618727553], [0.0, 0.0, 0.0, 0.0, 0.0, 0.0, 0.0, 0.0, 0.0, 0.4321323745838315]], "vgg.features.6": [[0.03393799642473619, 0.04604534070227359, 0.07305367172274883, 0.1784425333890064, 0.1954127812461344, 0.21518046928416637, 0.2187175841724405, 0.2436061595486654, 0.25408990111025054, 0.2598227325587516], [0.0, 0.2276329044011507, 0.23516449546876866, 0.27411128400255497, 0.2851719235728121, 0.2931563465715867, 0.29537001841910554, 0.30839623928834853, 0.3131653132166699, 0.31796746746643645], [0.0, 0.0, 0.26834854594949303, 0.2899935984434055, 0.30089207377156046, 0.3051498738321374, 0.30628034703931645, 0.31540173425323537, 0.3186957145862919, 0.3231465148013713], [0.0, 0.0, 0.0, 0.3153982765591349, 0.3226970406630628, 0.3266323662894007, 0.32721053935268823, 0.3347537441391044, 0.33690360002729774, 0.3414857685182127], [0.0, 0.0, 0.0, 0.0, 0.3439609573534424, 0.3482456532872207, 0.34891905618325936, 0.35393288027773007, 0.355413520248138, 0.358959664884455], [0.0, 0.0, 0.0, 0.0, 0.0, 0.3753687311322267, 0.3758159791718964, 0.38011276979319186, 0.38053599406354627, 0.3841571455284375], [0.0, 0.0, 0.0, 0.0, 0.0, 0.0, 0.39884192042185, 0.40196844015035227, 0.401934650000177, 0.4049886543355047], [0.0, 0.0, 0.0, 0.0, 0.0, 0.0, 0.0, 0.4183236824447092, 0.4180710766606623, 0.420722890888764], [0.0, 0.0, 0.0, 0.0, 0.0, 0.0, 0.0, 0.0, 0.43276546463321774, 0.43526279508049825], [0.0, 0.0, 0.0, 0.0, 0.0, 0.0, 0.0, 0.0, 0.0, 0.44742213548198345]], "vgg.features.8": [[0.03704638443970122, 0.051391310802222125, 0.07269627350129072, 0.09337911391052153, 0.11674744928067887, 0.12641950008930666, 0.13652432085864558, 0.16881951902390352, 0.18481275651447618, 0.1826534121700166], [0.0, 0.27348562094587703, 0.26643009841560367, 0.2668005937831055, 0.2677682513995938, 0.2623982537768827, 0.26699597968620653, 0.276011329609095, 0.2763343605480748, 0.27316047720149217], [0.0, 0.0, 0.32702462919034947, 0.3225949049977841, 0.32125547280245415, 0.3145795484330073, 0.31699773928546565, 0.32087291702225834, 0.3167902519930467, 0.3157550472737912], [0.0, 0.0, 0.0, 0.3719180805836611, 0.36852333905203943, 0.36217288815201826, 0.3636877294586781, 0.36365243632796085, 0.35854096705207866, 0.36021582116777257], [0.0, 0.0, 0.0, 0.0, 0.40833160633604465, 0.4033954100253478, 0.4037650813477683, 0.4024255626259914, 0.3960829878772048, 0.3989140400754389], [0.0, 0.0, 0.0, 0.0, 0.0, 0.43461711030604366, 0.43490256424511625, 0.4324911709657002, 0.42598735113878256, 0.4306076496995812], [0.0, 0.0, 0.0, 0.0, 0.0, 0.0, 0.4695597240687885, 0.46567980885785215, 0.45844052512266636, 0.46388851481057203], [0.0, 0.0, 0.0, 0.0, 0.0, 0.0, 0.0, 0.4874169276153662, 0.4808849239769529, 0.4862956503542084], [0.0, 0.0, 0.0, 0.0, 0.0, 0.0, 0.0, 0.0, 0.496542587385748, 0.5014930506094613], [0.0, 0.0, 0.0, 0.0, 0.0, 0.0, 0.0, 0.0, 0.0, 0.5220068411391725]], "vgg.features.11": [[0.05797754647048929, 0.09718782218489076, 0.18195494350208335, 0.22203841008717812, 0.250252574501516, 0.2698670449571383, 0.30003505525395063, 0.3169478507296709, 0.33561248469955, 0.34084519730199947], [0.0, 0.32080052265636116, 0.33744633977046123, 0.3456702229395383, 0.34947922560800637, 0.35796862881187874, 0.37769592549787806, 0.37848336648956793, 0.3895755487404885, 0.39754530218072887], [0.0, 0.0, 0.3835045638850798, 0.3858766071221512, 0.3876021585838993, 0.3925578102624702, 0.40827979948244925, 0.40360066942114203, 0.4116534044360747, 0.42134846089676253], [0.0, 0.0, 0.0, 0.4270767151766076, 0.42459886446847006, 0.426315643459038, 0.437206940609484, 0.42986359097524196, 0.43527058441854694, 0.4451737227686278], [0.0, 0.0, 0.0, 0.0, 0.44754877162319795, 0.4462283420252984, 0.4568586883990373, 0.4499804536557705, 0.4555891777868006, 0.46627504072034437], [0.0, 0.0, 0.0, 0.0, 0.0, 0.4690318002776027, 0.477733510254923, 0.4720647346430309, 0.47556615455128376, 0.48498662098984363], [0.0, 0.0, 0.0, 0.0, 0.0, 0.0, 0.5051841579635552, 0.49964321709181253, 0.5021709540439407, 0.5121541195327199], [0.0, 0.0, 0.0, 0.0, 0.0, 0.0, 0.0, 0.5170627604259642, 0.518839660452257, 0.5281208991899062], [0.0, 0.0, 0.0, 0.0, 0.0, 0.0, 0.0, 0.0, 0.5317294429004381, 0.5415412162263475], [0.0, 0.0, 0.0, 0.0, 0.0, 0.0, 0.0, 0.0, 0.0, 0.5564058981230021]], "vgg.features.13": [[0.08714454289040013, 0.15413491413492242, 0.3397137533266387, 0.5090256685067845, 0.5173452312274779, 0.5241669290040574, 0.545558414294224, 0.5825144763781057, 0.5988677585274605, 0.580128509975327], [0.0, 0.5006174528247013, 0.519200117984991, 0.569941767980337, 0.5655615269137974, 0.5691647754849258, 0.5727333447857506, 0.587925283056369, 0.5907560348150039, 0.5890920194366375], [0.0, 0.0, 0.5858165603039707, 0.6053428902967648, 0.5962427077260356, 0.5967179872409732, 0.6004682583865367, 0.6098464052384535, 0.610054324235476, 0.6076518286263505], [0.0, 0.0, 0.0, 0.63927366443406, 0.6294683767893852, 0.6275781735061101, 0.6296670276531072, 0.638993107484955, 0.639322109013412, 0.6368022837996479], [0.0, 0.0, 0.0, 0.0, 0.6513632863896285, 0.6489732790743231, 0.6507086698581096, 0.6574056428285282, 0.657124223048011, 0.655305205887111], [0.0, 0.0, 0.0, 0.0, 0.0, 0.6658890197572866, 0.6682926961290901, 0.6731640306255795, 0.6728025964574923, 0.6715066685469719], [0.0, 0.0, 0.0, 0.0, 0.0, 0.0, 0.6924064562562473, 0.6960149438676791, 0.6944901302840445, 0.6954705485629084], [0.0, 0.0, 0.0, 0.0, 0.0, 0.0, 0.0, 0.708781151364587, 0.7071691370048444, 0.7088609505769122], [0.0, 0.0, 0.0, 0.0, 0.0, 0.0, 0.0, 0.0, 0.7158956421699526, 0.717220161916223], [0.0, 0.0, 0.0, 0.0, 0.0, 0.0, 0.0, 0.0, 0.0, 0.72693891135444]]}