{"vgg.features.3": [[0.024382907569054747, 0.030260806812688, 0.04237124100643116, 0.05620536673684545, 0.06851823506427357, 0.08311426937114429, 0.10450664895647087, 0.12808849773144776, 0.14562169785874837, 0.15826687282216503], [0.0, 0.20333892620756516, 0.20091439813772835, 0.19971107671402466, 0.1989296061021054, 0.20044374423097314, 0.2072015157032894, 0.21510362267663427, 0.2202362133451064, 0.22564062721467654], [0.0, 0.0, 0.23721813171670042, 0.2354417240139329, 0.23345736210456106, 0.23308502863642705, 0.2369270345496501, 0.24307027552319818, 0.2463167337680216, 0.2501132036386291], [0.0, 0.0, 0.0, 0.2686333892055744, 0.26596193729231254, 0.265127037516482, 0.26711084508786664, 0.27185223476845716, 0.27384932074640217, 0.2760906580785767], [0.0, 0.0, 0.0, 0.0, 0.303089380462055, 0.30264233090282733, 0.3052143645500739, 0.3094409003548739, 0.3110523882095868, 0.31255680098196476], [0.0, 0.0, 0.0, 0.0, 0.0, 0.3296832445280784, 0.33201863903889084, 0.33487266269064775, 0.33609796829292166, 0.33654173131086673], [0.0, 0.0, 0.0, 0.0, 0.0, 0.0, 0.3628606470579199, 0.36439305250954934, 0.36380455032751274, 0.3634251239119619], [0.0, 0.0, 0.0, 0.0, 0.0, 0.0, 0.0, 0.38573328568489335, 0.3851382903213647, 0.384191760386092], [0.0, 0.0, 0.0, 0.0, 0.0, 0.0, 0.0, 0.0, 0.40503016945896364, 0.40352654970124113], [0.0, 0.0, 0.0, 0.0, 0.0, 0.0, 0.0, 0.0, 0.0, 0.4219022814233174]], "vgg.features.6": [[0.03389410996618813, 0.046220908295488736, 0.07283224016337972, 0.1797415092864885, 0.19667023427402391, 0.21593670023449474, 0.2188793607231721, 0.2428215130322525, 0.2532148420104635, 0.25875538224239153], [0.0, 0.22595078805505484, 0.23393481758298465, 0.27444267032970393, 0.2857467279439709, 0.2934031221092959, 0.29477998762116764, 0.30661104717728577, 0.3121172584894403, 0.3164506819718896], [0.0, 0.0, 0.26622418828269945, 0.2894209013069243, 0.300921303612371, 0.3052786244082397, 0.3056510338804785, 0.31372201057537874, 0.3178058573390857, 0.32171730504767604], [0.0, 0.0, 0.0, 0.3140648542823278, 0.3217680091004114, 0.3260932065363616, 0.3260917180197825, 0.33261279828068396, 0.3355258621069641, 0.3395082643068145], [0.0, 0.0, 0.0, 0.0, 0.3419157585452351, 0.34676656889045043, 0.34682268635863006, 0.3507645404605022, 0.3530638554850155, 0.3557843194927649], [0.0, 0.0, 0.0, 0.0, 0.0, 0.3726464099281454, 0.3725602877312408, 0.3759255728935887, 0.37723018329302044, 0.3801039847438346], [0.0, 0.0, 0.0, 0.0, 0.0, 0.0, 0.3945753307689518, 0.3967526227784215, 0.3976436813757183, 0.399782329233264], [0.0, 0.0, 0.0, 0.0, 0.0, 0.0, 0.0, 0.4129020141515621, 0.41358432269057377, 0.4152319141601946], [0.0, 0.0, 0.0, 0.0, 0.0, 0.0, 0.0, 0.0, 0.42739027572708604, 0.4289379531350457], [0.0, 0.0, 0.0, 0.0, 0.0, 0.0, 0.0, 0.0, 0.0, 0.4402784033219665]], "vgg.features.8": [[0.03737882196928425, 0.0521149100230241, 0.07189572439801822, 0.09196423639491227, 0.11566292026361795, 0.1243959639916946, 0.13466818864018912, 0.16657178866366562, 0.18198383008257388, 0.17965780523711197], [0.0, 0.27180117517255054, 0.26426058280071774, 0.26504195003947134, 0.26650746227196603, 0.2613382237322113, 0.2656549394286253, 0.2734055267056001, 0.27427326956144044, 0.2704533712149635], [0.0, 0.0, 0.3228499936396529, 0.31892496358233824, 0.31803257526946616, 0.3121774254199305, 0.31420586336021344, 0.31702439965289503, 0.31338769812920814, 0.31185744143353455], [0.0, 0.0, 0.0, 0.36854881186384447, 0.36515144269836475, 0.3599677093424821, 0.3612630142660035, 0.35983993102468587, 0.35506870113409345, 0.35616708350422394], [0.0, 0.0, 0.0, 0.0, 0.40500626924251815, 0.40142401263451083, 0.4014921956951084, 0.39874138243514673, 0.3927647230890534, 0.39490933470366874], [0.0, 0.0, 0.0, 0.0, 0.0, 0.43173817659899694, 0.4318951203561907, 0.4279609474965609, 0.42160991000512554, 0.42581610991094104], [0.0, 0.0, 0.0, 0.0, 0.0, 0.0, 0.46625910235961415, 0.4607644660377497, 0.45368101475294337, 0.45862895516288443], [0.0, 0.0, 0.0, 0.0, 0.0, 0.0, 0.0, 0.481626967863804, 0.47523350742451853, 0.48017569586493786], [0.0, 0.0, 0.0, 0.0, 0.0, 0.0, 0.0, 0.0, 0.4908013382927761, 0.49518217393647807], [0.0, 0.0, 0.0, 0.0, 0.0, 0.0, 0.0, 0.0, 0.0, 0.515658185124121]], "vgg.features.11": [[0.05846458582586912, 0.09873634658208949, 0.18348641183443773, 0.22334062056716136, 0.25075032435335526, 0.26913148904331385, 0.29997108193294736, 0.31711233962681473, 0.3352674466616725, 0.3405997895908502], [0.0, 0.3211142967759899, 0.3384704432923331, 0.3479942532807995, 0.35212231849155184, 0.3610928243871061, 0.3811587192685536, 0.38163831858863245, 0.3926488439381815, 0.39943317994276184], [0.0, 0.0, 0.38189237794068087, 0.38588787656310886, 0.38767927965662907, 0.39321236007226384, 0.40951002949589865, 0.4039211874520673, 0.4118283858301779, 0.4206121118340574], [0.0, 0.0, 0.0, 0.4251765597635184, 0.4227991740946513, 0.42575449015485367, 0.43700661593775736, 0.4284825641353925, 0.4338121582325853, 0.4430755782653101], [0.0, 0.0, 0.0, 0.0, 0.44570291298432, 0.44581530860069174, 0.4565109406352842, 0.4481354277683401, 0.4536521824065143, 0.46356565900945856], [0.0, 0.0, 0.0, 0.0, 0.0, 0.46851665480344956, 0.4770512154897346, 0.46960827442460684, 0.47289348112280055, 0.48192836444988124], [0.0, 0.0, 0.0, 0.0, 0.0, 0.0, 0.5045660696630029, 0.4969367632332691, 0.4992277927466085, 0.5089929118256789], [0.0, 0.0, 0.0, 0.0, 0.0, 0.0, 0.0, 0.513672952655926, 0.5151700002952178, 0.5241658452388819], [0.0, 0.0, 0.0, 0.0, 0.0, 0.0, 0.0, 0.0, 0.5280911508228201, 0.5375823303724586], [0.0, 0.0, 0.0, 0.0, 0.0, 0.0, 0.0, 0.0, 0.0, 0.5520848997399243]], "vgg.features.13": [[0.08731680127968033, 0.1590112964283646, 0.34708404389510117, 0.5176245634041762, 0.5269145154958128, 0.5327628990287332, 0.5543163315285707, 0.594511003238143, 0.6103397154074753, 0.5916173905008196], [0.0, 0.5025948711000183, 0.5198378932472331, 0.5716220134450157, 0.5660047249403487, 0.5707873325534757, 0.5752314925698716, 0.5925920250702171, 0.5929816547051361, 0.587897560359581], [0.0, 0.0, 0.5856863342016496, 0.6059586856425293, 0.5960601527079966, 0.5975539694277278, 0.6026737122496184, 0.6133251973095741, 0.6104941318172317, 0.6052748652343581], [0.0, 0.0, 0.0, 0.6371910805237444, 0.6261008402819958, 0.6258479295663761, 0.6290070379927403, 0.6394481371468462, 0.6364289742187988, 0.6311760848303425], [0.0, 0.0, 0.0, 0.0, 0.648214237113985, 0.6475489549078763, 0.6502198802404346, 0.657269388951664, 0.653614050851354, 0.6487913422998312], [0.0, 0.0, 0.0, 0.0, 0.0, 0.6642865048572649, 0.6672874937375872, 0.6720931782135126, 0.6683424852479799, 0.6647980792954923], [0.0, 0.0, 0.0, 0.0, 0.0, 0.0, 0.6916651854769478, 0.6946794634797671, 0.6895069358873603, 0.6881805543973887], [0.0, 0.0, 0.0, 0.0, 0.0, 0.0, 0.0, 0.7070183122293645, 0.701747103485033, 0.7011995871015738], [0.0, 0.0, 0.0, 0.0, 0.0, 0.0, 0.0, 0.0, 0.71071093784322, 0.7097419133618978], [0.0, 0.0, 0.0, 0.0, 0.0, 0.0, 0.0, 0.0, 0.0, 0.7196120418045427]]}