{"vgg.features.3": [[0.0376869514427537, 0.24844384679676218, 0.33747036396832253, 0.3622798071994634, 0.41004250042260953, 0.44685913904809726, 0.47414068227091244, 0.4959582975947018, 0.5002653854355722, 0.5108689819395102], [0.24844384679676218, 0.1292969543061174, 0.22923952163945752, 0.2636047455976903, 0.31030953384016147, 0.34312021492442096, 0.3769764881016476, 0.406996862397354, 0.41109330800496163, 0.42501112009152836], [0.33747036396832253, 0.22923952163945752, 0.18968799305930342, 0.21930197571263244, 0.2627278869631439, 0.2950327318386031, 0.3244219022810626, 0.35734083932107197, 0.3610774338456056, 0.37452150224936526], [0.3622798071994634, 0.2636047455976903, 0.21930197571263244, 0.21062409748831815, 0.24580200541128666, 0.272027510370481, 0.29719118937472744, 0.3270751609301084, 0.334356385304829, 0.343840362691313], [0.41004250042260953, 0.31030953384016147, 0.2627278869631439, 0.24580200541128666, 0.24590908654664417, 0.27286812223187024, 0.2914486955312272, 0.31341735289022765, 0.3229599376163897, 0.3297685142605797], [0.44685913904809726, 0.34312021492442096, 0.2950327318386031, 0.272027510370481, 0.27286812223187024, 0.28063719868871145, 0.2976818461088794, 0.3165127150752806, 0.3275142436838553, 0.3324167182549125], [0.47414068227091244, 0.3769764881016476, 0.3244219022810626, 0.29719118937472744, 0.2914486955312272, 0.2976818461088794, 0.3033961237714847, 0.3169542168849554, 0.32539697362616715, 0.32802227821300095], [0.4959582975947018, 0.406996862397354, 0.35734083932107197, 0.3270751609301084, 0.31341735289022765, 0.3165127150752806, 0.3169542168849554, 0.31797873382503844, 0.32525368593971643, 0.3285729727300592], [0.5002653854355722, 0.41109330800496163, 0.3610774338456056, 0.334356385304829, 0.3229599376163897, 0.3275142436838553, 0.32539697362616715, 0.32525368593971643, 0.3347535654088843, 0.3363481553269311], [0.5108689819395102, 0.42501112009152836, 0.37452150224936526, 0.343840362691313, 0.3297685142605797, 0.3324167182549125, 0.32802227821300095, 0.3285729727300592, 0.3363481553269311, 0.3462367032340934]], "vgg.features.6": [[0.0420999319758296, 0.25520034455966045, 0.33586086754409217, 0.3814966844037727, 0.4340015213117254, 0.5329501935432632, 0.4893565025588902, 0.5389802013391309, 0.5177964989054397, 0.5360439133821642], [0.25520034455966045, 0.14926905242345367, 0.22355536355856265, 0.2755901280277098, 0.3204182238351294, 0.4205573953463674, 0.38133489494022665, 0.4328929412925747, 0.42193430972277357, 0.4413184265342845], [0.33586086754409217, 0.22355536355856265, 0.22199829387377248, 0.26485074061192593, 0.30216019314881926, 0.39496091297393, 0.35641375773040457, 0.4051153116278158, 0.3938859480989191, 0.4111109855949726], [0.3814966844037727, 0.2755901280277098, 0.26485074061192593, 0.25978851813650655, 0.29335955042292244, 0.38245146324622575, 0.34734864032367063, 0.39515893061120017, 0.3890888321313372, 0.4068234076566309], [0.4340015213117254, 0.3204182238351294, 0.30216019314881926, 0.29335955042292244, 0.29734655891941664, 0.3815816038469684, 0.3474250724266121, 0.3919990124293706, 0.38323565943414045, 0.4005759514521246], [0.5329501935432632, 0.4205573953463674, 0.39496091297393, 0.38245146324622575, 0.3815816038469684, 0.3960792486588732, 0.36226966631574137, 0.4018621450354441, 0.39298985159586985, 0.41197650306419586], [0.4893565025588902, 0.38133489494022665, 0.35641375773040457, 0.34734864032367063, 0.3474250724266121, 0.36226966631574137, 0.3754220262135491, 0.41095615460417956, 0.4023547976042077, 0.41838844340009906], [0.5389802013391309, 0.4328929412925747, 0.4051153116278158, 0.39515893061120017, 0.3919990124293706, 0.4018621450354441, 0.41095615460417956, 0.41917257146013287, 0.410870308174352, 0.42709495981204926], [0.5177964989054397, 0.42193430972277357, 0.3938859480989191, 0.3890888321313372, 0.38323565943414045, 0.39298985159586985, 0.4023547976042077, 0.410870308174352, 0.4187659405149712, 0.4339299405169571], [0.5360439133821642, 0.4413184265342845, 0.4111109855949726, 0.4068234076566309, 0.4005759514521246, 0.41197650306419586, 0.41838844340009906, 0.42709495981204926, 0.4339299405169571, 0.43543562451052087]], "vgg.features.8": [[0.056278136866325226, 0.33309221220849833, 0.481142236344109, 0.5367017771776057, 0.666930895133524, 0.8574851645299193, 0.7948138708591963, 0.8974262153474105, 0.8744756386469861, 0.9050643051659417], [0.33309221220849833, 0.1994919002352389, 0.3317503688657272, 0.39861741532137274, 0.5412761638308243, 0.7734105334048773, 0.7051268531226879, 0.8121643013697231, 0.7895411170693778, 0.8154633135786175], [0.481142236344109, 0.3317503688657272, 0.32174926461262965, 0.3801493921215761, 0.5152851754697064, 0.7441070555203675, 0.6787933124575982, 0.7818251279103939, 0.7558113620243492, 0.7794782392810948], [0.5367017771776057, 0.39861741532137274, 0.3801493921215761, 0.38546205136025835, 0.5102452990530577, 0.7410090818701583, 0.6768169059852949, 0.7732686286778899, 0.7523407256665905, 0.7744096271377721], [0.666930895133524, 0.5412761638308243, 0.5152851754697064, 0.5102452990530577, 0.511327155715198, 0.7395040271831185, 0.6759445673369762, 0.7691029640978941, 0.7461475634794257, 0.7681731604608009], [0.8574851645299193, 0.7734105334048773, 0.7441070555203675, 0.7410090818701583, 0.7395040271831185, 0.7456503952062251, 0.6817562136901941, 0.7721600769339947, 0.7525675690587021, 0.7769228387386808], [0.7948138708591963, 0.7051268531226879, 0.6787933124575982, 0.6768169059852949, 0.6759445673369762, 0.6817562136901941, 0.6865813187766892, 0.7734104085484048, 0.7545208394203521, 0.7796210134693771], [0.8974262153474105, 0.8121643013697231, 0.7818251279103939, 0.7732686286778899, 0.7691029640978941, 0.7721600769339947, 0.7734104085484048, 0.7676596652960771, 0.7500038126853249, 0.7745087772214218], [0.8744756386469861, 0.7895411170693778, 0.7558113620243492, 0.7523407256665905, 0.7461475634794257, 0.7525675690587021, 0.7545208394203521, 0.7500038126853249, 0.7460901969171354, 0.7707800323744474], [0.9050643051659417, 0.8154633135786175, 0.7794782392810948, 0.7744096271377721, 0.7681731604608009, 0.7769228387386808, 0.7796210134693771, 0.7745087772214218, 0.7707800323744474, 0.7676074308014146]],