{"vgg.features.3": [[0.024826270016962422, 0.031121285920838147, 0.043937994729536946, 0.05891879966365944, 0.07127822675319967, 0.08559593701831883, 0.10645524875468057, 0.13088169675584052, 0.14752432888992764, 0.16032156565036323], [0.0, 0.202804289844524, 0.20044494168368585, 0.19922798134486108, 0.19815629730719383, 0.19965308201920906, 0.20663286828320176, 0.21625526913690393, 0.22054757999824015, 0.22612285986099895], [0.0, 0.0, 0.24186501942101712, 0.23970343354179174, 0.23744122955955954, 0.236630246716508, 0.24020578496806458, 0.24723540267427366, 0.24954907697735992, 0.25333044822302975], [0.0, 0.0, 0.0, 0.27346401885382393, 0.27059633997659893, 0.2689294408453481, 0.2705590993637879, 0.275702278811998, 0.27679865385671065, 0.2791577567034115], [0.0, 0.0, 0.0, 0.0, 0.309419565164803, 0.30832427259469175, 0.31055013078626154, 0.3150287069193131, 0.315467784214227, 0.3174090587185622], [0.0, 0.0, 0.0, 0.0, 0.0, 0.33714983932053116, 0.3391628423570542, 0.3422879900742455, 0.3423820968153449, 0.34323910024784665], [0.0, 0.0, 0.0, 0.0, 0.0, 0.0, 0.37152533693058054, 0.3733884687293326, 0.3717019581642704, 0.3719016276112603], [0.0, 0.0, 0.0, 0.0, 0.0, 0.0, 0.0, 0.3939204947907776, 0.3921539679112493, 0.39170331071498066], [0.0, 0.0, 0.0, 0.0, 0.0, 0.0, 0.0, 0.0, 0.4133195105908242, 0.41240040339532746], [0.0, 0.0, 0.0, 0.0, 0.0, 0.0, 0.0, 0.0, 0.0, 0.43133902515958567]], "vgg.features.6": [[0.033707152049155295, 0.0464088692368857, 0.0734724303021243, 0.18190213513136608, 0.19879504216470767, 0.21874810912507983, 0.22187354130708867, 0.2467182858078265, 0.2576098565465908, 0.262958998113889], [0.0, 0.2269775875063633, 0.2341684347276053, 0.2741845684881337, 0.2848816462655637, 0.2928215846494493, 0.2954621948483677, 0.3093504606921288, 0.313952543351461, 0.3189247734836675], [0.0, 0.0, 0.26754813776033176, 0.2890156693112084, 0.2995134604002233, 0.3033434959503383, 0.3048746007964861, 0.314972530037648, 0.3179075088309591, 0.32260906151003904], [0.0, 0.0, 0.0, 0.31414317878164105, 0.32113790180601137, 0.32449710203369897, 0.3254655878514622, 0.3338389922703745, 0.33567390742110176, 0.34072110053658133], [0.0, 0.0, 0.0, 0.0, 0.342548054757576, 0.34621457495879887, 0.3473805812738839, 0.35346166666981593, 0.35458370100633535, 0.35878847012383797], [0.0, 0.0, 0.0, 0.0, 0.0, 0.37350855097096747, 0.3744457254212235, 0.3799388002950582, 0.3799243353686424, 0.3843207101659114], [0.0, 0.0, 0.0, 0.0, 0.0, 0.0, 0.3963307010911445, 0.4009729964416141, 0.4004663094694788, 0.4045370710998763], [0.0, 0.0, 0.0, 0.0, 0.0, 0.0, 0.0, 0.41640102635552145, 0.415664180853629, 0.41952078066216597], [0.0, 0.0, 0.0, 0.0, 0.0, 0.0, 0.0, 0.0, 0.4307235883088579, 0.4344404885550708], [0.0, 0.0, 0.0, 0.0, 0.0, 0.0, 0.0, 0.0, 0.0, 0.4454618575790507]], "vgg.features.8": [[0.03647306838916886, 0.05113540307792683, 0.07314120829563632, 0.09585683641923158, 0.12074105215253242, 0.13278881075213567, 0.1414223178216488, 0.17337145328029144, 0.19068275447677935, 0.1863842641891692], [0.0, 0.27209696897345453, 0.26442232774672064, 0.26410444944952743, 0.26437716751562707, 0.25869690732891254, 0.26394137192201034, 0.27422308975955473, 0.273884582426639, 0.2703440317827455], [0.0, 0.0, 0.3260130033711273, 0.32058359117113655, 0.3184885889958117, 0.3111847894463503, 0.31416960421684115, 0.3192379077116012, 0.3141559095515602, 0.3133445795794566], [0.0, 0.0, 0.0, 0.36726511770397596, 0.36303860482638667, 0.3558678154894089, 0.3581741652511224, 0.3590519931481241, 0.35298334513323476, 0.3557021739766157], [0.0, 0.0, 0.0, 0.0, 0.40149158560441983, 0.3956088679230583, 0.3969160919063288, 0.39661146368615635, 0.3894052417806567, 0.3935103092839416], [0.0, 0.0, 0.0, 0.0, 0.0, 0.42585247174082524, 0.42705797682324137, 0.4255642386391809, 0.41806590896753265, 0.42407063150539887], [0.0, 0.0, 0.0, 0.0, 0.0, 0.0, 0.46048877530734655, 0.45782561911986874, 0.4493579205556345, 0.4566211272046247], [0.0, 0.0, 0.0, 0.0, 0.0, 0.0, 0.0, 0.47868556045374155, 0.4709841194173438, 0.4782218320319925], [0.0, 0.0, 0.0, 0.0, 0.0, 0.0, 0.0, 0.0, 0.4857119890633699, 0.49256519809871174], [0.0, 0.0, 0.0, 0.0, 0.0, 0.0, 0.0, 0.0, 0.0, 0.5124931618729592]], "vgg.features.11": [[0.05793789445361963, 0.09597260051613868, 0.17941714966799346, 0.22187110356058534, 0.2530072872986289, 0.27565563746600724, 0.3050447269612145, 0.3223374758602408, 0.34068007353913315, 0.3442099421263793], [0.0, 0.3157719465866694, 0.3322065712019872, 0.3414844071583, 0.34582881906273033, 0.35568043660330506, 0.3761459845051506, 0.3791878602448993, 0.3896201237122882, 0.3963384211072302], [0.0, 0.0, 0.379437687036908, 0.3824607096457559, 0.38505102071263464, 0.3908735838346, 0.407569316722696, 0.40559567133534413, 0.41296588183128846, 0.42140405825117944], [0.0, 0.0, 0.0, 0.42346922153496225, 0.4219495845895232, 0.4238051764684709, 0.43628654516347853, 0.43158274674911884, 0.4364239080669332, 0.44520282596753574], [0.0, 0.0, 0.0, 0.0, 0.444724521033267, 0.4433124250574746, 0.45564196642999466, 0.4516609362953171, 0.4563362138253474, 0.46580531426077315], [0.0, 0.0, 0.0, 0.0, 0.0, 0.46509269981137624, 0.47615369546419756, 0.4731462512730492, 0.4755908449294973, 0.48378129562417477], [0.0, 0.0, 0.0, 0.0, 0.0, 0.0, 0.5035118696915624, 0.5004356106375619, 0.501514568106854, 0.5104726936891452], [0.0, 0.0, 0.0, 0.0, 0.0, 0.0, 0.0, 0.5176810553506647, 0.5180375841751143, 0.526295107576709], [0.0, 0.0, 0.0, 0.0, 0.0, 0.0, 0.0, 0.0, 0.5311223884437313, 0.5396948843561764], [0.0, 0.0, 0.0, 0.0, 0.0, 0.0, 0.0, 0.0, 0.0, 0.5553315914378425]], "vgg.features.13": [[0.08528302082223987, 0.1509011064900934, 0.33042642922701665, 0.49865241831985435, 0.5100930440134488, 0.517760784979952, 0.5389308301087625, 0.5784338516064405, 0.59452398600636, 0.5765715792567923], [0.0, 0.48508152491468126, 0.5030060218325689, 0.5521546761454043, 0.5497431452623546, 0.5552190930008051, 0.5599519725993041, 0.5818958825493471, 0.5840508197431636, 0.5817165915549084], [0.0, 0.0, 0.5681189103394737, 0.5863975148136912, 0.5792425240616613, 0.5822236429047546, 0.5864426451427033, 0.6012760950713255, 0.5994099597909249, 0.5972221877848841], [0.0, 0.0, 0.0, 0.6203348224074999, 0.6128763545495495, 0.6136582518541326, 0.6162599146741164, 0.6306595462442721, 0.6289955899295503, 0.6263124807384635], [0.0, 0.0, 0.0, 0.0, 0.6339829808320905, 0.6343129489165675, 0.636382639131075, 0.648538370116031, 0.6464541534803924, 0.6440752592842481], [0.0, 0.0, 0.0, 0.0, 0.0, 0.650803334778278, 0.6536547298791876, 0.6641525878641447, 0.6622727203319949, 0.6600407621123774], [0.0, 0.0, 0.0, 0.0, 0.0, 0.0, 0.6770418529774939, 0.685739091406023, 0.6830649369878423, 0.6831519066781384], [0.0, 0.0, 0.0, 0.0, 0.0, 0.0, 0.0, 0.697908482070418, 0.6951286078568181, 0.6957061358807197], [0.0, 0.0, 0.0, 0.0, 0.0, 0.0, 0.0, 0.0, 0.7036635733033492, 0.703657308953655], [0.0, 0.0, 0.0, 0.0, 0.0, 0.0, 0.0, 0.0, 0.0, 0.7143997078059978]]}