{"vgg.features.3": [[0.038287835268166155, 0.26053137761453576, 0.34043639773274875, 0.3621941827405872, 0.4145003232306874, 0.4572915575989802, 0.47398723109697655, 0.5014178076138585, 0.5058434633342518, 0.5213772328142245], [0.0, 0.12884887719721425, 0.21931498794067247, 0.252175671147249, 0.3027094701486179, 0.3364302021584254, 0.3594289107694533, 0.3938442611555318, 0.39921793229282504, 0.4166133186236095], [0.0, 0.0, 0.1845064599051053, 0.21269595043736772, 0.2582408552478163, 0.2909424509186351, 0.31231005524370825, 0.34964191502100017, 0.353837127585009, 0.3723755575031861], [0.0, 0.0, 0.0, 0.20919163889849676, 0.2450019110559124, 0.27048374610405096, 0.29011921457344775, 0.32232997494166676, 0.329871485330242, 0.3452022370350857], [0.0, 0.0, 0.0, 0.0, 0.2423399861688122, 0.26606709538022355, 0.28236595676013027, 0.3060886110716094, 0.31598307218479965, 0.329729517069141], [0.0, 0.0, 0.0, 0.0, 0.0, 0.272598183523749, 0.28935948962476726, 0.30991797388507214, 0.3203141227623133, 0.33279341651530064], [0.0, 0.0, 0.0, 0.0, 0.0, 0.0, 0.2940524632767731, 0.3096642874455576, 0.3183829458910578, 0.3285743861728244], [0.0, 0.0, 0.0, 0.0, 0.0, 0.0, 0.0, 0.311085826193783, 0.3186400288222498, 0.3297442211602886], [0.0, 0.0, 0.0, 0.0, 0.0, 0.0, 0.0, 0.0, 0.3295723689844012, 0.33915664641713883], [0.0, 0.0, 0.0, 0.0, 0.0, 0.0, 0.0, 0.0, 0.0, 0.35016446454475275]], "vgg.features.6": [[0.042598764942539544, 0.2738110915934471, 0.35866877721550944, 0.4010634086012858, 0.45804745173902284, 0.5523300426671673, 0.5187183705450933, 0.5663097300730706, 0.5441824288737773, 0.5612216265096706], [0.0, 0.14602208051391835, 0.221352649592353, 0.2704574209805003, 0.3185345245969302, 0.41086231564400444, 0.3849564163452504, 0.43545451572054933, 0.42462362256687364, 0.44142371940024927], [0.0, 0.0, 0.21901950194791941, 0.25645949330931733, 0.2991659314882451, 0.3850422972350875, 0.35792852901610955, 0.40531799405616614, 0.3945547398922221, 0.41066275321819784], [0.0, 0.0, 0.0, 0.24685050377363726, 0.2859327080742132, 0.3677703138221735, 0.34443563827562584, 0.38855404531427296, 0.3832309397057851, 0.40017699304074217], [0.0, 0.0, 0.0, 0.0, 0.2825169135812449, 0.35852728670411654, 0.3356732417978737, 0.37692878729344453, 0.37060638299019455, 0.3882634151209862], [0.0, 0.0, 0.0, 0.0, 0.0, 0.36300003268192005, 0.34017071786866315, 0.37586965686995655, 0.3710934294558142, 0.390142297648804], [0.0, 0.0, 0.0, 0.0, 0.0, 0.0, 0.3486459444200318, 0.3802972998286802, 0.37610410363073565, 0.39319561112156276], [0.0, 0.0, 0.0, 0.0, 0.0, 0.0, 0.0, 0.38427871169175887, 0.3798072809161778, 0.3972806194978981], [0.0, 0.0, 0.0, 0.0, 0.0, 0.0, 0.0, 0.0, 0.38600099323813064, 0.402661559672523], [0.0, 0.0, 0.0, 0.0, 0.0, 0.0, 0.0, 0.0, 0.0, 0.40677610948177056]], "vgg.features.8": [[0.0566545814490384, 0.34042954777381507, 0.5003266318564965, 0.5518736590925141, 0.6743153563610123, 0.8361807901261488, 0.7946137761142118, 0.8752023009501151, 0.8611717749174983, 0.8911286499972522], [0.0, 0.1969018240945846, 0.32620621625838864, 0.39017205781521774, 0.5174692572867746, 0.7056515949118202, 0.664371464700857, 0.7449842586235581, 0.7353619812532491, 0.7644183654200432], [0.0, 0.0, 0.3136627641628685, 0.36807921177847996, 0.48979352556940703, 0.6752450383412923, 0.6364632126475902, 0.7133668652739681, 0.7015993693874206, 0.7303876511573184], [0.0, 0.0, 0.0, 0.3681786802320404, 0.48094256319282735, 0.6676505409898856, 0.630137418452478, 0.7012087131597949, 0.6931712355318832, 0.7209468280809148], [0.0, 0.0, 0.0, 0.0, 0.4768541449741904, 0.6609977888185785, 0.6231674651078335, 0.6899436609751465, 0.6825194841420014, 0.7101554551347464], [0.0, 0.0, 0.0, 0.0, 0.0, 0.662088073488912, 0.6236774528674475, 0.6885064187090857, 0.6851715273362444, 0.7134708633628627], [0.0, 0.0, 0.0, 0.0, 0.0, 0.0, 0.6269294059235938, 0.6895299706602733, 0.6862713548786912, 0.714550443570376], [0.0, 0.0, 0.0, 0.0, 0.0, 0.0, 0.0, 0.6858956293537232, 0.6829290303941402, 0.7096250901146433], [0.0, 0.0, 0.0, 0.0, 0.0, 0.0, 0.0, 0.0, 0.6819351278285432, 0.7085097342426981], [0.0, 0.0, 0.0, 0.0, 0.0, 0.0, 0.0, 0.0, 0.0, 0.7068656521984605]], "vgg.features.11": [[0.07767320826260396, 0.4428361140507765, 0.683465777615822, 0.8684913012567946, 0.9801393103806014, 1.1598925437968415, 1.17631452796286, 1.2302601796386325, 1.2449976763882564, 1.2633600183110674], [0.0, 0.3423667960395668, 0.538697720314499, 0.7401263524752238, 0.8646203017224285, 1.0624549194452382, 1.06756441876008, 1.1291543795053627, 1.1573220181010428, 1.1804345564033132], [0.0, 0.0, 0.5398675738272125, 0.728991275154589, 0.8520254964192888, 1.0389351714785025, 1.0439151948941428, 1.1048933965383174, 1.1327696891668708, 1.1591530778357142], [0.0, 0.0, 0.0, 0.7248311906667958, 0.8442565123866753, 1.0257833511682226, 1.0291240627274685, 1.089440093801691, 1.1171819880229712, 1.142355125743036], [0.0, 0.0, 0.0, 0.0, 0.8365685382648471, 1.01439108272927, 1.0177906461071626, 1.0775252806196043, 1.1062960561736077, 1.1335559459129954], [0.0, 0.0, 0.0, 0.0, 0.0, 1.0057957907644584, 1.011177542419628, 1.070098873408871, 1.0991627431992101, 1.1272237705431607], [0.0, 0.0, 0.0, 0.0, 0.0, 0.0, 1.011464140294876, 1.0689556128334345, 1.0980688577219446, 1.1250236757043275], [0.0, 0.0, 0.0, 0.0, 0.0, 0.0, 0.0, 1.0683912967816864, 1.0958414513641312, 1.123360622265931], [0.0, 0.0, 0.0, 0.0, 0.0, 0.0, 0.0, 0.0, 1.096229192884399, 1.124443063387681], [0.0, 0.0, 0.0, 0.0, 0.0, 0.0, 0.0, 0.0, 0.0, 1.1203473523043994]], "vgg.features.13": [[0.12371829978397994, 0.7474535943069067, 1.1204085387380933, 1.1799223350766814, 1.2786343393381665, 1.2928055767158388, 1.3168675592017742, 1.3349462600176012, 1.3377272632851473, 1.374402383961857], [0.0, 0.5367314139223053, 0.9248087775914632, 1.0311113857571588, 1.1522557809325047, 1.2269849172815734, 1.2367207312063715, 1.25691296255086, 1.2662304427789015, 1.3320938998414704], [0.0, 0.0, 0.915357058620312, 1.0047924076534323, 1.1183334937001246, 1.2167845750488937, 1.225235100097291, 1.246236437690935, 1.2568184717639272, 1.3101277444640853], [0.0, 0.0, 0.0, 0.9969944202398066, 1.1112996121163898, 1.2130340467852947, 1.217445939352941, 1.2458736843023446, 1.2489866143936204, 1.2982531712839462], [0.0, 0.0, 0.0, 0.0, 1.1019522048329977, 1.2055658951591817, 1.2125399149292664, 1.2436520629887449, 1.2479592736823404, 1.2948780809658238], [0.0, 0.0, 0.0, 0.0, 0.0, 1.2032658854182396, 1.2122130813005598, 1.2438839452362926, 1.2490129301227275, 1.2963318686285084], [0.0, 0.0, 0.0, 0.0, 0.0, 0.0, 1.2087253780665397, 1.24520834140331, 1.2472519847339043, 1.293878681154365], [0.0, 0.0, 0.0, 0.0, 0.0, 0.0, 0.0, 1.2446141619514453, 1.2481901745092492, 1.2915114931791645], [0.0, 0.0, 0.0, 0.0, 0.0, 0.0, 0.0, 0.0, 1.2486882716880563, 1.2910655145861807], [0.0, 0.0, 0.0, 0.0, 0.0, 0.0, 0.0, 0.0, 0.0, 1.2883636414387072]]}