{"vgg.features.3": [[0.027673983304341523, 0.029599544497594804, 0.033733671272561945, 0.04044765634625216, 0.047355119643854325, 0.0552648532999367, 0.06426783339634232, 0.07913049443673538, 0.08703406192362455, 0.09474311473317745], [0.0, 0.26383374167933527, 0.2621113079412155, 0.2607997084510353, 0.2599131348395101, 0.2587938148903157, 0.2585074157494538, 0.26041478528286255, 0.2595882375107551, 0.2601361558198899], [0.0, 0.0, 0.31800817579323043, 0.31620695946565563, 0.31453374775224024, 0.3130104580207407, 0.31205358577745196, 0.31281392560467774, 0.31106485182684457, 0.3109871410772815], [0.0, 0.0, 0.0, 0.3533078650740317, 0.35123432362913115, 0.34945045313456763, 0.3481441895660574, 0.34821564089279644, 0.3461648628560875, 0.3456511798229897], [0.0, 0.0, 0.0, 0.0, 0.3818016837659336, 0.3800475918966711, 0.37869321772667036, 0.3781876283641521, 0.37588790557974366, 0.3751505582614595], [0.0, 0.0, 0.0, 0.0, 0.0, 0.40487751793931775, 0.40338383806977407, 0.40227330786757426, 0.3998893602215801, 0.39886709478471266], [0.0, 0.0, 0.0, 0.0, 0.0, 0.0, 0.4314517802483014, 0.42983378565192415, 0.4269899047335958, 0.4257049862532095], [0.0, 0.0, 0.0, 0.0, 0.0, 0.0, 0.0, 0.4511324201377302, 0.4482413405825116, 0.4467242855555159], [0.0, 0.0, 0.0, 0.0, 0.0, 0.0, 0.0, 0.0, 0.4616817516564214, 0.46001588252438563], [0.0, 0.0, 0.0, 0.0, 0.0, 0.0, 0.0, 0.0, 0.0, 0.47265472631902916]], "vgg.features.6": [[0.03645181276025601, 0.04310643213142073, 0.054589546009140004, 0.08660443664772519, 0.09638907066681687, 0.10739910665450984, 0.11760264418341232, 0.13904752546427826, 0.14891839397827836, 0.15678812455233931], [0.0, 0.2896991656720112, 0.28823583678464565, 0.2909640494486147, 0.2905209604822867, 0.29063787826567633, 0.2918101466166453, 0.29552421229672216, 0.29652885426821024, 0.29753914952287536], [0.0, 0.0, 0.34426910860094107, 0.3444230722878296, 0.3437910821364564, 0.3430360737689456, 0.34314486495602303, 0.34537311283348454, 0.34567932653337374, 0.34640457718122236], [0.0, 0.0, 0.0, 0.38304753680909726, 0.3818944571083891, 0.3806916996438984, 0.380084224053796, 0.3812626944933734, 0.38115567490330665, 0.38160951077996247], [0.0, 0.0, 0.0, 0.0, 0.41197354440463163, 0.4109434383628432, 0.41037309176956216, 0.41080689194884457, 0.410252805528137, 0.4103871354480519], [0.0, 0.0, 0.0, 0.0, 0.0, 0.4353743257097608, 0.434627802603126, 0.43408944275671857, 0.433314302450755, 0.433157556461905], [0.0, 0.0, 0.0, 0.0, 0.0, 0.0, 0.4615787100704231, 0.46031343891626864, 0.4591154141282533, 0.4587614163466017], [0.0, 0.0, 0.0, 0.0, 0.0, 0.0, 0.0, 0.48110854002617714, 0.4797327969140795, 0.4791897280963464], [0.0, 0.0, 0.0, 0.0, 0.0, 0.0, 0.0, 0.0, 0.4941467370643293, 0.4934055057497189], [0.0, 0.0, 0.0, 0.0, 0.0, 0.0, 0.0, 0.0, 0.0, 0.506880172572639]], "vgg.features.8": [[0.05704579846712826, 0.0676208836133915, 0.09059365749374154, 0.14732915430630214, 0.17072160704895042, 0.1913433064817381, 0.2027640398772154, 0.22950832991453363, 0.24475056503042825, 0.25639705100636645], [0.0, 0.347587645547774, 0.348905845876472, 0.35850335813023776, 0.36267974978039114, 0.3662305428875644, 0.3683212537970205, 0.37665709970748784, 0.3811268324008754, 0.3844818793245986], [0.0, 0.0, 0.41020916552588615, 0.4169316613107006, 0.42045749697309825, 0.422745713153652, 0.4241117688591675, 0.4301660737745689, 0.4336679216894063, 0.4366899160238915], [0.0, 0.0, 0.0, 0.4593477765235853, 0.46216469214637396, 0.46361591129473617, 0.4642632742768734, 0.4694685085311178, 0.47207530860303837, 0.47458591726484206], [0.0, 0.0, 0.0, 0.0, 0.491460419731411, 0.4928284394059693, 0.49335931792571536, 0.4973650608758617, 0.49927410521014054, 0.501620810002693], [0.0, 0.0, 0.0, 0.0, 0.0, 0.5194469465309649, 0.5197638535377337, 0.5229230906247867, 0.5243111196372744, 0.526357872987042], [0.0, 0.0, 0.0, 0.0, 0.0, 0.0, 0.5442300198755159, 0.5465848319118887, 0.5474321448826883, 0.549043189627117], [0.0, 0.0, 0.0, 0.0, 0.0, 0.0, 0.0, 0.5656473950171956, 0.5664219484185751, 0.5678817980787279], [0.0, 0.0, 0.0, 0.0, 0.0, 0.0, 0.0, 0.0, 0.5794945530177696, 0.5806849082110307], [0.0, 0.0, 0.0, 0.0, 0.0, 0.0, 0.0, 0.0, 0.0, 0.5937055840629056]], "vgg.features.11": [[0.06814022839436482, 0.08281289594884282, 0.10381643329566725, 0.1394696263782573, 0.1652870896422287, 0.18094544896306114, 0.19563501289869545, 0.23105321374599147, 0.2472853271837272, 0.2556681285283128], [0.0, 0.3628231981520471, 0.36354985348645913, 0.3672287620015747, 0.3682944344835498, 0.36873836877150595, 0.37295570396544575, 0.38155380981813686, 0.3858997535512299, 0.3857735229916927], [0.0, 0.0, 0.42457083341372687, 0.4256114480938999, 0.4253321622681947, 0.4253600408210104, 0.42828110760680926, 0.43330621088743887, 0.43581421004428084, 0.4355445935978582], [0.0, 0.0, 0.0, 0.4655946630690597, 0.464229328507373, 0.46414212392273363, 0.46586463108471865, 0.46904317784131394, 0.47064129568739554, 0.4702475979173379], [0.0, 0.0, 0.0, 0.0, 0.48957415425138145, 0.4892622556407682, 0.490635776781949, 0.4928571625761873, 0.4937865612469533, 0.4934184678321205], [0.0, 0.0, 0.0, 0.0, 0.0, 0.5127043846515629, 0.513877307217459, 0.5154422602704117, 0.5159608975363036, 0.5157215203714229], [0.0, 0.0, 0.0, 0.0, 0.0, 0.0, 0.5389496443126774, 0.539623893830631, 0.5396047527879829, 0.539302823409244], [0.0, 0.0, 0.0, 0.0, 0.0, 0.0, 0.0, 0.5560831682309288, 0.5558783034623129, 0.5555061215046849], [0.0, 0.0, 0.0, 0.0, 0.0, 0.0, 0.0, 0.0, 0.5673845734101136, 0.5668390093456449], [0.0, 0.0, 0.0, 0.0, 0.0, 0.0, 0.0, 0.0, 0.0, 0.5795324306205192]], "vgg.features.13": [[0.10548033671163014, 0.13144680585053062, 0.17705879243391026, 0.23568025647634883, 0.2635474330286137, 0.28083749389721757, 0.3005194564586965, 0.33246033650588636, 0.35105306913931406, 0.355974724574631], [0.0, 0.48120680662571685, 0.486223472033142, 0.4961386300712419, 0.4985728968614884, 0.5022055778169093, 0.507460381496611, 0.5125826191716045, 0.5167701167190102, 0.5152084705511631], [0.0, 0.0, 0.5562890942876543, 0.5615797295115342, 0.5616704970321417, 0.5638734438867654, 0.5673545168604348, 0.5691550768219914, 0.5716696075317695, 0.5698083896943108], [0.0, 0.0, 0.0, 0.6049914435145594, 0.6042185421355615, 0.6059885108521995, 0.6085540145067134, 0.6091108636195659, 0.6109883471865027, 0.6092262840793802], [0.0, 0.0, 0.0, 0.0, 0.6305890900411507, 0.6319436503869226, 0.6341915418989079, 0.6341555283418993, 0.6354626570744789, 0.6338253889532025], [0.0, 0.0, 0.0, 0.0, 0.0, 0.6548611799785544, 0.6568530882095396, 0.6561038442883386, 0.6570360891342297, 0.6556219977623852], [0.0, 0.0, 0.0, 0.0, 0.0, 0.0, 0.6811355199726734, 0.6796023873796813, 0.6801707460758036, 0.679178916028086], [0.0, 0.0, 0.0, 0.0, 0.0, 0.0, 0.0, 0.6956852111889296, 0.6962832647209961, 0.6953585319928703], [0.0, 0.0, 0.0, 0.0, 0.0, 0.0, 0.0, 0.0, 0.7083663076984357, 0.7073512451378163], [0.0, 0.0, 0.0, 0.0, 0.0, 0.0, 0.0, 0.0, 0.0, 0.7201728267061358]]}