{"vgg.features.3": [[0.036914995900317535, 0.24836832896502042, 0.33688036063235366, 0.36333540732895014, 0.4124465012550952, 0.4514202514206631, 0.47588978131151766, 0.49787365491362917, 0.5048622702807515, 0.5150803471963267], [0.24836832896502042, 0.125566005787929, 0.22124508496502748, 0.25604873005443574, 0.3057078773200306, 0.3403382946615959, 0.37138477064100467, 0.40062161934448215, 0.4079951131725705, 0.4208051958534462], [0.33688036063235366, 0.22124508496502748, 0.18315813981297926, 0.2130242353629059, 0.25636273338246407, 0.2891415404974452, 0.31607390850070993, 0.3481593894368468, 0.3549629027520035, 0.3679709659515393], [0.36333540732895014, 0.25604873005443574, 0.2130242353629059, 0.20561065147714264, 0.2389669772001514, 0.26550982881576607, 0.28907526613097967, 0.31785144228608175, 0.32801333442830877, 0.3373011612311581], [0.4124465012550952, 0.3057078773200306, 0.25636273338246407, 0.2389669772001514, 0.23711411807222807, 0.26373407120135783, 0.28146734659290223, 0.30244468177836226, 0.313464639852317, 0.3203330637044645], [0.4514202514206631, 0.3403382946615959, 0.2891415404974452, 0.26550982881576607, 0.26373407120135783, 0.27114211076224787, 0.28724195273942926, 0.3045553412369928, 0.31553616862838674, 0.32066491517640716], [0.47588978131151766, 0.37138477064100467, 0.31607390850070993, 0.28907526613097967, 0.28146734659290223, 0.28724195273942926, 0.29350553325129775, 0.3057391665516867, 0.3133882781602744, 0.31603421278881044], [0.49787365491362917, 0.40062161934448215, 0.3481593894368468, 0.31785144228608175, 0.30244468177836226, 0.3045553412369928, 0.3057391665516867, 0.30836178570444, 0.314059837784209, 0.31752419682143923], [0.5048622702807515, 0.4079951131725705, 0.3549629027520035, 0.32801333442830877, 0.313464639852317, 0.31553616862838674, 0.3133882781602744, 0.314059837784209, 0.32413516531467085, 0.32613860314501536], [0.5150803471963267, 0.4208051958534462, 0.3679709659515393, 0.3373011612311581, 0.3203330637044645, 0.32066491517640716, 0.31603421278881044, 0.31752419682143923, 0.32613860314501536, 0.3368697214345678]], "vgg.features.6": [[0.041131719220639934, 0.25260026307636374, 0.3355731058860297, 0.38604288354344446, 0.4384823276902971, 0.5358333924518436, 0.49340059769522443, 0.5439651851689937, 0.5278217421233432, 0.5404067604093283], [0.25260026307636374, 0.14768806145635183, 0.22012268315369002, 0.27575679345547854, 0.3208658702760733, 0.4207606902982498, 0.3818373560528538, 0.4362670797951892, 0.4303279841524944, 0.4440831661775885], [0.3355731058860297, 0.22012268315369002, 0.2193877101535604, 0.2642055811850911, 0.30220024795912537, 0.3957619617535592, 0.35529477185496383, 0.4063756604587669, 0.3996420301145718, 0.41208948773875564], [0.38604288354344446, 0.27575679345547854, 0.2642055811850911, 0.2555354001158117, 0.2905854581510065, 0.3814689630333709, 0.3439422463329673, 0.39365873754817776, 0.3910589285003502, 0.40384307781130574], [0.4384823276902971, 0.3208658702760733, 0.30220024795912537, 0.2905854581510065, 0.2938084423617952, 0.38069747458178493, 0.34304883275672876, 0.3886642999168147, 0.3825538100385604, 0.39509133551199666], [0.5358333924518436, 0.4207606902982498, 0.3957619617535592, 0.3814689630333709, 0.38069747458178493, 0.3931207241111014, 0.3548781736844569, 0.39528440186946956, 0.3877101812526793, 0.40179347338473037], [0.49340059769522443, 0.3818373560528538, 0.35529477185496383, 0.3439422463329673, 0.34304883275672876, 0.3548781736844569, 0.3678486629278141, 0.40398866875447875, 0.3955018235494826, 0.40641245161974077], [0.5439651851689937, 0.4362670797951892, 0.4063756604587669, 0.39365873754817776, 0.3886642999168147, 0.39528440186946956, 0.40398866875447875, 0.4119598494508537, 0.40284581128123725, 0.4135505068536314], [0.5278217421233432, 0.4303279841524944, 0.3996420301145718, 0.3910589285003502, 0.3825538100385604, 0.3877101812526793, 0.3955018235494826, 0.40284581128123725, 0.4090217319531539, 0.41880800986161054], [0.5404067604093283, 0.4440831661775885, 0.41208948773875564, 0.40384307781130574, 0.39509133551199666, 0.40179347338473037, 0.40641245161974077, 0.4135505068536314, 0.41880800986161054, 0.42083598235262026]], "vgg.features.8": [[0.05623612843413462, 0.3299723604454271, 0.4852435884701539, 0.5462816718094964, 0.6768778138417909, 0.868292522554351, 0.804383694747745, 0.9007949608593551, 0.8817470672125032, 0.905782189344132], [0.3299723604454271, 0.20048744668358676, 0.33558306065528826, 0.4073524245318933, 0.5485489031698441, 0.7820757826134606, 0.7100177394327987, 0.8114330935608765, 0.7922916998523393, 0.8114271764271516], [0.4852435884701539, 0.33558306065528826, 0.32749990331883444, 0.38956158777399286, 0.5240850949946931, 0.755873281969386, 0.6847248229647398, 0.7816913141276265, 0.7583475522596113, 0.776555333988907], [0.5462816718094964, 0.4073524245318933, 0.38956158777399286, 0.39402018327114113, 0.5192551565175954, 0.7542752847113356, 0.6833305383924183, 0.7732036092788772, 0.7541097115053822, 0.769837421690817], [0.6768778138417909, 0.5485489031698441, 0.5240850949946931, 0.5192551565175954, 0.5215232169555989, 0.754644976978774, 0.6830403836013453, 0.7689757058510805, 0.7472312089379891, 0.7625044772440627], [0.868292522554351, 0.7820757826134606, 0.755873281969386, 0.7542752847113356, 0.754644976978774, 0.7615290557642733, 0.688707893371828, 0.7723030198208855, 0.7532900337018914, 0.7704844470658575], [0.804383694747745, 0.7100177394327987, 0.6847248229647398, 0.6833305383924183, 0.6830403836013453, 0.688707893371828, 0.6951285147949642, 0.7757899341822937, 0.7564951711616112, 0.7731565854155967], [0.9007949608593551, 0.8114330935608765, 0.7816913141276265, 0.7732036092788772, 0.7689757058510805, 0.7723030198208855, 0.7757899341822937, 0.7709782006474711, 0.7522006376555977, 0.7673808183659921], [0.8817470672125032, 0.7922916998523393, 0.7583475522596113, 0.7541097115053822, 0.7472312089379891, 0.7532900337018914, 0.7564951711616112, 0.7522006376555977, 0.7486759736338223, 0.7643571759335068], [0.905782189344132, 0.8114271764271516, 0.776555333988907, 0.769837421690817, 0.7625044772440627, 0.7704844470658575, 0.7731565854155967, 0.7673808183659921, 0.7643571759335068, 0.762283631325359]],