{"vgg.features.3": [[0.037915208267984224, 0.2457468544547861, 0.335536260151082, 0.36030918122156397, 0.40930891529002955, 0.4472199681085393, 0.4750526488857274, 0.498179056918062, 0.5023467567580405, 0.5115926899086976], [0.0, 0.12891698295399426, 0.22891823780391865, 0.2618736591727262, 0.3094433887164804, 0.3423363938566853, 0.3767728214492943, 0.407881509293045, 0.4122498566954066, 0.4237169350355127], [0.0, 0.0, 0.18927706245357614, 0.2178216117363234, 0.26234374278193623, 0.29514282634494005, 0.32510926671957663, 0.3593060404848894, 0.36280659431471046, 0.37419989941755405], [0.0, 0.0, 0.0, 0.2101209465211492, 0.2461325504434674, 0.27277221288591114, 0.29845782029860496, 0.32907689813137836, 0.3355604902108064, 0.34329199676260824], [0.0, 0.0, 0.0, 0.0, 0.24510176066580847, 0.27208568841895064, 0.29140471760526104, 0.314445474947989, 0.32317231451595, 0.32877547467270657], [0.0, 0.0, 0.0, 0.0, 0.0, 0.2779908667659222, 0.29616036694152026, 0.3168060384933576, 0.32634033121680883, 0.3305282964498446], [0.0, 0.0, 0.0, 0.0, 0.0, 0.0, 0.30098636055194566, 0.31650167203848384, 0.3231884668116547, 0.3252901739813055], [0.0, 0.0, 0.0, 0.0, 0.0, 0.0, 0.0, 0.31798136953189904, 0.32339841444005885, 0.3266110067993098], [0.0, 0.0, 0.0, 0.0, 0.0, 0.0, 0.0, 0.0, 0.3333849609555768, 0.33528285681394726], [0.0, 0.0, 0.0, 0.0, 0.0, 0.0, 0.0, 0.0, 0.0, 0.34548649571289125]], "vgg.features.6": [[0.04226950120401295, 0.2516326422261089, 0.3365133174146627, 0.3810344900787487, 0.4369899874750349, 0.5403536305912965, 0.49942154084250606, 0.5486176396344336, 0.5269636723449002, 0.5437778610393765], [0.0, 0.14691661373013734, 0.2235286344565474, 0.2734735981183695, 0.32176883306696347, 0.4258730685635096, 0.39006330444252374, 0.4423197251532705, 0.43133020833367397, 0.44915224160760303], [0.0, 0.0, 0.21903091944038372, 0.2592107257690085, 0.3003720591619758, 0.3972954794077032, 0.36092027492616535, 0.4108425872096022, 0.3999957989584381, 0.4157343585681239], [0.0, 0.0, 0.0, 0.25118094401583774, 0.2888526347471176, 0.38205583838499435, 0.348420437485248, 0.3977121837334699, 0.39170882740538543, 0.4078321194605038], [0.0, 0.0, 0.0, 0.0, 0.29057521792043545, 0.3777773313740698, 0.34456957579526576, 0.39113544770366737, 0.3828740818647162, 0.39878679762676605], [0.0, 0.0, 0.0, 0.0, 0.0, 0.38748604612970644, 0.35439546984687276, 0.39651776495020163, 0.38849041857982575, 0.4060561737341422], [0.0, 0.0, 0.0, 0.0, 0.0, 0.0, 0.3650476366320339, 0.403172460033887, 0.39567258543638, 0.41052836341207805], [0.0, 0.0, 0.0, 0.0, 0.0, 0.0, 0.0, 0.4088242716382129, 0.401540666036726, 0.41658751369108254], [0.0, 0.0, 0.0, 0.0, 0.0, 0.0, 0.0, 0.0, 0.4074458566526116, 0.4215022402141556], [0.0, 0.0, 0.0, 0.0, 0.0, 0.0, 0.0, 0.0, 0.0, 0.42248113649265323]], "vgg.features.8": [[0.057192406023077076, 0.3332943895310242, 0.4901934335288816, 0.5444611653947532, 0.6767681370335797, 0.8670766302251897, 0.8148874317610534, 0.9125072479215253, 0.8921193309073707, 0.921240800662836], [0.0, 0.2012658658024113, 0.336440537807472, 0.40543257233275276, 0.5496876148303096, 0.7772824542815479, 0.721406673124828, 0.8242752847592663, 0.8046938008095375, 0.8319145218137236], [0.0, 0.0, 0.3208274195195248, 0.38125157676283894, 0.5185007730207581, 0.7432694330195803, 0.6894188258014928, 0.7890488192893215, 0.7663887862117793, 0.7915787228867426], [0.0, 0.0, 0.0, 0.383249886519522, 0.5108909783076953, 0.7370605171913099, 0.683344840372639, 0.7767204999973918, 0.7584532354643335, 0.7819331357803326], [0.0, 0.0, 0.0, 0.0, 0.510345196245927, 0.7337467206756038, 0.6797346120967338, 0.769545609912106, 0.7499706927888344, 0.7734176787473322], [0.0, 0.0, 0.0, 0.0, 0.0, 0.7368391117130224, 0.6819801261956847, 0.7691302853970728, 0.7534526765301655, 0.7790626665702982], [0.0, 0.0, 0.0, 0.0, 0.0, 0.0, 0.6834177613734217, 0.7677046490858008, 0.7524027252066421, 0.7783378769935484], [0.0, 0.0, 0.0, 0.0, 0.0, 0.0, 0.0, 0.7595479079194586, 0.7458339588647975, 0.7708506156943112], [0.0, 0.0, 0.0, 0.0, 0.0, 0.0, 0.0, 0.0, 0.7400505351332429, 0.7648485337772636], [0.0, 0.0, 0.0, 0.0, 0.0, 0.0, 0.0, 0.0, 0.0, 0.7606325811796004]], "vgg.features.11": [[0.07672435683385093, 0.43993905607890477, 0.6833235774904728, 0.8749793085466502, 0.9951895112952226, 1.185014458029479, 1.190771102356169, 1.2377066923726114, 1.25541997435649, 1.272201268960277], [0.0, 0.34811903368376335, 0.5580153783250501, 0.7631411277082156, 0.9001847700656869, 1.1093543834999504, 1.1058109561679628, 1.1692506994895058, 1.1920058258383377, 1.210868634455052], [0.0, 0.0, 0.5563213363902394, 0.7485874026307875, 0.8853994410818978, 1.0854508115246457, 1.0827881968223307, 1.1544829425704572, 1.1732411029615561, 1.195697143136635], [0.0, 0.0, 0.0, 0.7423019875383985, 0.8747693822208463, 1.071985693107521, 1.068549820907963, 1.1422879681684437, 1.158852672670043, 1.1809798702813536], [0.0, 0.0, 0.0, 0.0, 0.8718498235486242, 1.0653627555335, 1.062213401850086, 1.1364368863145604, 1.1523205705458406, 1.176664491518471], [0.0, 0.0, 0.0, 0.0, 0.0, 1.0587015250568461, 1.057083337211082, 1.1307746524703939, 1.1460901871110671, 1.1710342560796076], [0.0, 0.0, 0.0, 0.0, 0.0, 0.0, 1.0582245973078612, 1.1315350092441328, 1.1464477674531504, 1.1706112727857119], [0.0, 0.0, 0.0, 0.0, 0.0, 0.0, 0.0, 1.1299279895544756, 1.1449552933664409, 1.16982842641358], [0.0, 0.0, 0.0, 0.0, 0.0, 0.0, 0.0, 0.0, 1.143493988559846, 1.1689527306305294], [0.0, 0.0, 0.0, 0.0, 0.0, 0.0, 0.0, 0.0, 0.0, 1.1652814669576796]], "vgg.features.13": [[0.1234360474207491, 0.7585355485249257, 1.133987713454737, 1.1965551881432412, 1.304846652333686, 1.3032658654809672, 1.3294241617897045, 1.3588136390809589, 1.3440147168508108, 1.3746278756204213], [0.0, 0.5320944340814945, 0.9528804188654734, 1.0477195080241342, 1.1840538045525584, 1.2349882882254888, 1.2403870503701835, 1.2853608597485904, 1.2751384693765673, 1.3294482333179942], [0.0, 0.0, 0.9359595102956356, 1.0169630833261367, 1.1405788951975364, 1.2190384760280706, 1.2183602964090805, 1.266014608611052, 1.2566865969238232, 1.303818744371034], [0.0, 0.0, 0.0, 1.002945532775456, 1.1245351111699837, 1.2078656886816834, 1.2038988746737038, 1.254744079967066, 1.2435333025074173, 1.2881501762864942], [0.0, 0.0, 0.0, 0.0, 1.1149097466859423, 1.2013341580307135, 1.1980859756286157, 1.2494792504264687, 1.2393537008509754, 1.2828132466989943], [0.0, 0.0, 0.0, 0.0, 0.0, 1.1975781328015596, 1.195563334943809, 1.2478975330929603, 1.2385720315016806, 1.281936225518331], [0.0, 0.0, 0.0, 0.0, 0.0, 0.0, 1.1914613684853645, 1.244508887508903, 1.2341762039036714, 1.2787306917794954], [0.0, 0.0, 0.0, 0.0, 0.0, 0.0, 0.0, 1.242832658812622, 1.2337293977417891, 1.2776000596549315], [0.0, 0.0, 0.0, 0.0, 0.0, 0.0, 0.0, 0.0, 1.233153458008218, 1.2749887506901514], [0.0, 0.0, 0.0, 0.0, 0.0, 0.0, 0.0, 0.0, 0.0, 1.2700766368091447]]}