{"vgg.features.3": [[0.03713559380242841, 0.3132784404292047, 0.40440772422137, 0.45193125702343045, 0.5028746948105456, 0.5357652099444592, 0.5715562352648396, 0.5946850792945397, 0.6077710886254462, 0.6216928446770807], [0.3132784404292047, 0.13244216496557212, 0.2268262972401111, 0.28011745235351565, 0.3425358102335658, 0.37874899645016336, 0.4182981044781805, 0.44607400838872635, 0.4599416333467952, 0.4780530417375182], [0.40440772422137, 0.2268262972401111, 0.1806882483267141, 0.22851586225008844, 0.2850099284219975, 0.320748676994713, 0.35879152554021104, 0.38710670403691694, 0.3990802135656466, 0.41755044747306924], [0.45193125702343045, 0.28011745235351565, 0.22851586225008844, 0.21512372744983368, 0.26495592542460167, 0.29742344317179553, 0.33360207349151544, 0.3601581961875132, 0.3720782424764343, 0.38926202933223264], [0.5028746948105456, 0.3425358102335658, 0.2850099284219975, 0.26495592542460167, 0.25933686573904324, 0.28771872789364716, 0.32193514591669303, 0.34657921372888245, 0.3574702816951229, 0.3747089847167207], [0.5357652099444592, 0.37874899645016336, 0.320748676994713, 0.29742344317179553, 0.28771872789364716, 0.28493190563870563, 0.31608694758661005, 0.3385338038755663, 0.349770113287019, 0.3659921157784507], [0.5715562352648396, 0.4182981044781805, 0.35879152554021104, 0.33360207349151544, 0.32193514591669303, 0.31608694758661005, 0.313370683422702, 0.3324771379893466, 0.3423345138711174, 0.357966847865775], [0.5946850792945397, 0.44607400838872635, 0.38710670403691694, 0.3601581961875132, 0.34657921372888245, 0.3385338038755663, 0.3324771379893466, 0.3307213436428112, 0.3403509722467907, 0.35520531985562576], [0.6077710886254462, 0.4599416333467952, 0.3990802135656466, 0.3720782424764343, 0.3574702816951229, 0.349770113287019, 0.3423345138711174, 0.3403509722467907, 0.33933496884594044, 0.3534916272671653], [0.6216928446770807, 0.4780530417375182, 0.41755044747306924, 0.38926202933223264, 0.3747089847167207, 0.3659921157784507, 0.357966847865775, 0.35520531985562576, 0.3534916272671653, 0.3556354173679263]], "vgg.features.6": [[0.04959508603245628, 0.34439553317946464, 0.4391848727522439, 0.48609130981588977, 0.5394028645372391, 0.5855770947019113, 0.6092793002557304, 0.6405759448671418, 0.6394265623974613, 0.6527581139200309], [0.34439553317946464, 0.16915785809793918, 0.2719822834884706, 0.3246808205397019, 0.3853088085159461, 0.4330315816455278, 0.4602357452091853, 0.49647534316247716, 0.49802690148066864, 0.5138277110412637], [0.4391848727522439, 0.2719822834884706, 0.24207993812636006, 0.28731999636118916, 0.34402407821762293, 0.39206162945332435, 0.4183721995089528, 0.4537714447803071, 0.45366918281704594, 0.469420945096933], [0.48609130981588977, 0.3246808205397019, 0.28731999636118916, 0.27642281935466284, 0.3273716559655102, 0.37254456756362303, 0.3980113867257186, 0.43203834541674047, 0.4318089645659686, 0.44684513148226046], [0.5394028645372391, 0.3853088085159461, 0.34402407821762293, 0.3273716559655102, 0.32755066996250715, 0.3699530637919406, 0.3938330535916803, 0.4256690456323689, 0.42520199149713483, 0.4397572980903373], [0.5855770947019113, 0.4330315816455278, 0.39206162945332435, 0.37254456756362303, 0.3699530637919406, 0.3700573990275034, 0.39293832540434337, 0.42316175637453535, 0.42406816893926175, 0.43818601194070145], [0.6092793002557304, 0.4602357452091853, 0.4183721995089528, 0.3980113867257186, 0.3938330535916803, 0.39293832540434337, 0.39476615652673497, 0.4223865756784255, 0.42385880169764945, 0.4376655313031966], [0.6405759448671418, 0.49647534316247716, 0.4537714447803071, 0.43203834541674047, 0.4256690456323689, 0.42316175637453535, 0.4223865756784255, 0.42354478608857277, 0.42498418601002524, 0.4389275726293145], [0.6394265623974613, 0.49802690148066864, 0.45366918281704594, 0.4318089645659686, 0.42520199149713483, 0.42406816893926175, 0.42385880169764945, 0.42498418601002524, 0.43009503239152974, 0.4434145496238651], [0.6527581139200309, 0.5138277110412637, 0.469420945096933, 0.44684513148226046, 0.4397572980903373, 0.43818601194070145, 0.4376655313031966, 0.4389275726293145, 0.4434145496238651, 0.4462879656446992]], "vgg.features.8": [[0.06973754729676106, 0.4056958149225961, 0.513762586704966, 0.5707729909546743, 0.6366396519118092, 0.7073329917748294, 0.7296487495837348, 0.7742895631848445, 0.7769533681465531, 0.8012803547960444], [0.4056958149225961, 0.23278059146710858, 0.3492636084020865, 0.4127003985496435, 0.48542642531143193, 0.5615398816797145, 0.5873330999511672, 0.6389921374790308, 0.6438315239035984, 0.6712075548848391], [0.513762586704966, 0.3492636084020865, 0.3298807384163789, 0.38434089956483286, 0.45255487782994314, 0.5281721738932206, 0.5525810042493742, 0.6045081537666757, 0.6080089283182049, 0.6355396756601874], [0.5707729909546743, 0.4127003985496435, 0.38434089956483286, 0.37912312441134266, 0.4402831583405033, 0.5142408390565575, 0.5367511097419139, 0.5874454925917584, 0.5905207058390283, 0.6178607643904549], [0.6366396519118092, 0.48542642531143193, 0.45255487782994314, 0.4402831583405033, 0.44507879525332594, 0.515046345479008, 0.5370440796658534, 0.5858115115474505, 0.5874366739508772, 0.6132433848664303], [0.7073329917748294, 0.5615398816797145, 0.5281721738932206, 0.5142408390565575, 0.515046345479008, 0.5178797564835689, 0.5391396113837226, 0.5865661723934517, 0.5886405214191484, 0.61356426298302], [0.7296487495837348, 0.5873330999511672, 0.5525810042493742, 0.5367511097419139, 0.5370440796658534, 0.5391396113837226, 0.5426049861547633, 0.5881268634676456, 0.590233322572585, 0.6144326651523815], [0.7742895631848445, 0.6389921374790308, 0.6045081537666757, 0.5874454925917584, 0.5858115115474505, 0.5865661723934517, 0.5881268634676456, 0.5895608522699863, 0.5917443460135196, 0.6159029107325341], [0.7769533681465531, 0.6438315239035984, 0.6080089283182049, 0.5905207058390283, 0.5874366739508772, 0.5886405214191484, 0.590233322572585, 0.5917443460135196, 0.5931342657950207, 0.6167906009121145], [0.8012803547960444, 0.6712075548848391, 0.6355396756601874, 0.6178607643904549, 0.6132433848664303, 0.61356426298302, 0.6144326651523815, 0.6159029107325341, 0.6167906009121145, 0.6184626341051188]],