{"vgg.features.3": [[0.036872544391535055, 0.2421551755616048, 0.33120521609001186, 0.35189018564760793, 0.3996215058451376, 0.4376884582662185, 0.46538666566676173, 0.4896199428225141, 0.4920065927985149, 0.5005791008849652], [0.0, 0.12473397569981101, 0.22134531241973449, 0.24874768881490514, 0.29368023524704173, 0.32745118625845004, 0.36271134892822987, 0.39469223804160064, 0.39853469470561104, 0.40863152487410087], [0.0, 0.0, 0.18467897909735553, 0.20831746275946497, 0.2502148639409919, 0.28247608303800675, 0.3135317757377499, 0.34855595912838294, 0.35150513443782294, 0.3616827963013744], [0.0, 0.0, 0.0, 0.2015956299571519, 0.2350989919436018, 0.26065792359409173, 0.28756131834481635, 0.31889947237362315, 0.3248749146159353, 0.3313276546944166], [0.0, 0.0, 0.0, 0.0, 0.23403611863549245, 0.2588567568353515, 0.2799104363050221, 0.3043593851362347, 0.31181355428573887, 0.3160454783811034], [0.0, 0.0, 0.0, 0.0, 0.0, 0.26525495162697815, 0.28587092302086387, 0.3080024037786667, 0.31559613463486624, 0.3184894728240289], [0.0, 0.0, 0.0, 0.0, 0.0, 0.0, 0.29176962024581504, 0.30873132532069064, 0.31261465408252354, 0.31365711609305713], [0.0, 0.0, 0.0, 0.0, 0.0, 0.0, 0.0, 0.31109480080025725, 0.3131931497064365, 0.3156120348861917], [0.0, 0.0, 0.0, 0.0, 0.0, 0.0, 0.0, 0.0, 0.32435108823298175, 0.325667206346995], [0.0, 0.0, 0.0, 0.0, 0.0, 0.0, 0.0, 0.0, 0.0, 0.33675912760867005]], "vgg.features.6": [[0.04154997376937959, 0.25108053179613077, 0.3386236571907946, 0.3834253111412594, 0.44034701215747385, 0.5487785044334313, 0.5048849002454324, 0.5579092247547593, 0.53669575239064, 0.5531326200304121], [0.0, 0.14498409607804233, 0.21933950634262026, 0.26683060852051244, 0.31609446627836757, 0.4266003096638913, 0.3871590699303286, 0.44306893207672077, 0.4324688229888357, 0.4496354432955742], [0.0, 0.0, 0.2145305868721337, 0.2510688860475472, 0.2933084574185382, 0.39424786696210146, 0.35457716957413415, 0.40782328262613143, 0.39764254671919086, 0.41253766597664315], [0.0, 0.0, 0.0, 0.23955162595940807, 0.2789036726281624, 0.37562730198283617, 0.33825889898485517, 0.3909642482732378, 0.3854112553764733, 0.40025450810479285], [0.0, 0.0, 0.0, 0.0, 0.2788619922230968, 0.366383369688438, 0.3296498328952831, 0.3799836023946948, 0.37163301239767615, 0.3856244936947499], [0.0, 0.0, 0.0, 0.0, 0.0, 0.37180110049406895, 0.3358391308183526, 0.3815955692021382, 0.37321818831924874, 0.3882170040374551], [0.0, 0.0, 0.0, 0.0, 0.0, 0.0, 0.34603532829272704, 0.38735825438011484, 0.37907811601963737, 0.39073644851289785], [0.0, 0.0, 0.0, 0.0, 0.0, 0.0, 0.0, 0.3913586207952583, 0.38307154985583614, 0.3944420393757638], [0.0, 0.0, 0.0, 0.0, 0.0, 0.0, 0.0, 0.0, 0.38779300947084244, 0.39748850621964876], [0.0, 0.0, 0.0, 0.0, 0.0, 0.0, 0.0, 0.0, 0.0, 0.3984359312739638]], "vgg.features.8": [[0.056683937740747786, 0.33423840727805537, 0.49451398787511963, 0.5524897272621532, 0.6810481896963093, 0.8585563172895669, 0.813317631290005, 0.9087417902330165, 0.8905351805189761, 0.9174993107652877], [0.0, 0.19853580586097497, 0.3318776783471518, 0.3991336437525451, 0.5410932934540984, 0.7526594999070428, 0.7031877194593765, 0.8031615682822407, 0.7860513987526694, 0.8114424393202939], [0.0, 0.0, 0.31264642507163515, 0.36827487467957926, 0.5043871830123621, 0.7114218121112956, 0.6632494633116883, 0.7595680247917488, 0.7405692083265285, 0.7633915288163732], [0.0, 0.0, 0.0, 0.3639394286075712, 0.4928094493073049, 0.700807893465099, 0.6513999846300197, 0.7415733644760817, 0.7269032708502184, 0.7471256568243706], [0.0, 0.0, 0.0, 0.0, 0.48901256119159964, 0.6930365656454501, 0.6424425675053901, 0.7292197826571422, 0.7136273099845828, 0.7331997261165011], [0.0, 0.0, 0.0, 0.0, 0.0, 0.6927754423556451, 0.6405089088852284, 0.7241527161015056, 0.7126959811409052, 0.7334662001615704], [0.0, 0.0, 0.0, 0.0, 0.0, 0.0, 0.6387750563534479, 0.720232099324119, 0.7088544863840126, 0.7287336605724672], [0.0, 0.0, 0.0, 0.0, 0.0, 0.0, 0.0, 0.7092524203089509, 0.6994942036283139, 0.7180974916661074], [0.0, 0.0, 0.0, 0.0, 0.0, 0.0, 0.0, 0.0, 0.6931218893536348, 0.7114666600252748], [0.0, 0.0, 0.0, 0.0, 0.0, 0.0, 0.0, 0.0, 0.0, 0.7069659940166143]], "vgg.features.11": [[0.07563606112546284, 0.4467428139690709, 0.6877497060226605, 0.8710537253834916, 0.9855522316178982, 1.1622081248191571, 1.1818880195837609, 1.2302132481870975, 1.2490561849004038, 1.2668844618506554], [0.0, 0.346014550196688, 0.5468944724110836, 0.7412269346448339, 0.874663326584361, 1.0680824370772593, 1.076974299400267, 1.1405285951827826, 1.1661447874471456, 1.187430315473335], [0.0, 0.0, 0.5419241650773402, 0.7200668262204087, 0.8547420334904995, 1.0383522387944313, 1.0461047679962692, 1.1126227110152043, 1.1395224307557204, 1.1642904671694416], [0.0, 0.0, 0.0, 0.7094483653763948, 0.840209700821542, 1.0211483240671377, 1.0258459248099583, 1.0911455003429296, 1.1197622043475417, 1.1436892646676386], [0.0, 0.0, 0.0, 0.0, 0.8377194122124754, 1.0143087926969792, 1.0184579664486493, 1.0830375644439625, 1.1122222556221355, 1.1375030180056689], [0.0, 0.0, 0.0, 0.0, 0.0, 1.0068927721463579, 1.010813250570796, 1.0736559573979523, 1.1045435802081507, 1.129712226987897], [0.0, 0.0, 0.0, 0.0, 0.0, 0.0, 1.009612607841691, 1.0709840095769916, 1.1028456445984014, 1.1266610027657644], [0.0, 0.0, 0.0, 0.0, 0.0, 0.0, 0.0, 1.068893488701826, 1.1013329317678444, 1.125243494580187], [0.0, 0.0, 0.0, 0.0, 0.0, 0.0, 0.0, 0.0, 1.1018072549613116, 1.1261233007215894], [0.0, 0.0, 0.0, 0.0, 0.0, 0.0, 0.0, 0.0, 0.0, 1.1219557627001016]], "vgg.features.13": [[0.12064054341682039, 0.7479330804861263, 1.1223383103766689, 1.176846495719249, 1.295122238329843, 1.2923953094058236, 1.3227564339625877, 1.3451002948295832, 1.3364476008335735, 1.3713761324280418], [0.0, 0.5084324859898997, 0.9175202610391018, 1.0086674187628526, 1.1591840604169938, 1.2234018818910688, 1.2343235491389764, 1.2706609135876634, 1.2729695078749779, 1.3257062008082794], [0.0, 0.0, 0.8998644468714027, 0.9743377783511409, 1.1164821076274327, 1.2035080379929726, 1.209279326830657, 1.248462369219533, 1.2515579061994067, 1.2968703726835367], [0.0, 0.0, 0.0, 0.9620711189211034, 1.1028246680824776, 1.1920437114790556, 1.1942054542479636, 1.2352116736735113, 1.2383349075271555, 1.2806242633619742], [0.0, 0.0, 0.0, 0.0, 1.0923679935574517, 1.1838371249275557, 1.188373741259145, 1.2293947813735926, 1.2338249785440767, 1.2746658767471422], [0.0, 0.0, 0.0, 0.0, 0.0, 1.1806493800005438, 1.185210031267678, 1.2274784850536058, 1.233754742292351, 1.2726867990892137], [0.0, 0.0, 0.0, 0.0, 0.0, 0.0, 1.1830979249403808, 1.2257170323034399, 1.2312781030730395, 1.2694512868815586], [0.0, 0.0, 0.0, 0.0, 0.0, 0.0, 0.0, 1.2230182452748752, 1.2296898607198508, 1.2668762261673558], [0.0, 0.0, 0.0, 0.0, 0.0, 0.0, 0.0, 0.0, 1.229241911866307, 1.2643996744703816], [0.0, 0.0, 0.0, 0.0, 0.0, 0.0, 0.0, 0.0, 0.0, 1.2598590032063397]]}