{"vgg.features.3": [[0.03729259355929685, 0.24515831415429531, 0.33276574020073707, 0.35495106928890774, 0.40392710196967013, 0.4400049089886343, 0.4674840507752857, 0.4926932435025366, 0.4973661852278152, 0.5085336686260322], [0.0, 0.12728950847402595, 0.2244795963462056, 0.2559552796083006, 0.30284864870628087, 0.33331307539911215, 0.36778351824180455, 0.4013307961441388, 0.406203876483261, 0.41925847535060495], [0.0, 0.0, 0.18609100982519367, 0.2134635993943762, 0.2574675736598832, 0.28815383954947643, 0.318911276198296, 0.35543815851430444, 0.35944921867870255, 0.37253212198243824], [0.0, 0.0, 0.0, 0.20705051014732326, 0.24261492967401643, 0.267185130276677, 0.29368966237375543, 0.32610976584142065, 0.33319172265423885, 0.3427440873521368], [0.0, 0.0, 0.0, 0.0, 0.24100571313656802, 0.2661865774514169, 0.28643633060556795, 0.31081977518707665, 0.3205397057599823, 0.3281139671555691], [0.0, 0.0, 0.0, 0.0, 0.0, 0.27266725615441606, 0.2919116507217983, 0.3141132787998058, 0.3247293966635005, 0.3310668020612295], [0.0, 0.0, 0.0, 0.0, 0.0, 0.0, 0.2956375712807733, 0.31276162593385903, 0.3209709310513747, 0.32511010283135455], [0.0, 0.0, 0.0, 0.0, 0.0, 0.0, 0.0, 0.3133745504799005, 0.32035729214247516, 0.32573149040656835], [0.0, 0.0, 0.0, 0.0, 0.0, 0.0, 0.0, 0.0, 0.32990668208119917, 0.3337192793599715], [0.0, 0.0, 0.0, 0.0, 0.0, 0.0, 0.0, 0.0, 0.0, 0.34345086185359286]], "vgg.features.6": [[0.04282194608646301, 0.2563138347598098, 0.34134127856022395, 0.38456529967610925, 0.43924556662030284, 0.5359078705586464, 0.49987643154000194, 0.548771073011984, 0.5245619297675496, 0.5416636086030842], [0.0, 0.1485269966402159, 0.2241274791908614, 0.2728066598456607, 0.3193619013209826, 0.41688544198123434, 0.38691450832321284, 0.43927752236535716, 0.4263102083553426, 0.4431423076287897], [0.0, 0.0, 0.22143296476971708, 0.26061078615511607, 0.300801226588218, 0.3922238319614182, 0.36135676305368003, 0.4113121237657948, 0.39894520481484147, 0.41389877420458643], [0.0, 0.0, 0.0, 0.25307704616744914, 0.2894779113517345, 0.37798207910479603, 0.3497476748774691, 0.39849230288067783, 0.3914590513938655, 0.40704811039936284], [0.0, 0.0, 0.0, 0.0, 0.29076410647754797, 0.3751965914155962, 0.34645092114204257, 0.39308524668962835, 0.3848965867947388, 0.4007126998198377], [0.0, 0.0, 0.0, 0.0, 0.0, 0.38682414343317445, 0.35729086536876986, 0.3995542428838534, 0.3925433719594007, 0.41030391256657306], [0.0, 0.0, 0.0, 0.0, 0.0, 0.0, 0.3689134526033496, 0.4075669107497247, 0.40163904952485535, 0.41741138041000875], [0.0, 0.0, 0.0, 0.0, 0.0, 0.0, 0.0, 0.4136968750639617, 0.40793922595254295, 0.4244609957014176], [0.0, 0.0, 0.0, 0.0, 0.0, 0.0, 0.0, 0.0, 0.41521817274016887, 0.43117590191213456], [0.0, 0.0, 0.0, 0.0, 0.0, 0.0, 0.0, 0.0, 0.0, 0.4343904970450369]], "vgg.features.8": [[0.05752986854725994, 0.33052249705994646, 0.49194836250297513, 0.5405713650364422, 0.6734108799823748, 0.8591598927280821, 0.8076552993281196, 0.9048471485020056, 0.8838612926379517, 0.9155798663518077], [0.0, 0.20022928637682708, 0.33369034557043903, 0.3979829356616862, 0.539238054689946, 0.7622298576664728, 0.7080202051486989, 0.8093017599745186, 0.7911881906088916, 0.8212626518627276], [0.0, 0.0, 0.3208819338759292, 0.37894029355134895, 0.5120834942420106, 0.7334079944912346, 0.6825913036613662, 0.7804209592461643, 0.7600444970199857, 0.7887977894032798], [0.0, 0.0, 0.0, 0.38265359357332746, 0.5043902217115338, 0.7280027159596016, 0.678217407136709, 0.7702502733717546, 0.7542435999833137, 0.7818738812011549], [0.0, 0.0, 0.0, 0.0, 0.5035425047217604, 0.7263224945197617, 0.6764816601584791, 0.7648489945410589, 0.7485883142425385, 0.7764183103540692], [0.0, 0.0, 0.0, 0.0, 0.0, 0.730661246903523, 0.6803354432969297, 0.7667261279247417, 0.7543522288887571, 0.7845432454648579], [0.0, 0.0, 0.0, 0.0, 0.0, 0.0, 0.6840125095826155, 0.7675853877505071, 0.7557039917722485, 0.7871468424952867], [0.0, 0.0, 0.0, 0.0, 0.0, 0.0, 0.0, 0.7620716264271791, 0.7514328088347914, 0.782127794971626], [0.0, 0.0, 0.0, 0.0, 0.0, 0.0, 0.0, 0.0, 0.7477329162983631, 0.7781404765163975], [0.0, 0.0, 0.0, 0.0, 0.0, 0.0, 0.0, 0.0, 0.0, 0.7758085742825573]], "vgg.features.11": [[0.07819373205275866, 0.432098128004994, 0.6750659214932204, 0.8693981512409847, 0.9851278837984121, 1.1841979188078706, 1.1910358363060396, 1.2486252947482765, 1.261862465076353, 1.277092928681436], [0.0, 0.3433653578419813, 0.5484518499478757, 0.7596182298556754, 0.888676029439745, 1.1107326525587677, 1.1073871808741746, 1.1822829561676913, 1.2014133607272135, 1.219170569397834], [0.0, 0.0, 0.548789583521403, 0.7497704507354793, 0.8764395634077078, 1.0902512012882433, 1.0892514837283558, 1.1696587308019606, 1.185260948750085, 1.2066904708671804], [0.0, 0.0, 0.0, 0.7474045838349166, 0.8694749229957531, 1.0796607250431685, 1.0782683349065194, 1.1605567764996825, 1.1735103996676999, 1.194824912509806], [0.0, 0.0, 0.0, 0.0, 0.8656962681890158, 1.0728073831763292, 1.0715384182354044, 1.1539818338184722, 1.166453845346826, 1.1901782521205069], [0.0, 0.0, 0.0, 0.0, 0.0, 1.0661428802550805, 1.0675264438275707, 1.150044896066094, 1.1611184515735768, 1.185669516047101], [0.0, 0.0, 0.0, 0.0, 0.0, 0.0, 1.07034894428942, 1.152600453418561, 1.1625510859742443, 1.1865584243634866], [0.0, 0.0, 0.0, 0.0, 0.0, 0.0, 0.0, 1.1513215377483126, 1.160412054301377, 1.1855825596612675], [0.0, 0.0, 0.0, 0.0, 0.0, 0.0, 0.0, 0.0, 1.158432412291936, 1.1844005617617324], [0.0, 0.0, 0.0, 0.0, 0.0, 0.0, 0.0, 0.0, 0.0, 1.1809615332301386]], "vgg.features.13": [[0.12578142164036257, 0.7540265656868838, 1.1238125845063278, 1.1985433836019164, 1.2828015389376932, 1.3023850871828948, 1.3259157541621986, 1.3496158792570032, 1.343615387616789, 1.366603700291423], [0.0, 0.5432089619979142, 0.9385606483301446, 1.0614180585346937, 1.173345725890539, 1.2393242324084761, 1.241276497851024, 1.2799387160817166, 1.2784972824170058, 1.3325090861936724], [0.0, 0.0, 0.9234147828563483, 1.0344515881308858, 1.13278567800448, 1.2315385716811311, 1.2269423088903455, 1.2675099903157552, 1.2663171875564911, 1.3132894344834762], [0.0, 0.0, 0.0, 1.0230849117889425, 1.1204918903572294, 1.2250851039665183, 1.2166892278848678, 1.263138377785199, 1.2569417178172213, 1.3027679067723084], [0.0, 0.0, 0.0, 0.0, 1.1136190445053886, 1.2208516294314424, 1.2119906013624473, 1.2595756618455067, 1.254400256671507, 1.2992535719857188], [0.0, 0.0, 0.0, 0.0, 0.0, 1.2175848748861944, 1.2105626101609117, 1.258178556054878, 1.2542054804209668, 1.3000994446934961], [0.0, 0.0, 0.0, 0.0, 0.0, 0.0, 1.2070746277172713, 1.256714702474789, 1.2511963896254248, 1.2994445030814985], [0.0, 0.0, 0.0, 0.0, 0.0, 0.0, 0.0, 1.256192049188533, 1.2517882273820349, 1.2984801538400819], [0.0, 0.0, 0.0, 0.0, 0.0, 0.0, 0.0, 0.0, 1.2511660962180053, 1.2973807202039511], [0.0, 0.0, 0.0, 0.0, 0.0, 0.0, 0.0, 0.0, 0.0, 1.2951771174760234]]}