{"vgg.features.3": [[0.036968252917535624, 0.24623556389283413, 0.33565997429389177, 0.36044323892946134, 0.40824081103694626, 0.44509457773740574, 0.4723757760678799, 0.49433810425882874, 0.4986428215186695, 0.5092001999709148], [0.0, 0.12814261363761503, 0.2272042049645954, 0.2617298822180591, 0.308461537297427, 0.34124689607408965, 0.375149744906474, 0.405337123423721, 0.4093933973201321, 0.42328453544418887], [0.0, 0.0, 0.1877763888093584, 0.2174619728176413, 0.2607185599392552, 0.2931189915755636, 0.32248947065394645, 0.35563507499542124, 0.35937923032988645, 0.37271074359826134], [0.0, 0.0, 0.0, 0.20905000403159657, 0.2439725461521256, 0.2701935637599319, 0.2952945002529187, 0.32533358363476295, 0.3326434650941276, 0.341985081726969], [0.0, 0.0, 0.0, 0.0, 0.24420117785969725, 0.2710374949737569, 0.28958876777888043, 0.3116765333100594, 0.3212451419710234, 0.32785622128881176], [0.0, 0.0, 0.0, 0.0, 0.0, 0.27881685849814325, 0.2958760194147521, 0.31486168695929606, 0.32578531624332063, 0.3305583089669556], [0.0, 0.0, 0.0, 0.0, 0.0, 0.0, 0.3015320319288727, 0.3151977563021846, 0.32367896270395985, 0.3260982302314442], [0.0, 0.0, 0.0, 0.0, 0.0, 0.0, 0.0, 0.31619181662384005, 0.32354925501610604, 0.32659056245024465], [0.0, 0.0, 0.0, 0.0, 0.0, 0.0, 0.0, 0.0, 0.33310204734611576, 0.33444220417089665], [0.0, 0.0, 0.0, 0.0, 0.0, 0.0, 0.0, 0.0, 0.0, 0.34435157214436213]], "vgg.features.6": [[0.042023658506751695, 0.2548104515085407, 0.3355258621069641, 0.3811643272492597, 0.4337059352851163, 0.5326944791030337, 0.4890697001877533, 0.5387388216987529, 0.5175221649932196, 0.5357981346670504], [0.0, 0.1488842427357983, 0.2231572830495006, 0.27525876541005445, 0.32006207677132914, 0.4202796018465992, 0.38098964185726136, 0.4325992852561059, 0.4216236009668298, 0.44102253928180163], [0.0, 0.0, 0.22165458075983893, 0.26451969312222856, 0.3018447663349102, 0.3947058644145441, 0.3561010942288067, 0.4048543658351705, 0.3936212857865126, 0.4108571877924709], [0.0, 0.0, 0.0, 0.25945979350904563, 0.29302779869231316, 0.3821868728033993, 0.3470348018209262, 0.39489105278434156, 0.38881275272182836, 0.4065680253671232], [0.0, 0.0, 0.0, 0.0, 0.2970288183749869, 0.3813371748000635, 0.3471285487569901, 0.3917634163367185, 0.38297464886801397, 0.40031430744329144], [0.0, 0.0, 0.0, 0.0, 0.0, 0.395825038647545, 0.3619770099602305, 0.4016367624713291, 0.3927228296643015, 0.411695988929678], [0.0, 0.0, 0.0, 0.0, 0.0, 0.0, 0.3751438887009873, 0.4107212114717408, 0.4020931668467734, 0.41811494138620975], [0.0, 0.0, 0.0, 0.0, 0.0, 0.0, 0.0, 0.41896671358826304, 0.4106447714534823, 0.42685329808245526], [0.0, 0.0, 0.0, 0.0, 0.0, 0.0, 0.0, 0.0, 0.41852533901121075, 0.43370933933549305], [0.0, 0.0, 0.0, 0.0, 0.0, 0.0, 0.0, 0.0, 0.0, 0.4352020161640565]], "vgg.features.8": [[0.056058752447277496, 0.33276738240771586, 0.480903962523828, 0.5364695409154985, 0.6667531551081632, 0.8573593216923723, 0.794654250307247, 0.8972997079353618, 0.8743371548316856, 0.9049382580263496], [0.0, 0.19910476667647758, 0.3314837148849627, 0.3983532640929683, 0.5410880530878964, 0.773312753941821, 0.7049856064765677, 0.8120446802360743, 0.7894126285619407, 0.8153554249641243], [0.0, 0.0, 0.3214206542840558, 0.37988977814551544, 0.5150872440926633, 0.744007113815267, 0.6786355912148954, 0.7816992672389618, 0.755682176501136, 0.7793590625923543], [0.0, 0.0, 0.0, 0.385211106397547, 0.5100483624084222, 0.7409061901268352, 0.6766665308109061, 0.7731495017697548, 0.7522079655596049, 0.7742939107160729], [0.0, 0.0, 0.0, 0.0, 0.5111096241921164, 0.739387518344018, 0.6757792013887837, 0.7689712487748693, 0.7460120202599454, 0.7680558272262961], [0.0, 0.0, 0.0, 0.0, 0.0, 0.7455413619447752, 0.6816018668341199, 0.7720411736428464, 0.7524481843539979, 0.7768072170986594], [0.0, 0.0, 0.0, 0.0, 0.0, 0.0, 0.686428742152159, 0.7732829729107417, 0.7543815600217861, 0.7795065316572559], [0.0, 0.0, 0.0, 0.0, 0.0, 0.0, 0.0, 0.7675207509160229, 0.7498782010248294, 0.774383499655434], [0.0, 0.0, 0.0, 0.0, 0.0, 0.0, 0.0, 0.0, 0.7459551991070887, 0.7706596980096692], [0.0, 0.0, 0.0, 0.0, 0.0, 0.0, 0.0, 0.0, 0.0, 0.7674881304179916]], "vgg.features.11": [[0.07744850716561164, 0.44303706559153855, 0.679590532443666, 0.873863560877675, 0.9954784341344758, 1.1853763797335295, 1.1902297392169077, 1.240497790090447, 1.261616130453874, 1.2820473945830793], [0.0, 0.34990784444581524, 0.5633372404404495, 0.7630256230943911, 0.9001927030272874, 1.1167364134924007, 1.1111066335997206, 1.1772478511739106, 1.198112138190848, 1.2216388072474038], [0.0, 0.0, 0.5651834777981021, 0.7527911350867889, 0.8891408077140438, 1.0963123768195164, 1.0916240982274765, 1.1660520103236192, 1.18103773164495, 1.2081056993317176], [0.0, 0.0, 0.0, 0.7465459860100087, 0.8782861656917892, 1.0846372197271623, 1.0797304136275163, 1.1572343138445187, 1.168313739042678, 1.1957520211011783], [0.0, 0.0, 0.0, 0.0, 0.8750084446913791, 1.079192541010116, 1.0747160196613714, 1.153994121275875, 1.1627052522411407, 1.192310677954933], [0.0, 0.0, 0.0, 0.0, 0.0, 1.0755869543442775, 1.0724146559365573, 1.1519963834007863, 1.1589326541674194, 1.1890056702793799], [0.0, 0.0, 0.0, 0.0, 0.0, 0.0, 1.0755761832367752, 1.1548515035102642, 1.1608950327723913, 1.1902869387250568], [0.0, 0.0, 0.0, 0.0, 0.0, 0.0, 0.0, 1.1553824998439357, 1.1609085827850787, 1.1905172321467525], [0.0, 0.0, 0.0, 0.0, 0.0, 0.0, 0.0, 0.0, 1.1594301530466078, 1.189670097168557], [0.0, 0.0, 0.0, 0.0, 0.0, 0.0, 0.0, 0.0, 0.0, 1.1852293321319907]], "vgg.features.13": [[0.12364236217951997, 0.7417304466770279, 1.1148076653798507, 1.1952758715447378, 1.2963276063490077, 1.297539191233631, 1.3200164381046773, 1.3551895269704302, 1.3369170070806826, 1.3598321478629594], [0.0, 0.523047677510847, 0.9447704453406721, 1.0447656814547601, 1.1860511360197645, 1.238380019341979, 1.2318643551979926, 1.2825979428010326, 1.274873427804525, 1.320295648235101], [0.0, 0.0, 0.9273933832380599, 1.0178454958567986, 1.145514348066012, 1.2251940055378532, 1.2112749823208944, 1.2648848273523088, 1.2589465927825267, 1.2979661304100363], [0.0, 0.0, 0.0, 1.0034823789820986, 1.131424192003724, 1.214902797745714, 1.1974644295343033, 1.2540080572570893, 1.2483235961143109, 1.2844627672230893], [0.0, 0.0, 0.0, 0.0, 1.1237328020995818, 1.2098134451991496, 1.1925759012752686, 1.2489381783683309, 1.2463111574031533, 1.2804062820294186], [0.0, 0.0, 0.0, 0.0, 0.0, 1.2071542839581375, 1.190497076300991, 1.2465346471655867, 1.245204088037213, 1.2804521610021278], [0.0, 0.0, 0.0, 0.0, 0.0, 0.0, 1.1863929618777698, 1.242909819421554, 1.2414296948831627, 1.277783382011261], [0.0, 0.0, 0.0, 0.0, 0.0, 0.0, 0.0, 1.2428129557621492, 1.242260139025949, 1.2765921679973062], [0.0, 0.0, 0.0, 0.0, 0.0, 0.0, 0.0, 0.0, 1.2412465756188866, 1.2747094465547215], [0.0, 0.0, 0.0, 0.0, 0.0, 0.0, 0.0, 0.0, 0.0, 1.2723726849562433]]}