{"vgg.features.3": [[0.024664870673796503, 0.03133889764697127, 0.04325969065625658, 0.05722845536764226, 0.06946671818166689, 0.08422403478192457, 0.10538575117314823, 0.1297155709716001, 0.14655975325335385, 0.15962708239516477], [0.0, 0.2039578319329353, 0.2017668168838924, 0.2004844536647351, 0.1996855370569198, 0.2014322347863691, 0.20840020408249949, 0.2174564474578686, 0.22203383304132154, 0.2276359104946583], [0.0, 0.0, 0.2400421261604382, 0.2382138902266752, 0.23608272146336265, 0.2356930191989713, 0.23933862613671605, 0.2460667835535101, 0.24874630062750924, 0.25259907061127557], [0.0, 0.0, 0.0, 0.27272612396561674, 0.2698706970023022, 0.2688208432312006, 0.27067972297937626, 0.27583340271268275, 0.2771539514343422, 0.27945741210706965], [0.0, 0.0, 0.0, 0.0, 0.308248250806894, 0.3075880427404529, 0.3099013152874387, 0.31426159426142464, 0.3152004480747439, 0.31685552705352055], [0.0, 0.0, 0.0, 0.0, 0.0, 0.3358426892973561, 0.3379235964913414, 0.34084379644188356, 0.3414196147858756, 0.34192215817384514], [0.0, 0.0, 0.0, 0.0, 0.0, 0.0, 0.37028146834357734, 0.37183666832976264, 0.370690884476523, 0.3703401004258511], [0.0, 0.0, 0.0, 0.0, 0.0, 0.0, 0.0, 0.39336929213995564, 0.39223646237166276, 0.3912670095787958], [0.0, 0.0, 0.0, 0.0, 0.0, 0.0, 0.0, 0.0, 0.41302261228788123, 0.4115580389982757], [0.0, 0.0, 0.0, 0.0, 0.0, 0.0, 0.0, 0.0, 0.0, 0.43039413232845564]], "vgg.features.6": [[0.03383249278048294, 0.045905065169233206, 0.07289855766382104, 0.17836130274461426, 0.19532200834669045, 0.21508547094505204, 0.2185733528648317, 0.24346718387101007, 0.2538704493815301, 0.25958312880934065], [0.0, 0.22717430207019873, 0.23469343087745423, 0.2737659974403696, 0.2848462262519804, 0.29284347190694265, 0.2950549810222673, 0.3081008700618867, 0.3128679597148501, 0.3177037928173299], [0.0, 0.0, 0.26790188364621487, 0.2896211192237309, 0.30052287948961043, 0.3047935749186043, 0.30592842008621796, 0.31506506282111135, 0.318349604060907, 0.32282801248959403], [0.0, 0.0, 0.0, 0.31500793029714236, 0.32238375882570347, 0.3262656440515027, 0.3268425869914866, 0.33441696261681003, 0.33656176592372944, 0.34114482791451217], [0.0, 0.0, 0.0, 0.0, 0.34356607405587597, 0.34792223387568194, 0.34854511334734734, 0.35359165049424224, 0.35504435474828633, 0.3585845496799942], [0.0, 0.0, 0.0, 0.0, 0.0, 0.37503699764871556, 0.37543854300271506, 0.37975505678395605, 0.3801775566059362, 0.3837844478159104], [0.0, 0.0, 0.0, 0.0, 0.0, 0.0, 0.3984648060342926, 0.401591476275251, 0.4015550303411007, 0.4045856796709588], [0.0, 0.0, 0.0, 0.0, 0.0, 0.0, 0.0, 0.41794242312326346, 0.4176850628465635, 0.4203190428349439], [0.0, 0.0, 0.0, 0.0, 0.0, 0.0, 0.0, 0.0, 0.43236392435460275, 0.43486484543618786], [0.0, 0.0, 0.0, 0.0, 0.0, 0.0, 0.0, 0.0, 0.0, 0.44704026917335754]], "vgg.features.8": [[0.0369634145398543, 0.051134236932664175, 0.07237291368172316, 0.0929603306302585, 0.11636322445833758, 0.12600311144391657, 0.13608627337698223, 0.16843406820802567, 0.18445443850250065, 0.18227342318300843], [0.0, 0.2732182697888877, 0.26608255422101335, 0.26642438998766055, 0.267373800791671, 0.2620234232708121, 0.2665880205052995, 0.2756258530526527, 0.27598524663980845, 0.27275422565635676], [0.0, 0.0, 0.32669477513328127, 0.3222390562037985, 0.3208995084546461, 0.3142126132859561, 0.3166140201095663, 0.32050149046147347, 0.316411989729747, 0.31536652591641634], [0.0, 0.0, 0.0, 0.3715903481063861, 0.36814441061545594, 0.3618014158353356, 0.3633154487995714, 0.36331628741432914, 0.358156312243669, 0.35984213154833716], [0.0, 0.0, 0.0, 0.0, 0.40798324525438334, 0.40308565968020965, 0.40338550837544673, 0.4020817436688183, 0.39573351219528374, 0.39856049959833517], [0.0, 0.0, 0.0, 0.0, 0.0, 0.43427378201364997, 0.4345301199015124, 0.43213854803023394, 0.4256152015398537, 0.4302313878352978], [0.0, 0.0, 0.0, 0.0, 0.0, 0.0, 0.469197956735146, 0.4653261439307339, 0.45805602823276376, 0.4635150017260263], [0.0, 0.0, 0.0, 0.0, 0.0, 0.0, 0.0, 0.4870616011242866, 0.4805221620206924, 0.48592746442189433], [0.0, 0.0, 0.0, 0.0, 0.0, 0.0, 0.0, 0.0, 0.4961589138864747, 0.5011147057628085], [0.0, 0.0, 0.0, 0.0, 0.0, 0.0, 0.0, 0.0, 0.0, 0.5216416480024133]], "vgg.features.11": [[0.057807020159012505, 0.09704458150899771, 0.18182337056803619, 0.22191904107410576, 0.25011585257421, 0.2697076681829816, 0.299915404180382, 0.31680061994670583, 0.33545543708366565, 0.34067918159515254], [0.0, 0.32055805510736574, 0.33718605443668037, 0.34542046979526136, 0.349235042140742, 0.35772962702439354, 0.3774712167725132, 0.3782531621673625, 0.38933976597596337, 0.39730307454233194], [0.0, 0.0, 0.38323886473223445, 0.3855814886127526, 0.38730575295098785, 0.39226328122326926, 0.4080054785560507, 0.4033211209531158, 0.41135103231395215, 0.4210625117054731], [0.0, 0.0, 0.0, 0.4268030499106194, 0.42430538275842944, 0.4260120253154791, 0.4369180235887361, 0.429581835409504, 0.43497900738215106, 0.4448789770723627], [0.0, 0.0, 0.0, 0.0, 0.44726330459052865, 0.44592408459585126, 0.45655947985114703, 0.4496865767805056, 0.45527095529242634, 0.46597037549023773], [0.0, 0.0, 0.0, 0.0, 0.0, 0.46872754082137563, 0.4774262358590449, 0.4717549909412214, 0.475245882949678, 0.48466885587327324], [0.0, 0.0, 0.0, 0.0, 0.0, 0.0, 0.5048721285776564, 0.4993292517504727, 0.5018431447471229, 0.511829445228422], [0.0, 0.0, 0.0, 0.0, 0.0, 0.0, 0.0, 0.5167499696557868, 0.5185116471526429, 0.527799966286786], [0.0, 0.0, 0.0, 0.0, 0.0, 0.0, 0.0, 0.0, 0.5313986340784638, 0.541211284050088], [0.0, 0.0, 0.0, 0.0, 0.0, 0.0, 0.0, 0.0, 0.0, 0.5560746994162232]], "vgg.features.13": [[0.08697026774917901, 0.15399286636984158, 0.3395356472334808, 0.5088092843902898, 0.5171102168187194, 0.5239279688995937, 0.5453104959512013, 0.5822510663252388, 0.598603457867243, 0.5798605026200006], [0.0, 0.5003011814838991, 0.5189075607771328, 0.5696603196482322, 0.5652837438004117, 0.568885377010121, 0.5724566029694897, 0.5876463539083411, 0.5904794903997522, 0.588816017403877], [0.0, 0.0, 0.5855291012761903, 0.6050595591502929, 0.5959580056210634, 0.5964380269430456, 0.6001870175885006, 0.6095702446589828, 0.609778433944931, 0.607373812054298], [0.0, 0.0, 0.0, 0.6389956354737557, 0.6291860298579353, 0.6272935983066444, 0.6293851281168632, 0.6387045459714716, 0.6390397087963494, 0.6365157193321073], [0.0, 0.0, 0.0, 0.0, 0.6510828958862592, 0.6486989047639797, 0.6504309518776982, 0.6571283051469997, 0.6568484028157284, 0.6550216619446784], [0.0, 0.0, 0.0, 0.0, 0.0, 0.6656212325159434, 0.6680168310246344, 0.6728952883405062, 0.6725323673260545, 0.6712348682093356], [0.0, 0.0, 0.0, 0.0, 0.0, 0.0, 0.6921392176137064, 0.6957469607697788, 0.6942262572050075, 0.6952037053876221], [0.0, 0.0, 0.0, 0.0, 0.0, 0.0, 0.0, 0.7085181931232035, 0.7069101201007504, 0.7086012698391924], [0.0, 0.0, 0.0, 0.0, 0.0, 0.0, 0.0, 0.0, 0.7156342925789559, 0.7169654602885445], [0.0, 0.0, 0.0, 0.0, 0.0, 0.0, 0.0, 0.0, 0.0, 0.7266840203656416]]}