{"vgg.features.3": [[0.03712917155424891, 0.3120524209156708, 0.4021097679850633, 0.4503601985512375, 0.5011572608224305, 0.5336494104612997, 0.5703803479758137, 0.5931490878125062, 0.6061468245972852, 0.6204510881572468], [0.0, 0.13110711914963202, 0.22956727244562128, 0.28109565903351447, 0.3438253869785537, 0.37978142587957, 0.4198211005587038, 0.44706811980685773, 0.4609265103738498, 0.47980511161265194], [0.0, 0.0, 0.1812221322472135, 0.22822440829323815, 0.28519091215697445, 0.320672857383884, 0.3596779032648083, 0.3876978839588626, 0.39982091863716823, 0.4191631465135109], [0.0, 0.0, 0.0, 0.21391864066750688, 0.2642742744109083, 0.29658943155840245, 0.33398139317521935, 0.36016090223344954, 0.37237422519650226, 0.39046615822288666], [0.0, 0.0, 0.0, 0.0, 0.2586246694772006, 0.2869367325250571, 0.322367203054469, 0.34664641313157735, 0.357910704444769, 0.3762571174877782], [0.0, 0.0, 0.0, 0.0, 0.0, 0.2843148359213487, 0.31661708311840453, 0.3385598268739576, 0.350167861574095, 0.367516857237791], [0.0, 0.0, 0.0, 0.0, 0.0, 0.0, 0.31416979709532883, 0.33284948281039006, 0.3430676159926761, 0.35993369577640805], [0.0, 0.0, 0.0, 0.0, 0.0, 0.0, 0.0, 0.33100793540417994, 0.34096983654896135, 0.35712074063903737], [0.0, 0.0, 0.0, 0.0, 0.0, 0.0, 0.0, 0.0, 0.3401094844371722, 0.35556282733693545], [0.0, 0.0, 0.0, 0.0, 0.0, 0.0, 0.0, 0.0, 0.0, 0.35797841576612005]], "vgg.features.6": [[0.0493697409522294, 0.3447292142153084, 0.4404394878131969, 0.489236255842703, 0.5421423943945444, 0.5868851692748718, 0.612726814813033, 0.6431976398829189, 0.6420526877101146, 0.6545862277351359], [0.0, 0.16888608771449157, 0.2736336874327187, 0.3280915863459676, 0.38861066125302735, 0.4352578576691607, 0.46432889624060175, 0.49939123827051807, 0.5008542165905255, 0.5162833713255411], [0.0, 0.0, 0.24250102430774254, 0.2892859549262556, 0.3456316517500495, 0.392516882899079, 0.42052743798371317, 0.45498227193177915, 0.4548311503539032, 0.4702272078001959], [0.0, 0.0, 0.0, 0.27747638656483237, 0.32776217777138505, 0.37176382232632893, 0.3987894307767882, 0.43186607127792837, 0.4316319030137652, 0.44636004589429473], [0.0, 0.0, 0.0, 0.0, 0.3275508552283371, 0.36850397284835334, 0.3939072943678244, 0.42474964247810554, 0.4243100157317127, 0.43874464254760304], [0.0, 0.0, 0.0, 0.0, 0.0, 0.3682899644167592, 0.39259899347049876, 0.42165768090765454, 0.4226222057105928, 0.43661789598430945], [0.0, 0.0, 0.0, 0.0, 0.0, 0.0, 0.39421933337441856, 0.4206134256123417, 0.4221876257954179, 0.43591599943349324], [0.0, 0.0, 0.0, 0.0, 0.0, 0.0, 0.0, 0.4216199597944043, 0.4232221341890475, 0.4370853349441129], [0.0, 0.0, 0.0, 0.0, 0.0, 0.0, 0.0, 0.0, 0.42802269988963404, 0.4413364710386121], [0.0, 0.0, 0.0, 0.0, 0.0, 0.0, 0.0, 0.0, 0.0, 0.44477564251935175]], "vgg.features.8": [[0.06980850884134436, 0.4062513916443057, 0.5157321561312213, 0.5747898092191658, 0.6403345580413314, 0.7082360202159953, 0.7327696101052463, 0.7768437781536854, 0.7787689660552002, 0.801451790082883], [0.0, 0.23217416793111847, 0.35094004292930264, 0.4165044639378066, 0.489053714192653, 0.5633678227422912, 0.5908703463475671, 0.641666995834387, 0.6456256691486143, 0.6716001056547322], [0.0, 0.0, 0.3312583698271672, 0.38705886098830866, 0.4544968619836185, 0.5284084367966952, 0.5544786947560885, 0.6057093594560902, 0.6083106246040072, 0.6343345727538167], [0.0, 0.0, 0.0, 0.3816748055112544, 0.4414867326721273, 0.5137378447636851, 0.5376837074517249, 0.5877350447935074, 0.5900274529683579, 0.6159309741926913], [0.0, 0.0, 0.0, 0.0, 0.4459081912996285, 0.5138346232391625, 0.5371491594369896, 0.585256389529147, 0.5862507931320069, 0.6106304266721321], [0.0, 0.0, 0.0, 0.0, 0.0, 0.5160949819320699, 0.5387491612906006, 0.5853706443793162, 0.5869635224152207, 0.6104214511674058], [0.0, 0.0, 0.0, 0.0, 0.0, 0.0, 0.5418317990640823, 0.5864740945380352, 0.588245567227254, 0.6109867886958631], [0.0, 0.0, 0.0, 0.0, 0.0, 0.0, 0.0, 0.5876329148653315, 0.5896114503410957, 0.6121817566308254], [0.0, 0.0, 0.0, 0.0, 0.0, 0.0, 0.0, 0.0, 0.5907800373365554, 0.6128479620629642], [0.0, 0.0, 0.0, 0.0, 0.0, 0.0, 0.0, 0.0, 0.0, 0.6147194147003822]], "vgg.features.11": [[0.0919765673877099, 0.444094542293481, 0.5883789628939525, 0.6707102881400776, 0.7676407505209328, 0.8797212059630783, 0.897887727445705, 0.9693165198592669, 0.9629777953526962, 1.0009807043893792], [0.0, 0.3282866753208369, 0.4684477480877568, 0.5593896151046727, 0.6620882365368567, 0.7839290417969715, 0.8062478449809475, 0.8825885836647143, 0.878874675860758, 0.9200704675846311], [0.0, 0.0, 0.46432863004310804, 0.5485595335048338, 0.6464017071539571, 0.7655451344352278, 0.7879708051957535, 0.863482879351981, 0.8591691801623731, 0.900309556533529], [0.0, 0.0, 0.0, 0.5545154866418356, 0.6460970505446539, 0.7598473960230882, 0.782186823584938, 0.8560422686583669, 0.8509323720028965, 0.8922025550746802], [0.0, 0.0, 0.0, 0.0, 0.6483853026562115, 0.7607374005617221, 0.7818523945120213, 0.8549337780731797, 0.8493873339762067, 0.8898901181346548], [0.0, 0.0, 0.0, 0.0, 0.0, 0.7616865997190913, 0.7821372668478097, 0.8544143410620064, 0.8490190297840349, 0.8893208679329325], [0.0, 0.0, 0.0, 0.0, 0.0, 0.0, 0.7871958146682387, 0.8585050197299198, 0.8528662514190406, 0.8919710691334838], [0.0, 0.0, 0.0, 0.0, 0.0, 0.0, 0.0, 0.860678895428001, 0.8555320960585271, 0.8943746430223807], [0.0, 0.0, 0.0, 0.0, 0.0, 0.0, 0.0, 0.0, 0.8562692200883726, 0.8950676309009579], [0.0, 0.0, 0.0, 0.0, 0.0, 0.0, 0.0, 0.0, 0.0, 0.8949849724606357]], "vgg.features.13": [[0.1410645399035233, 0.6056252884571337, 0.7979115029602836, 0.936946905006156, 1.0535080650462347, 1.1662202091440437, 1.1982174765417035, 1.256571403151612, 1.2562132353279258, 1.2863874572479206], [0.0, 0.49153834365839594, 0.6888124579087602, 0.8437201214977694, 0.9799949462455871, 1.1130535765849088, 1.1477502181682513, 1.216188237741938, 1.2189181559920512, 1.2519854495327893], [0.0, 0.0, 0.6864783971711255, 0.8335484385073131, 0.967562528234639, 1.1011716099647564, 1.1356614750689107, 1.2038382427477319, 1.2072587454085235, 1.2412773482678834], [0.0, 0.0, 0.0, 0.8362839766670751, 0.9664158783709265, 1.0984294526972576, 1.13190567373072, 1.199172363622399, 1.20267966892995, 1.2371622036069636], [0.0, 0.0, 0.0, 0.0, 0.9681052706649877, 1.097991786844757, 1.1314627527482601, 1.1973133197574037, 1.201515400194962, 1.2359750181724172], [0.0, 0.0, 0.0, 0.0, 0.0, 1.0985481237353605, 1.131242574999831, 1.1970179560828884, 1.2008891984292227, 1.2357250319289776], [0.0, 0.0, 0.0, 0.0, 0.0, 0.0, 1.131254529596733, 1.1966117791488067, 1.2013496039870266, 1.2352718014197839], [0.0, 0.0, 0.0, 0.0, 0.0, 0.0, 0.0, 1.1985779364047333, 1.20310376328137, 1.236971970111195], [0.0, 0.0, 0.0, 0.0, 0.0, 0.0, 0.0, 0.0, 1.2048682595263134, 1.238507170138101], [0.0, 0.0, 0.0, 0.0, 0.0, 0.0, 0.0, 0.0, 0.0, 1.239017514279905]]}