{"vgg.features.3": [[0.027661055745032567, 0.029563270358256857, 0.03355115056461319, 0.04012057482004085, 0.046449964607180164, 0.0544550137612088, 0.06367577917791585, 0.07840937737015585, 0.0859021586223965, 0.09371751184285759], [0.029563270358256857, 0.2662330238098419, 0.2645454537473352, 0.26327983037358915, 0.26229733520850346, 0.26123346917269774, 0.26094968732708257, 0.2624813959958645, 0.26177364598239794, 0.26232032097593816], [0.03355115056461319, 0.2645454537473352, 0.3206951701886192, 0.3189660223306647, 0.3172652226122778, 0.3157485300056133, 0.3148743896421555, 0.3153517284293025, 0.3138577628437058, 0.3137077175585416], [0.04012057482004085, 0.26327983037358915, 0.3189660223306647, 0.35683998456311466, 0.35475996656858855, 0.35302575748980913, 0.35176059713086666, 0.3515929294287063, 0.34978976750397966, 0.3492026411077939], [0.046449964607180164, 0.26229733520850346, 0.3172652226122778, 0.35475996656858855, 0.38593506574509007, 0.38418587636948415, 0.3828829221073191, 0.3821611410877621, 0.38014944668568207, 0.37934047923975023], [0.0544550137612088, 0.26123346917269774, 0.3157485300056133, 0.35302575748980913, 0.38418587636948415, 0.4096170519905932, 0.40814170767099933, 0.40687734759200855, 0.4047282935397973, 0.40365874312670574], [0.06367577917791585, 0.26094968732708257, 0.3148743896421555, 0.35176059713086666, 0.3828829221073191, 0.40814170767099933, 0.4363992308552974, 0.43465766958664614, 0.43215164108161636, 0.4308246483741969], [0.07840937737015585, 0.2624813959958645, 0.3153517284293025, 0.3515929294287063, 0.3821611410877621, 0.40687734759200855, 0.43465766958664614, 0.456171978846125, 0.45357356479932937, 0.4520306098336275], [0.0859021586223965, 0.26177364598239794, 0.3138577628437058, 0.34978976750397966, 0.38014944668568207, 0.4047282935397973, 0.43215164108161636, 0.45357356479932937, 0.46735639779945193, 0.465657190690227], [0.09371751184285759, 0.26232032097593816, 0.3137077175585416, 0.3492026411077939, 0.37934047923975023, 0.40365874312670574, 0.4308246483741969, 0.4520306098336275, 0.465657190690227, 0.47843808308486724]], "vgg.features.6": [[0.036723930172612815, 0.043095365428882156, 0.05432344202710375, 0.08410278925603329, 0.09365698350653785, 0.10456605592255919, 0.11489391673868894, 0.13616928468955034, 0.14585072410390604, 0.15402861300312073], [0.043095365428882156, 0.30003985836176866, 0.29836429932651104, 0.30052066459157156, 0.2998478108286684, 0.29981713673217203, 0.30105821919652004, 0.3035445660359199, 0.3041814332370478, 0.3050542528962318], [0.05432344202710375, 0.29836429932651104, 0.3533635028416754, 0.3532990793960168, 0.35245070608465323, 0.3515487936106955, 0.3516583445200569, 0.35295437779100547, 0.3531638224460118, 0.35365860442739655], [0.08410278925603329, 0.30052066459157156, 0.3532990793960168, 0.3922296014559187, 0.39091957585539294, 0.3896005080407069, 0.3889619376196834, 0.38937431086800284, 0.3891756380016266, 0.3894091668566743], [0.09365698350653785, 0.2998478108286684, 0.35245070608465323, 0.39091957585539294, 0.4218996614099563, 0.420736465742385, 0.4201193187572473, 0.4198344076746878, 0.4192340227394224, 0.4191922891363576], [0.10456605592255919, 0.29981713673217203, 0.3515487936106955, 0.3896005080407069, 0.420736465742385, 0.44610495454442617, 0.44528614099896435, 0.4440863570668106, 0.4432743485100329, 0.44291580672388187], [0.11489391673868894, 0.30105821919652004, 0.3516583445200569, 0.3889619376196834, 0.4201193187572473, 0.44528614099896435, 0.4727593261601354, 0.47093275655359385, 0.46971876893297027, 0.46914469914444396], [0.13616928468955034, 0.3035445660359199, 0.35295437779100547, 0.38937431086800284, 0.4198344076746878, 0.4440863570668106, 0.47093275655359385, 0.49156385275519104, 0.49020297493130627, 0.4893999699841728], [0.14585072410390604, 0.3041814332370478, 0.3531638224460118, 0.3891756380016266, 0.4192340227394224, 0.4432743485100329, 0.46971876893297027, 0.49020297493130627, 0.5050927851817784, 0.5040964825038973], [0.15402861300312073, 0.3050542528962318, 0.35365860442739655, 0.3894091668566743, 0.4191922891363576, 0.44291580672388187, 0.46914469914444396, 0.4893999699841728, 0.5040964825038973, 0.5175583077118567]], "vgg.features.8": [[0.05662292738404643, 0.06706195609255478, 0.09225455072470605, 0.15068764261493964, 0.17345988553028976, 0.1940439881133819, 0.20526324127262532, 0.2327369208505994, 0.24752653047917889, 0.25914876199617654], [0.06706195609255478, 0.35922022528660286, 0.360183902838871, 0.3692448862177731, 0.3727323494791489, 0.37618378945197883, 0.378011634367943, 0.38477957144412606, 0.38865391878830613, 0.39183038087287897], [0.09225455072470605, 0.360183902838871, 0.4202464395072369, 0.42629622638991693, 0.4292949499367995, 0.4317206559664312, 0.43295231495705044, 0.43756046543007165, 0.44053468635179166, 0.4434740079637075], [0.15068764261493964, 0.3692448862177731, 0.42629622638991693, 0.46948563554553774, 0.471872101308816, 0.4735419025492751, 0.47397303155137355, 0.478071439051489, 0.48024588483397745, 0.4827791331119528], [0.17345988553028976, 0.3727323494791489, 0.4292949499367995, 0.471872101308816, 0.5017391766717981, 0.5032473246211205, 0.5034830860342742, 0.5063845270548887, 0.5078787181854886, 0.5101823965201314], [0.1940439881133819, 0.37618378945197883, 0.4317206559664312, 0.4735419025492751, 0.5032473246211205, 0.5300410986864834, 0.5300067898854095, 0.5321234556920631, 0.5330803668745739, 0.5350705629728371], [0.20526324127262532, 0.378011634367943, 0.43295231495705044, 0.47397303155137355, 0.5034830860342742, 0.5300067898854095, 0.5549703933990154, 0.5563032040477821, 0.5568170327201653, 0.5583610436179883], [0.2327369208505994, 0.38477957144412606, 0.43756046543007165, 0.478071439051489, 0.5063845270548887, 0.5321234556920631, 0.5563032040477821, 0.576033753522195, 0.5764706546370557, 0.5778097202355409], [0.24752653047917889, 0.38865391878830613, 0.44053468635179166, 0.48024588483397745, 0.5078787181854886, 0.5330803668745739, 0.5568170327201653, 0.5764706546370557, 0.5898931001717433, 0.5909655642456678], [0.25914876199617654, 0.39183038087287897, 0.4434740079637075, 0.4827791331119528, 0.5101823965201314, 0.5350705629728371, 0.5583610436179883, 0.5778097202355409, 0.5909655642456678, 0.6044458571349183]],