{"vgg.features.3": [[0.03736925085592763, 0.24336430598830286, 0.3336650492727086, 0.3554374734051154, 0.40497677030281876, 0.44162188546892633, 0.4694345162821689, 0.4952499033877454, 0.499361864010607, 0.5089340744374564], [0.0, 0.12672294341848442, 0.22579562686642335, 0.2552539248182261, 0.30296753942412247, 0.3344420225835303, 0.36952289961807033, 0.4039189126158121, 0.40856139002960534, 0.4201932577548495], [0.0, 0.0, 0.18699313628264397, 0.21220027718956294, 0.25653991447665364, 0.28769793231476093, 0.3185820376980059, 0.3559648047055458, 0.359730396389528, 0.3712420176679491], [0.0, 0.0, 0.0, 0.20488683517421738, 0.2405622977704324, 0.2656197475641895, 0.2921157979981576, 0.32580822221583267, 0.3326096949395475, 0.3403324021083417], [0.0, 0.0, 0.0, 0.0, 0.23860283075380773, 0.2640418795087842, 0.2840154905086795, 0.3099003380473732, 0.3188435913480705, 0.32429364241767955], [0.0, 0.0, 0.0, 0.0, 0.0, 0.27000346429257605, 0.289117499452977, 0.31264731202102897, 0.3221584923317939, 0.3262719669498515], [0.0, 0.0, 0.0, 0.0, 0.0, 0.0, 0.2929378167090835, 0.3109240237857925, 0.3173569182453664, 0.31944352563591216], [0.0, 0.0, 0.0, 0.0, 0.0, 0.0, 0.0, 0.31136830866097215, 0.31621558482174444, 0.31944219702927734], [0.0, 0.0, 0.0, 0.0, 0.0, 0.0, 0.0, 0.0, 0.325161042624981, 0.3269224083004818], [0.0, 0.0, 0.0, 0.0, 0.0, 0.0, 0.0, 0.0, 0.0, 0.33634764300800885]], "vgg.features.6": [[0.04285256670570736, 0.2560659100070717, 0.34243996899894324, 0.3868795969916861, 0.44185583581589927, 0.5441783286401286, 0.5019311118791676, 0.5555490682708625, 0.5316480612717596, 0.5490512987180948], [0.0, 0.15044604284359453, 0.22559106916989582, 0.27431001838808894, 0.32131875517612835, 0.42433361420200005, 0.3878974327486205, 0.44494323820582116, 0.43208489109993925, 0.4494193891577207], [0.0, 0.0, 0.2233801762090792, 0.26249724552100334, 0.3026857249367333, 0.39815668781309876, 0.3612754929644624, 0.4154461067372564, 0.40290844631571515, 0.41815031770504285], [0.0, 0.0, 0.0, 0.2543449024913905, 0.2910326062094799, 0.38342516275000493, 0.3492362614781662, 0.40233328718749384, 0.39472477444804693, 0.4103469454158205], [0.0, 0.0, 0.0, 0.0, 0.29296547457935496, 0.38019329729762463, 0.3459508293373206, 0.39672331496720464, 0.38681150338908044, 0.40220037745646325], [0.0, 0.0, 0.0, 0.0, 0.0, 0.39118056940653895, 0.35661621764292883, 0.4026371641279462, 0.3930356043251982, 0.41018046834329025], [0.0, 0.0, 0.0, 0.0, 0.0, 0.0, 0.36809902766578173, 0.40993347470489294, 0.40096566633011216, 0.41551728427510864], [0.0, 0.0, 0.0, 0.0, 0.0, 0.0, 0.0, 0.41603305218700914, 0.40697674158168096, 0.4220632373608778], [0.0, 0.0, 0.0, 0.0, 0.0, 0.0, 0.0, 0.0, 0.4126497200465519, 0.4268525782338038], [0.0, 0.0, 0.0, 0.0, 0.0, 0.0, 0.0, 0.0, 0.0, 0.4282386239430588]], "vgg.features.8": [[0.05743649561163292, 0.33378259771986935, 0.4959422634756453, 0.5472980330522824, 0.6824245122569036, 0.8789589685732488, 0.8198947948256362, 0.9248863232860561, 0.9018111043594523, 0.9331436920830166], [0.0, 0.20316943509920188, 0.34025061048512406, 0.40506193350735265, 0.5503731289812491, 0.7837287826439452, 0.7218314766267843, 0.83112776357802, 0.8091277421595136, 0.83825085462294], [0.0, 0.0, 0.32867060945877696, 0.3862490984221047, 0.5241404780145446, 0.7539048373791924, 0.69525106825911, 0.8005376098468835, 0.7759410875265467, 0.8031331031634289], [0.0, 0.0, 0.0, 0.3896411506715652, 0.5178946863751586, 0.7492127836513316, 0.6914507822960301, 0.7903228189852997, 0.7700727224553005, 0.7957017733079879], [0.0, 0.0, 0.0, 0.0, 0.5178993819859977, 0.7472575198115501, 0.6893885907468054, 0.7847093480129708, 0.7634085588323328, 0.7890601980308097], [0.0, 0.0, 0.0, 0.0, 0.0, 0.7518786766447867, 0.6933926858775923, 0.7864028782917725, 0.7685278384920815, 0.7965596605665277], [0.0, 0.0, 0.0, 0.0, 0.0, 0.0, 0.6968074297838116, 0.7867843572672776, 0.7691927920419435, 0.7979581266053619], [0.0, 0.0, 0.0, 0.0, 0.0, 0.0, 0.0, 0.7801043234406616, 0.7635440715353197, 0.791709102315799], [0.0, 0.0, 0.0, 0.0, 0.0, 0.0, 0.0, 0.0, 0.7577364211969871, 0.7859611882327897], [0.0, 0.0, 0.0, 0.0, 0.0, 0.0, 0.0, 0.0, 0.0, 0.7818198252187224]], "vgg.features.11": [[0.07789174686424692, 0.438195845326001, 0.6852640893785535, 0.8815655023403585, 1.0015089157721844, 1.1990484480175712, 1.2040645704345685, 1.2551382930243031, 1.2717570307382404, 1.286284960787658], [0.0, 0.350162649145872, 0.5597800294313124, 0.7701975422589422, 0.9052870972036449, 1.1239535347816894, 1.1195615776833856, 1.1882518905349706, 1.208266062590138, 1.2241358511297105], [0.0, 0.0, 0.5597725086468222, 0.7584912395332021, 0.8928391292254386, 1.1023495975730737, 1.0996196192488608, 1.1758191290806863, 1.1911122699917789, 1.2106118760855853], [0.0, 0.0, 0.0, 0.7541524569097023, 0.8843682782014634, 1.0907063105636818, 1.087123436181374, 1.1657051673558576, 1.1783993272468316, 1.1975595847341083], [0.0, 0.0, 0.0, 0.0, 0.881326978571183, 1.084443153244703, 1.080772492498927, 1.1598600567637043, 1.171807746377977, 1.1932077385778717], [0.0, 0.0, 0.0, 0.0, 0.0, 1.0786063934424723, 1.0767824968101574, 1.1558137206768329, 1.1666620137755228, 1.1887920989802157], [0.0, 0.0, 0.0, 0.0, 0.0, 0.0, 1.079736057545635, 1.158480457174633, 1.1683267600322298, 1.18998202006234], [0.0, 0.0, 0.0, 0.0, 0.0, 0.0, 0.0, 1.1575582874207664, 1.166973875176445, 1.1894802468715142], [0.0, 0.0, 0.0, 0.0, 0.0, 0.0, 0.0, 0.0, 1.1646103133605308, 1.188040792538228], [0.0, 0.0, 0.0, 0.0, 0.0, 0.0, 0.0, 0.0, 0.0, 1.1843320614325337]], "vgg.features.13": [[0.12630440482417868, 0.7654973070931335, 1.1423366114260456, 1.2105709857510645, 1.3044208390547731, 1.3117206652820617, 1.335301574694759, 1.3641797192632348, 1.3547447037295146, 1.37458604219721], [0.0, 0.5451515473597827, 0.9634619450837502, 1.0674067556961164, 1.1949172509502948, 1.2455947638204423, 1.248487928550204, 1.2925281400074713, 1.2895379867209333, 1.3374201646382065], [0.0, 0.0, 0.9483463200280534, 1.039602655750813, 1.1543030457562358, 1.233255585397869, 1.2294587594614812, 1.276274708284699, 1.2739360410846523, 1.3149284700946087], [0.0, 0.0, 0.0, 1.0273062519868337, 1.1418794736398388, 1.2240159754061082, 1.2169030244826204, 1.2683081603898272, 1.2630350579563727, 1.302840720150444], [0.0, 0.0, 0.0, 0.0, 1.1341812890499006, 1.219221138156981, 1.2120102081469843, 1.2637586945469146, 1.2601122674660872, 1.2985483505467048], [0.0, 0.0, 0.0, 0.0, 0.0, 1.2157700816505737, 1.2099961614656056, 1.2618631533095273, 1.2590714023050102, 1.2988517854006623], [0.0, 0.0, 0.0, 0.0, 0.0, 0.0, 1.2061592365487184, 1.2592477427785398, 1.2552913463383748, 1.2972459214316716], [0.0, 0.0, 0.0, 0.0, 0.0, 0.0, 0.0, 1.2581519649496804, 1.255315767698026, 1.2953799115725628], [0.0, 0.0, 0.0, 0.0, 0.0, 0.0, 0.0, 0.0, 1.2541180136562782, 1.2934760127844056], [0.0, 0.0, 0.0, 0.0, 0.0, 0.0, 0.0, 0.0, 0.0, 1.2900482795831496]]}