{"vgg.features.3": [[0.03455257732898208, 0.24284952367567214, 0.33506286015763204, 0.3570006861406835, 0.40738236273979433, 0.4438651638932157, 0.47225091942701736, 0.4976618090002626, 0.5020144817936293, 0.5111859000257044], [0.0, 0.23664956936280424, 0.3299184572804949, 0.3528474547835834, 0.40367209678841337, 0.4390661255801314, 0.46770805993375136, 0.4925615428109974, 0.4979580207463223, 0.5069818265413446], [0.0, 0.0, 0.32588791544994383, 0.34915229184646307, 0.39983760899396104, 0.43468328854867994, 0.4628649330268455, 0.4873936306981202, 0.49296725383425194, 0.5014936148243443], [0.0, 0.0, 0.0, 0.34571345146933574, 0.3969782242942406, 0.429905725574819, 0.45861562630795827, 0.4825027623959731, 0.4886977110634702, 0.4966008372774322], [0.0, 0.0, 0.0, 0.0, 0.3933758232090729, 0.4248555057855843, 0.45399900948388716, 0.4777396688343368, 0.4843150099882646, 0.4918592656393047], [0.0, 0.0, 0.0, 0.0, 0.0, 0.4188102083605681, 0.4483094150753683, 0.4718166313273048, 0.4799334454588039, 0.4865770603396702], [0.0, 0.0, 0.0, 0.0, 0.0, 0.0, 0.4452781146025195, 0.46838781009546493, 0.4765657505781678, 0.48289903677342855], [0.0, 0.0, 0.0, 0.0, 0.0, 0.0, 0.0, 0.46500072729363356, 0.4760041303474551, 0.48086027973241835], [0.0, 0.0, 0.0, 0.0, 0.0, 0.0, 0.0, 0.0, 0.4742661229319145, 0.47873123766940673], [0.0, 0.0, 0.0, 0.0, 0.0, 0.0, 0.0, 0.0, 0.0, 0.4738942795868743]], "vgg.features.6": [[0.051478263588051305, 0.2551521603967382, 0.34149775576746166, 0.38645837160225716, 0.44390943851529935, 0.5455606148582682, 0.5036289653763322, 0.5577354291029036, 0.5336393332885863, 0.5509559006053615], [0.0, 0.2453426766395651, 0.33079457388526545, 0.3764008139454664, 0.4343188284303608, 0.5348433936714686, 0.49461190629782764, 0.5477925316116111, 0.5267459425140573, 0.5433910168489722], [0.0, 0.0, 0.33548549166128716, 0.3817104890736692, 0.43682561048168533, 0.5382714945143195, 0.49486975595861354, 0.5486190828224888, 0.5279722571877166, 0.5428186100385841], [0.0, 0.0, 0.0, 0.39817959313921797, 0.44570650784134525, 0.5409022910649995, 0.5012849061714723, 0.5503216143394468, 0.5308706188386797, 0.5449751955494562], [0.0, 0.0, 0.0, 0.0, 0.4504396119708624, 0.543692168911427, 0.505233313916933, 0.5556761958871228, 0.5370849721132741, 0.5501905288200977], [0.0, 0.0, 0.0, 0.0, 0.0, 0.5410477805909798, 0.5020157204784615, 0.5527672101851429, 0.5361600695139683, 0.5469897273498183], [0.0, 0.0, 0.0, 0.0, 0.0, 0.0, 0.4975456768993298, 0.5478708085812388, 0.5327091495671383, 0.5433212683089329], [0.0, 0.0, 0.0, 0.0, 0.0, 0.0, 0.0, 0.5440509812795308, 0.5295418313191597, 0.5387011794265526], [0.0, 0.0, 0.0, 0.0, 0.0, 0.0, 0.0, 0.0, 0.5327376679047816, 0.541553074358815], [0.0, 0.0, 0.0, 0.0, 0.0, 0.0, 0.0, 0.0, 0.0, 0.5383514809290209]], "vgg.features.8": [[0.054732465042802284, 0.3344520097477727, 0.49842940478156844, 0.5501273697964285, 0.6881291252124216, 0.8832690287147099, 0.8230281544757279, 0.9286543758471429, 0.9067139716257804, 0.9364813823153133], [0.0, 0.3261557183173059, 0.4838234540476505, 0.5357810887620247, 0.6724976353237915, 0.866091845736584, 0.8086007359138031, 0.9113882336973155, 0.8951567003166874, 0.9251774653930684], [0.0, 0.0, 0.4814879813271383, 0.5357648596716372, 0.6710927328112777, 0.8731063842159935, 0.8112535101855551, 0.9173727490816781, 0.8983384091682806, 0.929585915129762], [0.0, 0.0, 0.0, 0.5216356672215653, 0.6519681190570416, 0.8471250489456394, 0.7919901006869182, 0.8938589884721342, 0.8792235738457541, 0.9109349851549028], [0.0, 0.0, 0.0, 0.0, 0.6438509859287748, 0.8406572926778788, 0.7863193393490013, 0.8882013200343719, 0.8744070822487257, 0.905770297265092], [0.0, 0.0, 0.0, 0.0, 0.0, 0.8361571557406341, 0.7826320468348927, 0.8862805662434645, 0.8732176037363194, 0.9019717213407341], [0.0, 0.0, 0.0, 0.0, 0.0, 0.0, 0.7724491617443603, 0.8756233210027918, 0.862984127052671, 0.8925590033426517], [0.0, 0.0, 0.0, 0.0, 0.0, 0.0, 0.0, 0.8659397343369422, 0.8532007209001495, 0.8832448107827835], [0.0, 0.0, 0.0, 0.0, 0.0, 0.0, 0.0, 0.0, 0.8571955803487948, 0.8860097198694955], [0.0, 0.0, 0.0, 0.0, 0.0, 0.0, 0.0, 0.0, 0.0, 0.8724544914873466]], "vgg.features.11": [[0.07083831831794124, 0.43486965579928316, 0.6828509198641315, 0.8777994076898837, 0.9990397271618088, 1.1956789628488005, 1.2002422544397089, 1.2506473882627978, 1.267851788724421, 1.2823335292304143], [0.0, 0.4199259381854012, 0.6667180722343025, 0.8675592115910469, 0.9893147208666244, 1.1869779621573637, 1.1932581697141442, 1.2433250346601405, 1.2621853236922762, 1.27759118532379], [0.0, 0.0, 0.6791755949226503, 0.8750334496061808, 0.9973680295689857, 1.1961054639797246, 1.192482418858006, 1.2448103406466997, 1.2569099147432985, 1.2710781570063818], [0.0, 0.0, 0.0, 0.8633089402164197, 0.9761731633182146, 1.173834445731671, 1.1800756199129505, 1.2347906252053313, 1.2501305694788203, 1.2685097400059033], [0.0, 0.0, 0.0, 0.0, 0.9638670566154961, 1.1593060729753542, 1.1617054562644957, 1.2196059125274041, 1.2342634291490808, 1.2535429097427375], [0.0, 0.0, 0.0, 0.0, 0.0, 1.1578967914530132, 1.1648334061726804, 1.2259826385221615, 1.2414367498163863, 1.2559965719539872], [0.0, 0.0, 0.0, 0.0, 0.0, 0.0, 1.145644720032651, 1.207011997975977, 1.2189242832703036, 1.2361618467597055], [0.0, 0.0, 0.0, 0.0, 0.0, 0.0, 0.0, 1.1993727142435493, 1.2109510759911053, 1.2321554398269376], [0.0, 0.0, 0.0, 0.0, 0.0, 0.0, 0.0, 0.0, 1.2114713191955229, 1.2330537212028645], [0.0, 0.0, 0.0, 0.0, 0.0, 0.0, 0.0, 0.0, 0.0, 1.2115421204439225]], "vgg.features.13": [[0.12137627203888784, 0.7662299399241405, 1.1441103900338843, 1.215413054659893, 1.306129717664112, 1.3119160378412225, 1.333440625844738, 1.3645993775925156, 1.3551069849425306, 1.3766901533784233], [0.0, 0.7391044158966896, 1.1273391714661656, 1.2000826752966145, 1.2971284829380425, 1.2988262913018986, 1.32659769904943, 1.3550838131088083, 1.3463229371275436, 1.382573653489045], [0.0, 0.0, 1.108108476434241, 1.1883366009727174, 1.288947788253464, 1.313348019946865, 1.3314064368834426, 1.3642702614035291, 1.3567058478833682, 1.3791535604896963], [0.0, 0.0, 0.0, 1.1618454524666577, 1.2355484632723004, 1.2989546571984898, 1.3161832381981344, 1.3725479260801141, 1.350762048804892, 1.3967073278962927], [0.0, 0.0, 0.0, 0.0, 1.2358209645918985, 1.305520114863908, 1.3130420465473436, 1.3624951568415367, 1.3492283499739546, 1.3840462582043196], [0.0, 0.0, 0.0, 0.0, 0.0, 1.311977357520891, 1.3152673740691827, 1.3722718159227285, 1.3523969251994525, 1.3810039804850711], [0.0, 0.0, 0.0, 0.0, 0.0, 0.0, 1.3045823997977704, 1.365550426312332, 1.3422391237997162, 1.3741355289150874], [0.0, 0.0, 0.0, 0.0, 0.0, 0.0, 0.0, 1.365050707064147, 1.3375139763601454, 1.3823690793959191], [0.0, 0.0, 0.0, 0.0, 0.0, 0.0, 0.0, 0.0, 1.3473503260750765, 1.3918459303603377], [0.0, 0.0, 0.0, 0.0, 0.0, 0.0, 0.0, 0.0, 0.0, 1.3752102400026973]]}