{"vgg.features.3": [[0.03404503871728632, 0.2482400298414151, 0.3385659285400608, 0.36500636398768893, 0.41489386909088943, 0.4538743650252426, 0.4786230550856666, 0.5002173018191222, 0.5072385795661265, 0.5171880976454886], [0.0, 0.24224075599644157, 0.33374839268563605, 0.36113128827137586, 0.4115745774128898, 0.4495259801938568, 0.47458396074461767, 0.49563203938038725, 0.5035989527151058, 0.5135448446408476], [0.0, 0.0, 0.33058787393007444, 0.35821564895183, 0.4082648326759901, 0.4456760889664344, 0.47031718125513705, 0.49090009426408515, 0.49914300086661234, 0.5086672099718786], [0.0, 0.0, 0.0, 0.3549051038483735, 0.40541964598972147, 0.4410672199444996, 0.46629675593881126, 0.48626326730755337, 0.49519358819833204, 0.504222213635799], [0.0, 0.0, 0.0, 0.0, 0.4021688566869728, 0.43664763554738684, 0.4620693715770992, 0.4816322434763878, 0.49083156132792455, 0.4995572477898205], [0.0, 0.0, 0.0, 0.0, 0.0, 0.4305816670248227, 0.45614342827929955, 0.4753508675387194, 0.4858660731140123, 0.4939594505613381], [0.0, 0.0, 0.0, 0.0, 0.0, 0.0, 0.45289118082364904, 0.4715154407747566, 0.48225709130172406, 0.490069140297159], [0.0, 0.0, 0.0, 0.0, 0.0, 0.0, 0.0, 0.4674534963698122, 0.4804306017767143, 0.48718206228296385], [0.0, 0.0, 0.0, 0.0, 0.0, 0.0, 0.0, 0.0, 0.47914939200502554, 0.485577399999916], [0.0, 0.0, 0.0, 0.0, 0.0, 0.0, 0.0, 0.0, 0.0, 0.4803961658044088]], "vgg.features.6": [[0.04966717279257057, 0.2525186857613159, 0.3354623172758781, 0.3862464086479743, 0.4408425171400932, 0.5375800023380884, 0.4953575004969661, 0.5462036492999424, 0.5299385200063386, 0.542507093204504], [0.0, 0.24371678237284006, 0.3256595850762762, 0.3771075072873002, 0.43204048064264544, 0.5277381847576753, 0.48740139423787454, 0.5374880377072949, 0.5238272856744826, 0.5359928435735554], [0.0, 0.0, 0.3311476585095348, 0.38296826855188076, 0.4349384102511825, 0.5313648750740659, 0.4877568680194594, 0.5382167301936455, 0.5246821182008793, 0.5348491236642404], [0.0, 0.0, 0.0, 0.3994437551783438, 0.4437902068599549, 0.5342874377367337, 0.4945757422550973, 0.5403508007690706, 0.5277857642160149, 0.5374334342702123], [0.0, 0.0, 0.0, 0.0, 0.4490503226420895, 0.5382137069638173, 0.49937020347399835, 0.5460440161695753, 0.5341231951204855, 0.542589749145638], [0.0, 0.0, 0.0, 0.0, 0.0, 0.5366837319009724, 0.4969443898127794, 0.5441128160310615, 0.5337819210106752, 0.5404179980514316], [0.0, 0.0, 0.0, 0.0, 0.0, 0.0, 0.4938809971277629, 0.5406666783915762, 0.5320715276925113, 0.5383911213877947], [0.0, 0.0, 0.0, 0.0, 0.0, 0.0, 0.0, 0.5372475820952141, 0.5288953239582005, 0.5342107656398811], [0.0, 0.0, 0.0, 0.0, 0.0, 0.0, 0.0, 0.0, 0.5315889186126304, 0.5368903874923708], [0.0, 0.0, 0.0, 0.0, 0.0, 0.0, 0.0, 0.0, 0.0, 0.5350821354028832]], "vgg.features.8": [[0.05292784668182512, 0.33131444507464297, 0.4882389342497626, 0.5494748778472008, 0.6828330668184497, 0.8731368733958711, 0.8080535948254097, 0.9048804246998698, 0.8869934063055898, 0.9093879571264851], [0.0, 0.32441894920555214, 0.475277276367849, 0.5371712913929136, 0.6690129965011914, 0.8577722378595596, 0.7958263392757219, 0.8902979998497822, 0.8772283549361777, 0.9003897349015251], [0.0, 0.0, 0.4735092264807505, 0.5379004871566775, 0.6682115662730751, 0.8648827049314413, 0.798731270607275, 0.8962725086334246, 0.8799179740791784, 0.9041533803445468], [0.0, 0.0, 0.0, 0.5249098127987665, 0.6496383426458904, 0.8392417201603258, 0.7802216014959213, 0.8741387718020429, 0.8618818658662442, 0.8877504030403642], [0.0, 0.0, 0.0, 0.0, 0.6430904991930172, 0.8349376801276155, 0.7764329407287016, 0.8694764833456569, 0.857693512219306, 0.8826872023418907], [0.0, 0.0, 0.0, 0.0, 0.0, 0.831359721175487, 0.7729084564717712, 0.8679184635523458, 0.8564508437385768, 0.8791991976040664], [0.0, 0.0, 0.0, 0.0, 0.0, 0.0, 0.7655359304374406, 0.8601664383352794, 0.8493498659267396, 0.872709953925641], [0.0, 0.0, 0.0, 0.0, 0.0, 0.0, 0.0, 0.8504798739532395, 0.8394582068410895, 0.8636548325227175], [0.0, 0.0, 0.0, 0.0, 0.0, 0.0, 0.0, 0.0, 0.8421129386311236, 0.8654956504899907], [0.0, 0.0, 0.0, 0.0, 0.0, 0.0, 0.0, 0.0, 0.0, 0.8547187308708768]], "vgg.features.11": [[0.06915085016803628, 0.4362581931612066, 0.6813094850872301, 0.8747917653317236, 0.9973117620057134, 1.190093219050857, 1.1909649517654062, 1.2345952466080268, 1.2516984311827841, 1.2663954720933395], [0.0, 0.42224580738982426, 0.6665431164235169, 0.8653035326015768, 0.9887132414431842, 1.182489911277105, 1.1844770713802477, 1.2276690212508363, 1.24510368223679, 1.2608833627123393], [0.0, 0.0, 0.6776680148384789, 0.8712393803710969, 0.9947585512464392, 1.1895106213213185, 1.1820003650590665, 1.2282207345079539, 1.2381326062954006, 1.2536249979122602], [0.0, 0.0, 0.0, 0.8611867269200154, 0.97576605765734, 1.1692583186048002, 1.1712451754029334, 1.219256849992374, 1.2304987463652417, 1.250606759385993], [0.0, 0.0, 0.0, 0.0, 0.9618918036564604, 1.1539717952094928, 1.1519877712937978, 1.202611471356837, 1.2128763596165366, 1.2328955300270412], [0.0, 0.0, 0.0, 0.0, 0.0, 1.1527719575539335, 1.154837591687503, 1.208369364385238, 1.2204604623796729, 1.23608842308992], [0.0, 0.0, 0.0, 0.0, 0.0, 0.0, 1.1378544195991143, 1.1912467131779656, 1.1989474942767544, 1.2161419027418257], [0.0, 0.0, 0.0, 0.0, 0.0, 0.0, 0.0, 1.1834201396954442, 1.1914006241268293, 1.2121853896424317], [0.0, 0.0, 0.0, 0.0, 0.0, 0.0, 0.0, 0.0, 1.1893916900744617, 1.210704099949018], [0.0, 0.0, 0.0, 0.0, 0.0, 0.0, 0.0, 0.0, 0.0, 1.1899356000823966]], "vgg.features.13": [[0.11791161279703052, 0.7497254927889625, 1.146827106004564, 1.1937460461159035, 1.315357285473886, 1.315211066708178, 1.321766171811836, 1.3571172556694584, 1.3422088163285297, 1.349829134254545], [0.0, 0.7284753036077763, 1.1340106944768973, 1.1786512482906828, 1.3063347075848943, 1.3053310776648148, 1.3157024652920448, 1.3495192597549968, 1.334787525947551, 1.3548752460537463], [0.0, 0.0, 1.1166271067795226, 1.1659781196166024, 1.2966321278745172, 1.3168235080792074, 1.3165525772708377, 1.3549984164871556, 1.3424611986816748, 1.35034230644517], [0.0, 0.0, 0.0, 1.1445475885265155, 1.2497087338896302, 1.3118492293946329, 1.3123975663193765, 1.3650894778863458, 1.341370051341996, 1.3697322971380486], [0.0, 0.0, 0.0, 0.0, 1.2473695669118308, 1.3177986890923576, 1.3063437232984028, 1.3523923155464543, 1.3382813314173647, 1.3545244041211275], [0.0, 0.0, 0.0, 0.0, 0.0, 1.324603831569377, 1.3089687710390758, 1.363720267907332, 1.342069591983361, 1.351542165946776], [0.0, 0.0, 0.0, 0.0, 0.0, 0.0, 1.3003909658315316, 1.358569637533129, 1.3321483579607152, 1.343120700909677], [0.0, 0.0, 0.0, 0.0, 0.0, 0.0, 0.0, 1.36037837379444, 1.3275143479134683, 1.3503284864044867], [0.0, 0.0, 0.0, 0.0, 0.0, 0.0, 0.0, 0.0, 1.336034938036083, 1.3630250989522366], [0.0, 0.0, 0.0, 0.0, 0.0, 0.0, 0.0, 0.0, 0.0, 1.3447403550545756]]}