{"vgg.features.3": [[0.03549873444690478, 0.2450398981086351, 0.3366557607153188, 0.361594563340963, 0.41129681297904347, 0.449223320226743, 0.47757180265501836, 0.5002498472753968, 0.5046561164381715, 0.5135682933637031], [0.2450398981086351, 0.23927085440856063, 0.3319758210497752, 0.3578902086825198, 0.407981544050111, 0.444885106354825, 0.4734785340503549, 0.49557926359433674, 0.501014274217243, 0.5098017331354813], [0.3366557607153188, 0.3319758210497752, 0.3279758048564984, 0.3542605504453022, 0.4041874929769619, 0.4406699496406011, 0.4688647664881998, 0.4905841608443408, 0.49614109884314883, 0.5045437513064158], [0.361594563340963, 0.3578902086825198, 0.3542605504453022, 0.3510112924619029, 0.40147861385023825, 0.43624576457435044, 0.46491709188492936, 0.4861287954395803, 0.4922572791431667, 0.5001152946687889], [0.41129681297904347, 0.407981544050111, 0.4041874929769619, 0.40147861385023825, 0.39790268370300247, 0.43125777511298885, 0.460308276077471, 0.48125956670875314, 0.4877426143559339, 0.4953425889997257], [0.449223320226743, 0.444885106354825, 0.4406699496406011, 0.43624576457435044, 0.43125777511298885, 0.4250832308422991, 0.4544203663185692, 0.4751973210824078, 0.4832188863777856, 0.4900039409645096], [0.47757180265501836, 0.4734785340503549, 0.4688647664881998, 0.46491709188492936, 0.460308276077471, 0.4544203663185692, 0.45165617129779023, 0.47192741768651514, 0.48012175036278193, 0.4866443269221695], [0.5002498472753968, 0.49557926359433674, 0.4905841608443408, 0.4861287954395803, 0.48125956670875314, 0.4751973210824078, 0.47192741768651514, 0.4680823902614098, 0.47896742215322313, 0.484256676967613], [0.5046561164381715, 0.501014274217243, 0.49614109884314883, 0.4922572791431667, 0.4877426143559339, 0.4832188863777856, 0.48012175036278193, 0.47896742215322313, 0.4773563172211649, 0.48229453322170907], [0.5135682933637031, 0.5098017331354813, 0.5045437513064158, 0.5001152946687889, 0.4953425889997257, 0.4900039409645096, 0.4866443269221695, 0.484256676967613, 0.48229453322170907, 0.47704460044376823]], "vgg.features.6": [[0.050985675789561674, 0.2509807691821934, 0.3357805932004442, 0.38074257005640944, 0.4389688219737835, 0.5416741388506019, 0.5010064922058848, 0.550557242949762, 0.5287303389882007, 0.54552831421408], [0.2509807691821934, 0.24225736796598643, 0.3262369069142295, 0.3718417640507142, 0.43040962161588325, 0.532138479664199, 0.49301304442891714, 0.5416776842401698, 0.5227060594813874, 0.5389244326617755], [0.3357805932004442, 0.3262369069142295, 0.330473682550758, 0.3766158273264299, 0.43246857415139617, 0.5349651442955725, 0.49277698560825817, 0.5419929579048777, 0.5234176779993517, 0.5378189953117776], [0.38074257005640944, 0.3718417640507142, 0.3766158273264299, 0.39228632362526217, 0.44050485333666095, 0.5367730285561491, 0.49815127226422895, 0.5433233645449086, 0.5258816762398131, 0.5396599615385738], [0.4389688219737835, 0.43040962161588325, 0.43246857415139617, 0.44050485333666095, 0.44508182149585407, 0.5394297597316748, 0.5017632618511921, 0.5483102267162018, 0.531732343749211, 0.5444306352415119], [0.5416741388506019, 0.532138479664199, 0.5349651442955725, 0.5367730285561491, 0.5394297597316748, 0.5360908418520738, 0.4976492887849518, 0.5448178272873597, 0.5303493424248035, 0.5408438536270325], [0.5010064922058848, 0.49301304442891714, 0.49277698560825817, 0.49815127226422895, 0.5017632618511921, 0.4976492887849518, 0.4935502846700031, 0.5402811573256964, 0.5275805205685756, 0.5379371291945988], [0.550557242949762, 0.5416776842401698, 0.5419929579048777, 0.5433233645449086, 0.5483102267162018, 0.5448178272873597, 0.5402811573256964, 0.5364281882908647, 0.5243899526279763, 0.5332413195767769], [0.5287303389882007, 0.5227060594813874, 0.5234176779993517, 0.5258816762398131, 0.531732343749211, 0.5303493424248035, 0.5275805205685756, 0.5243899526279763, 0.5275271870968147, 0.536176331759522], [0.54552831421408, 0.5389244326617755, 0.5378189953117776, 0.5396599615385738, 0.5444306352415119, 0.5408438536270325, 0.5379371291945988, 0.5332413195767769, 0.536176331759522, 0.5336086385250279]], "vgg.features.8": [[0.05456210627372703, 0.3340656044950882, 0.4925597939942548, 0.5472013639176517, 0.682321801609648, 0.8712660758613069, 0.8177862598494207, 0.9158875192622866, 0.8965871449875863, 0.9242319244388076], [0.3340656044950882, 0.32726941928731873, 0.47986933504246004, 0.5350047064597153, 0.6688284636100023, 0.8564537801099629, 0.8055425443886736, 0.9012290627303041, 0.8870494516173429, 0.9150730839887684], [0.4925597939942548, 0.47986933504246004, 0.4767153772107241, 0.5342471688097303, 0.6671536602677932, 0.862555060789304, 0.8078059828284218, 0.9065353280770339, 0.889494464451779, 0.9186533097379118], [0.5472013639176517, 0.5350047064597153, 0.5342471688097303, 0.5200172004179745, 0.647630414993423, 0.8365683647128174, 0.7881649879106415, 0.8832696711044487, 0.8702871181920349, 0.9002413564204909], [0.682321801609648, 0.6688284636100023, 0.6671536602677932, 0.647630414993423, 0.6401278092810541, 0.830557270312751, 0.7827235651681391, 0.8778272824844955, 0.865535766584732, 0.8948564727808898], [0.8712660758613069, 0.8564537801099629, 0.862555060789304, 0.8365683647128174, 0.830557270312751, 0.8243831662864858, 0.7770558202454895, 0.8743251968400061, 0.8630364622355772, 0.8900032414815624], [0.8177862598494207, 0.8055425443886736, 0.8078059828284218, 0.7881649879106415, 0.7827235651681391, 0.7770558202454895, 0.767522898119103, 0.8643689938421542, 0.8538224052957211, 0.881715717070791], [0.9158875192622866, 0.9012290627303041, 0.9065353280770339, 0.8832696711044487, 0.8778272824844955, 0.8743251968400061, 0.8643689938421542, 0.8535165146076454, 0.8428471143136084, 0.8710574629922031], [0.8965871449875863, 0.8870494516173429, 0.889494464451779, 0.8702871181920349, 0.865535766584732, 0.8630364622355772, 0.8538224052957211, 0.8428471143136084, 0.8456386970769104, 0.8728493399306065], [0.9242319244388076, 0.9150730839887684, 0.9186533097379118, 0.9002413564204909, 0.8948564727808898, 0.8900032414815624, 0.881715717070791, 0.8710574629922031, 0.8728493399306065, 0.861712715396842]],