{"vgg.features.3": [[0.03545172955982527, 0.24681668201133458, 0.33616022730735506, 0.35870576466421805, 0.4083542257981261, 0.444321199833551, 0.47222618056740573, 0.497001608430618, 0.5019275630448921, 0.5127672834415832], [0.24681668201133458, 0.24109256067317578, 0.3313973013277743, 0.3548686187892739, 0.4049768717371379, 0.4398824263666681, 0.46800491344332396, 0.4922247682220048, 0.4982376140134036, 0.5089248811339783], [0.33616022730735506, 0.3313973013277743, 0.3273533280010045, 0.3512038795877606, 0.4011546450498642, 0.4354895673501144, 0.46324502345083945, 0.48709317919218803, 0.49331149845127215, 0.503588803967282], [0.35870576466421805, 0.3548686187892739, 0.3512038795877606, 0.3480975751754246, 0.3986112796109086, 0.4312524520253246, 0.45947433775291163, 0.48275464688178527, 0.4895719601138088, 0.4992892264548818], [0.4083542257981261, 0.4049768717371379, 0.4011546450498642, 0.3986112796109086, 0.3949060617015409, 0.4261945458808191, 0.4547854358574572, 0.4778782299640463, 0.4850875538259954, 0.49452014894559887], [0.444321199833551, 0.4398824263666681, 0.4354895673501144, 0.4312524520253246, 0.4261945458808191, 0.42063124796102014, 0.4495164210040414, 0.4724923522417234, 0.48119986934039555, 0.4897554757091408], [0.47222618056740573, 0.46800491344332396, 0.46324502345083945, 0.45947433775291163, 0.4547854358574572, 0.4495164210040414, 0.4467042895613195, 0.46931609540829083, 0.47812483485913915, 0.48643691615508694], [0.497001608430618, 0.4922247682220048, 0.48709317919218803, 0.48275464688178527, 0.4778782299640463, 0.4724923522417234, 0.46931609540829083, 0.4660925127086763, 0.47762652849225756, 0.48458330200231614], [0.5019275630448921, 0.4982376140134036, 0.49331149845127215, 0.4895719601138088, 0.4850875538259954, 0.48119986934039555, 0.47812483485913915, 0.47762652849225756, 0.47582710473212847, 0.4823755021870495], [0.5127672834415832, 0.5089248811339783, 0.503588803967282, 0.4992892264548818, 0.49452014894559887, 0.4897554757091408, 0.48643691615508694, 0.48458330200231614, 0.4823755021870495, 0.4774943258702958]], "vgg.features.6": [[0.0517328446759125, 0.25581844057937014, 0.3406857715022564, 0.3842813622464983, 0.441303008441442, 0.5372243749211326, 0.5015818293690628, 0.5508899682374504, 0.5265410816127076, 0.5436191831772491], [0.25581844057937014, 0.24667795838524423, 0.33070111496994603, 0.3750301553805418, 0.43250474466713135, 0.5272411080957482, 0.49339793081043865, 0.5417068385476347, 0.5203938753476391, 0.5368075606075384], [0.3406857715022564, 0.33070111496994603, 0.3346998644202256, 0.37964807189650007, 0.4343332881307604, 0.5300581275331511, 0.4930459586002212, 0.5420464366954858, 0.5212221464223724, 0.5358915791711557], [0.3842813622464983, 0.3750301553805418, 0.37964807189650007, 0.39628578356080907, 0.44384936650891227, 0.5339142817421009, 0.5004852629331804, 0.5451237238258597, 0.525471840692942, 0.539657103937652], [0.441303008441442, 0.43250474466713135, 0.4343332881307604, 0.44384936650891227, 0.4482566028925571, 0.5367998468427526, 0.5042760664444844, 0.5504719758013588, 0.5317142306965967, 0.5449293006483317], [0.5372243749211326, 0.5272411080957482, 0.5300581275331511, 0.5339142817421009, 0.5367998468427526, 0.5351965752879346, 0.5019687826599661, 0.5486575511208054, 0.531784352112219, 0.542749856702897], [0.5015818293690628, 0.49339793081043865, 0.4930459586002212, 0.5004852629331804, 0.5042760664444844, 0.5019687826599661, 0.4975817010008059, 0.5439537354348419, 0.5285550598426701, 0.5394244640115314], [0.5508899682374504, 0.5417068385476347, 0.5420464366954858, 0.5451237238258597, 0.5504719758013588, 0.5486575511208054, 0.5439537354348419, 0.540855765170444, 0.5261509585854062, 0.5355408422239586], [0.5265410816127076, 0.5203938753476391, 0.5212221464223724, 0.525471840692942, 0.5317142306965967, 0.531784352112219, 0.5285550598426701, 0.5261509585854062, 0.5291384987814103, 0.5381996007180553], [0.5436191831772491, 0.5368075606075384, 0.5358915791711557, 0.539657103937652, 0.5449293006483317, 0.542749856702897, 0.5394244640115314, 0.5355408422239586, 0.5381996007180553, 0.5353957099283077]], "vgg.features.8": [[0.05553220098993376, 0.33153209093857433, 0.494509010543074, 0.5433153365157761, 0.6787350912330359, 0.8630590899182344, 0.810403416788663, 0.9082356895061975, 0.8884036219436133, 0.9186793829969151], [0.33153209093857433, 0.3241009798678477, 0.48106731219151105, 0.530437211607154, 0.6646626403408612, 0.8470417799578479, 0.7974588200420962, 0.8923498958130677, 0.8780851509125247, 0.9086351079474593], [0.494509010543074, 0.48106731219151105, 0.47721825204678586, 0.52869352204716, 0.6615641353967495, 0.8521192430226849, 0.7982564911939259, 0.8966079923114901, 0.8799942657069624, 0.9117845513860293], [0.5433153365157761, 0.530437211607154, 0.52869352204716, 0.5167578673519895, 0.6445776879869896, 0.8280824953060525, 0.7811778305664269, 0.8752510038995025, 0.8628161314889438, 0.8952170428246499], [0.6787350912330359, 0.6646626403408612, 0.6615641353967495, 0.6445776879869896, 0.6366373826968336, 0.8221525592488994, 0.7759229763666433, 0.8700923182812038, 0.8586646078891118, 0.8907161347189053], [0.8630590899182344, 0.8470417799578479, 0.8521192430226849, 0.8280824953060525, 0.8221525592488994, 0.8188409331477766, 0.7731236914302637, 0.8692855062426331, 0.8584352630643034, 0.8879807275910239], [0.810403416788663, 0.7974588200420962, 0.7982564911939259, 0.7811778305664269, 0.7759229763666433, 0.7731236914302637, 0.763230028121294, 0.8591094200213981, 0.8487667609661493, 0.879359473623061], [0.9082356895061975, 0.8923498958130677, 0.8966079923114901, 0.8752510038995025, 0.8700923182812038, 0.8692855062426331, 0.8591094200213981, 0.8505413833692183, 0.840126482400191, 0.8710932573466358], [0.8884036219436133, 0.8780851509125247, 0.8799942657069624, 0.8628161314889438, 0.8586646078891118, 0.8584352630643034, 0.8487667609661493, 0.840126482400191, 0.8441104705994575, 0.8739667300099497], [0.9186793829969151, 0.9086351079474593, 0.9117845513860293, 0.8952170428246499, 0.8907161347189053, 0.8879807275910239, 0.879359473623061, 0.8710932573466358, 0.8739667300099497, 0.8622122993281831]],