{"vgg.features.3": [[0.04068428276973359, 0.316399538283356, 0.405708954203402, 0.45352513657189086, 0.5060331920271459, 0.5389168932797666, 0.5749524889260654, 0.5970235287917324, 0.6105292736866973, 0.6245494274052125], [0.0, 0.31382436108065437, 0.4031786444339658, 0.4511117760917612, 0.5033356851945376, 0.5362742882359122, 0.5725153578331724, 0.5943767978860865, 0.6082139332879751, 0.6222436370122529], [0.0, 0.0, 0.40062482888877143, 0.4488380053884301, 0.5006700992276083, 0.5334940154083063, 0.5697328119471397, 0.5916535132816502, 0.6055118863698021, 0.6195581041437792], [0.0, 0.0, 0.0, 0.446454755541031, 0.49827864124769317, 0.5310409488438191, 0.567380802555451, 0.5891861787995666, 0.603060559833542, 0.6169832732327181], [0.0, 0.0, 0.0, 0.0, 0.495448903583859, 0.527798191046861, 0.5643542567137275, 0.5860989742486226, 0.6003297887087047, 0.6142372282877464], [0.0, 0.0, 0.0, 0.0, 0.0, 0.5251046026236184, 0.5618195467271091, 0.5835876848794865, 0.5983907055813529, 0.6120362187406622], [0.0, 0.0, 0.0, 0.0, 0.0, 0.0, 0.5594671109898778, 0.5810990572771265, 0.5961262958907809, 0.6097267047013766], [0.0, 0.0, 0.0, 0.0, 0.0, 0.0, 0.0, 0.5782959221855151, 0.594597089235871, 0.6078601184435607], [0.0, 0.0, 0.0, 0.0, 0.0, 0.0, 0.0, 0.0, 0.5917847359203748, 0.605164339338112], [0.0, 0.0, 0.0, 0.0, 0.0, 0.0, 0.0, 0.0, 0.0, 0.6035277459321917]], "vgg.features.6": [[0.05113307076082949, 0.3427020514257299, 0.4366322726922002, 0.4831184895797812, 0.5380934630250986, 0.582729220912616, 0.6076970797874557, 0.6369978967717215, 0.6356657799964298, 0.6478272475476602], [0.0, 0.3382872975996847, 0.43244158538553173, 0.47939937362534496, 0.5341599575857886, 0.5784452989839223, 0.6038901826686573, 0.6325777509907207, 0.6322707038401437, 0.6443568215888039], [0.0, 0.0, 0.4297684149384656, 0.4772674369023542, 0.531496606551752, 0.5756779116252265, 0.6008823373074776, 0.6294252247399508, 0.6295264690134336, 0.6414712861176743], [0.0, 0.0, 0.0, 0.47544710630720866, 0.5288992221449422, 0.5725044654820053, 0.5981140600702302, 0.6258016310168847, 0.6263410540662462, 0.6380511783540749], [0.0, 0.0, 0.0, 0.0, 0.5269491250002133, 0.5694768421079572, 0.5955814575359849, 0.6230014103615701, 0.6244540099180982, 0.6359517441309659], [0.0, 0.0, 0.0, 0.0, 0.0, 0.5660717436045373, 0.5924603193979858, 0.6197191392472331, 0.6222859724025428, 0.6332650905437899], [0.0, 0.0, 0.0, 0.0, 0.0, 0.0, 0.5897034175436578, 0.6165375745836005, 0.6196292350292987, 0.6303958818305737], [0.0, 0.0, 0.0, 0.0, 0.0, 0.0, 0.0, 0.6125076811248604, 0.6176482604432394, 0.6277347950986125], [0.0, 0.0, 0.0, 0.0, 0.0, 0.0, 0.0, 0.0, 0.6162569240567458, 0.6263651524014656], [0.0, 0.0, 0.0, 0.0, 0.0, 0.0, 0.0, 0.0, 0.0, 0.6246078338008986]], "vgg.features.8": [[0.07961011612729439, 0.406113960417699, 0.5134544478987756, 0.5701580969444134, 0.6366547911184691, 0.7049303251630409, 0.7284024212587007, 0.7712016804434548, 0.7731905520631376, 0.7964393528976852], [0.0, 0.4014052489311745, 0.5090899004641165, 0.5665463402454965, 0.6325064710491949, 0.7002785005970008, 0.7245203870028302, 0.7667051649866969, 0.7697205207104332, 0.7928735444560157], [0.0, 0.0, 0.5071998042110577, 0.5646669847124974, 0.6303234787662394, 0.6984118872868481, 0.7223104311006657, 0.7642745787138003, 0.767663838861943, 0.7906806784942932], [0.0, 0.0, 0.0, 0.5668942860434684, 0.629999093593536, 0.6958928539142406, 0.7207197054702077, 0.7613006398949573, 0.7652894541561548, 0.7875903657948312], [0.0, 0.0, 0.0, 0.0, 0.6302035327404937, 0.694398869765478, 0.7200161901857309, 0.7603008921099762, 0.765013136270227, 0.7870548659586121], [0.0, 0.0, 0.0, 0.0, 0.0, 0.691673595978379, 0.7168088831806259, 0.7569890720916944, 0.7629572286562458, 0.7839583343460982], [0.0, 0.0, 0.0, 0.0, 0.0, 0.0, 0.7128295749309809, 0.7526448317769855, 0.7595104645652577, 0.7802942154059597], [0.0, 0.0, 0.0, 0.0, 0.0, 0.0, 0.0, 0.7488348953974715, 0.7575038814226133, 0.7775245857244911], [0.0, 0.0, 0.0, 0.0, 0.0, 0.0, 0.0, 0.0, 0.75690114554611, 0.7768539809961232], [0.0, 0.0, 0.0, 0.0, 0.0, 0.0, 0.0, 0.0, 0.0, 0.7743714810640155]], "vgg.features.11": [[0.09338188467970392, 0.4437679950989346, 0.585380137758253, 0.6660630653157672, 0.7656277944274784, 0.878917171269786, 0.8943368075832522, 0.9684014501541717, 0.9593684962187252, 0.9992059262544308], [0.0, 0.4373985305745071, 0.5777015654829647, 0.6595528054498699, 0.7592712598191678, 0.8722071472951447, 0.8886619774146717, 0.9621222760268358, 0.9540915898320906, 0.9940955008253425], [0.0, 0.0, 0.5770289880184002, 0.6592908080716727, 0.7588833654607786, 0.8722996155167527, 0.8878956303499808, 0.9611595246781999, 0.9532565152495512, 0.993372693976244], [0.0, 0.0, 0.0, 0.655829531746678, 0.7532617141071628, 0.8645931906000527, 0.8822683650649695, 0.9544934567121134, 0.9468809864551073, 0.9872956015919845], [0.0, 0.0, 0.0, 0.0, 0.749191429224712, 0.8594234538127136, 0.8774701690660383, 0.9496854476945037, 0.9427303424213881, 0.9826382658820838], [0.0, 0.0, 0.0, 0.0, 0.0, 0.8554261336820363, 0.8741777050281044, 0.9461900270205814, 0.9408360755031399, 0.9799946591653161], [0.0, 0.0, 0.0, 0.0, 0.0, 0.0, 0.8686912113497675, 0.9404603466516664, 0.935536603176422, 0.9751945387297063], [0.0, 0.0, 0.0, 0.0, 0.0, 0.0, 0.0, 0.9333209005063249, 0.9303796675470696, 0.9698448059184993], [0.0, 0.0, 0.0, 0.0, 0.0, 0.0, 0.0, 0.0, 0.9298706047028769, 0.9689892174704315], [0.0, 0.0, 0.0, 0.0, 0.0, 0.0, 0.0, 0.0, 0.0, 0.963775259709647]], "vgg.features.13": [[0.13722646342240302, 0.5997300130783331, 0.7919900169434261, 0.928359079412867, 1.0429994632290067, 1.1597659094407105, 1.190001634331236, 1.252557804428028, 1.2536229904327827, 1.285391735896824], [0.0, 0.5908134231269381, 0.7832081062680433, 0.9220276288831233, 1.037705412934994, 1.1555914111699, 1.186898187307935, 1.2490480993040016, 1.2506323487346467, 1.2831425893532633], [0.0, 0.0, 0.7844784503863582, 0.9237949978301759, 1.0402626563011381, 1.1591178265159148, 1.1889305209636678, 1.250909170794551, 1.25203986853423, 1.2831929996084057], [0.0, 0.0, 0.0, 0.92162153912083, 1.035765303260792, 1.155024889127393, 1.1869131010931881, 1.2474950408671257, 1.2490033963057183, 1.2808616535316502], [0.0, 0.0, 0.0, 0.0, 1.033293811976398, 1.151734025534008, 1.1830724279116467, 1.2444660321854675, 1.2462366046759266, 1.2775832780622203], [0.0, 0.0, 0.0, 0.0, 0.0, 1.149592125573143, 1.1804292054286294, 1.2424521994670645, 1.2448504192717098, 1.2761130393513602], [0.0, 0.0, 0.0, 0.0, 0.0, 0.0, 1.1754210452197622, 1.2382967834650231, 1.2403219850775822, 1.2718374594025954], [0.0, 0.0, 0.0, 0.0, 0.0, 0.0, 0.0, 1.2349131996065201, 1.2371481991148199, 1.2695639166132344], [0.0, 0.0, 0.0, 0.0, 0.0, 0.0, 0.0, 0.0, 1.237057452143212, 1.2694377108079677], [0.0, 0.0, 0.0, 0.0, 0.0, 0.0, 0.0, 0.0, 0.0, 1.2656074468566745]]}