{"vgg.features.3": [[0.03565143553275082, 0.2591769046648695, 0.3411491036094547, 0.3630297089180134, 0.41627221127255, 0.4589195424775944, 0.47586649210727355, 0.5032169203613654, 0.5075989627836683, 0.523010686130671], [0.2591769046648695, 0.25378143732293007, 0.3365386628454216, 0.35926837464394545, 0.41315653831524546, 0.454903596864959, 0.47192179624244535, 0.49875410909474094, 0.5042264082925193, 0.5195850147262866], [0.3411491036094547, 0.3365386628454216, 0.33337883591607087, 0.3565334017648192, 0.41014638797899033, 0.4511756194006293, 0.46797769124006344, 0.49431875701999245, 0.5001820063793229, 0.5151214853337425], [0.3630297089180134, 0.35926837464394545, 0.3565334017648192, 0.35370300419540934, 0.407669152779975, 0.4474721856163316, 0.464677626564494, 0.4903042465721312, 0.4968347317887351, 0.511417710022177], [0.41627221127255, 0.41315653831524546, 0.41014638797899033, 0.407669152779975, 0.4041740737626551, 0.4427732322858482, 0.4602918361886326, 0.4854717733484459, 0.4923063674020416, 0.506589226423263], [0.4589195424775944, 0.454903596864959, 0.4511756194006293, 0.4474721856163316, 0.4427732322858482, 0.43836031322549013, 0.45596017798126914, 0.48100097935966296, 0.4889457327123098, 0.5025428987617531], [0.47586649210727355, 0.47192179624244535, 0.46797769124006344, 0.464677626564494, 0.4602918361886326, 0.45596017798126914, 0.4528915894783956, 0.4776861250504019, 0.4857422477234044, 0.49921210537525235], [0.5032169203613654, 0.49875410909474094, 0.49431875701999245, 0.4903042465721312, 0.4854717733484459, 0.48100097935966296, 0.4776861250504019, 0.4746284371305398, 0.485124601872305, 0.497312713468015], [0.5075989627836683, 0.5042264082925193, 0.5001820063793229, 0.4968347317887351, 0.4923063674020416, 0.4889457327123098, 0.4857422477234044, 0.485124601872305, 0.4833537539360272, 0.49519145588202357], [0.523010686130671, 0.5195850147262866, 0.5151214853337425, 0.511417710022177, 0.506589226423263, 0.5025428987617531, 0.49921210537525235, 0.497312713468015, 0.49519145588202357, 0.49067182777496754]], "vgg.features.6": [[0.05032079059279327, 0.2729470996625985, 0.3577861380385645, 0.40025633655658566, 0.4592543337089096, 0.552933272085701, 0.519606622384036, 0.5675760813053391, 0.545315092543141, 0.5622520610138906], [0.2729470996625985, 0.26349892256879665, 0.34730773931519154, 0.39059861967917336, 0.45016571751119083, 0.5429119529640414, 0.5114239211639175, 0.5584345048759384, 0.5389357079221727, 0.5553572540529119], [0.3577861380385645, 0.34730773931519154, 0.35134102429919767, 0.39525189494588664, 0.4519608739304435, 0.5451843059001004, 0.5111644561111124, 0.5587140961488554, 0.5396994079770628, 0.5545834043817319], [0.40025633655658566, 0.39059861967917336, 0.39525189494588664, 0.4091664811251232, 0.45950356492980077, 0.548408291016536, 0.5175162614645024, 0.560899955822481, 0.5431515324247239, 0.5579477896054871], [0.4592543337089096, 0.45016571751119083, 0.4519608739304435, 0.45950356492980077, 0.4627422415200416, 0.5503813344540777, 0.5202146633854924, 0.5646965003990164, 0.5476866586206709, 0.561364454045071], [0.552933272085701, 0.5429119529640414, 0.5451843059001004, 0.548408291016536, 0.5503813344540777, 0.5520553503455802, 0.5210541577003465, 0.5657458086631552, 0.5500151723861256, 0.5618678795900152], [0.519606622384036, 0.5114239211639175, 0.5111644561111124, 0.5175162614645024, 0.5202146633854924, 0.5210541577003465, 0.5165465287419189, 0.5612538210344785, 0.5467153174428055, 0.5584571152550919], [0.5675760813053391, 0.5584345048759384, 0.5587140961488554, 0.560899955822481, 0.5646965003990164, 0.5657458086631552, 0.5612538210344785, 0.5571911363634933, 0.5434436975972157, 0.5537943067594827], [0.545315092543141, 0.5389357079221727, 0.5396994079770628, 0.5431515324247239, 0.5476866586206709, 0.5500151723861256, 0.5467153174428055, 0.5434436975972157, 0.5449021796219173, 0.5550090790146597], [0.5622520610138906, 0.5553572540529119, 0.5545834043817319, 0.5579477896054871, 0.561364454045071, 0.5618678795900152, 0.5584571152550919, 0.5537943067594827, 0.5550090790146597, 0.5515850968658144]], "vgg.features.8": [[0.05508327046340165, 0.34087678155980433, 0.5019029887098546, 0.5533313889407856, 0.6778268553874836, 0.8383416038079291, 0.7958497823433458, 0.8770457220479488, 0.8641584715144446, 0.892775149757291], [0.34087678155980433, 0.33172593365029074, 0.4871995052330534, 0.5394187628055549, 0.6633896457774142, 0.822369236592275, 0.7829851414487161, 0.8614254773254416, 0.853423409016648, 0.8825231421314261], [0.5019029887098546, 0.4871995052330534, 0.4839094262470976, 0.5383053272850102, 0.660228647643829, 0.8251429496831388, 0.7825184349361939, 0.8639673101757589, 0.854178407177433, 0.8844329272224094], [0.5533313889407856, 0.5394187628055549, 0.5383053272850102, 0.5278290794502805, 0.6459122962452554, 0.8056795548269741, 0.7693303204769176, 0.8467718423321661, 0.8407303279752181, 0.8719586617469824], [0.6778268553874836, 0.6633896457774142, 0.660228647643829, 0.6459122962452554, 0.6370537128182536, 0.7985860904492474, 0.7626898137758346, 0.8395754428923522, 0.8343144033920943, 0.8649232750945688], [0.8383416038079291, 0.822369236592275, 0.8251429496831388, 0.8056795548269741, 0.7985860904492474, 0.7981677403069042, 0.7622879468970368, 0.8405633717066399, 0.8350861882990697, 0.8636844689566381], [0.7958497823433458, 0.7829851414487161, 0.7825184349361939, 0.7693303204769176, 0.7626898137758346, 0.7622879468970368, 0.7524253339484637, 0.8308787276646941, 0.8255911221176522, 0.8552246045356257], [0.8770457220479488, 0.8614254773254416, 0.8639673101757589, 0.8467718423321661, 0.8395754428923522, 0.8405633717066399, 0.8308787276646941, 0.8202904695763935, 0.8153230007961719, 0.8452125163606161], [0.8641584715144446, 0.853423409016648, 0.854178407177433, 0.8407303279752181, 0.8343144033920943, 0.8350861882990697, 0.8255911221176522, 0.8153230007961719, 0.8167192913079606, 0.845838416304028], [0.892775149757291, 0.8825231421314261, 0.8844329272224094, 0.8719586617469824, 0.8649232750945688, 0.8636844689566381, 0.8552246045356257, 0.8452125163606161, 0.845838416304028, 0.8343713647014466]],