{"vgg.features.3": [[0.03598607172428926, 0.24982536091204827, 0.33835937451906783, 0.36470579914027995, 0.4158751539025843, 0.4545936963776455, 0.4787997677869324, 0.5041928690300052, 0.5103845353040056, 0.5223497262380495], [0.24982536091204827, 0.24453615723027625, 0.334148110274509, 0.36144548262433035, 0.41315794257778354, 0.45088317375152226, 0.47523487425409683, 0.500109317130657, 0.5073503360679185, 0.519255023350227], [0.33835937451906783, 0.334148110274509, 0.33000459303241986, 0.35781139212838015, 0.4091307711364806, 0.44618537839328387, 0.4702388129077907, 0.49459248040740167, 0.5020903625486831, 0.5136054331277459], [0.36470579914027995, 0.36144548262433035, 0.35781139212838015, 0.3550979699077339, 0.4069168368435967, 0.44247758651230584, 0.46696699256208885, 0.4907753419785083, 0.49883881548691883, 0.5099034776862907], [0.4158751539025843, 0.41315794257778354, 0.4091307711364806, 0.4069168368435967, 0.40310860343872484, 0.4374984875036587, 0.46221286583824606, 0.48561961225902506, 0.4939276905186662, 0.5047645682596245], [0.4545936963776455, 0.45088317375152226, 0.44618537839328387, 0.44247758651230584, 0.4374984875036587, 0.4320279101267587, 0.45696642713438795, 0.48015129093458037, 0.48966608024778036, 0.4998587882926792], [0.4787997677869324, 0.47523487425409683, 0.4702388129077907, 0.46696699256208885, 0.46221286583824606, 0.45696642713438795, 0.4539844351415832, 0.47674843416328333, 0.48635627569263207, 0.4963603073515753], [0.5041928690300052, 0.500109317130657, 0.49459248040740167, 0.4907753419785083, 0.48561961225902506, 0.48015129093458037, 0.47674843416328333, 0.47244452122361424, 0.4843275554364269, 0.49315332648662435], [0.5103845353040056, 0.5073503360679185, 0.5020903625486831, 0.49883881548691883, 0.4939276905186662, 0.48966608024778036, 0.48635627569263207, 0.4843275554364269, 0.48269699688235157, 0.49118278836223234], [0.5223497262380495, 0.519255023350227, 0.5136054331277459, 0.5099034776862907, 0.5047645682596245, 0.4998587882926792, 0.4963603073515753, 0.49315332648662435, 0.49118278836223234, 0.4854462695649962]], "vgg.features.6": [[0.050797706951579286, 0.2538812286858555, 0.34006693265468924, 0.3819997492169297, 0.441383270060598, 0.54069194362096, 0.5042855742788597, 0.5544903034391258, 0.5394700166452217, 0.5575127357721692], [0.2538812286858555, 0.24578425952107338, 0.3310603422739343, 0.37369981173721206, 0.4336394139632054, 0.5319518740902305, 0.49732178930373044, 0.5466932749893146, 0.5345424776137379, 0.5521109462780088], [0.34006693265468924, 0.3310603422739343, 0.33417300842136327, 0.3776337377899263, 0.43428089241052487, 0.5329539594935927, 0.4952362585593869, 0.5449609778678929, 0.5331192620156521, 0.5488741501982636], [0.3819997492169297, 0.37369981173721206, 0.3776337377899263, 0.393913026788451, 0.4437984443781583, 0.5371132653415224, 0.5029258171658875, 0.548670040974344, 0.5377983356289814, 0.5532521368016479], [0.441383270060598, 0.4336394139632054, 0.43428089241052487, 0.4437984443781583, 0.44778028635060335, 0.539739722429574, 0.5061696431902419, 0.5530710650519233, 0.5426800366011069, 0.5569856213478657], [0.54069194362096, 0.5319518740902305, 0.5329539594935927, 0.5371132653415224, 0.539739722429574, 0.5384513970979197, 0.5039181556067232, 0.5514378564442873, 0.542360415062285, 0.5548902035829039], [0.5042855742788597, 0.49732178930373044, 0.4952362585593869, 0.5029258171658875, 0.5061696431902419, 0.5039181556067232, 0.5002533764436046, 0.5475971536154209, 0.540008603521944, 0.5522925124446867], [0.5544903034391258, 0.5466932749893146, 0.5449609778678929, 0.548670040974344, 0.5530710650519233, 0.5514378564442873, 0.5475971536154209, 0.5426319515986379, 0.5352240249065107, 0.5459995387196854], [0.5394700166452217, 0.5345424776137379, 0.5331192620156521, 0.5377983356289814, 0.5426800366011069, 0.542360415062285, 0.540008603521944, 0.5352240249065107, 0.5379226387122066, 0.5485526285491008], [0.5575127357721692, 0.5521109462780088, 0.5488741501982636, 0.5532521368016479, 0.5569856213478657, 0.5548902035829039, 0.5522925124446867, 0.5459995387196854, 0.5485526285491008, 0.5448367745407564]], "vgg.features.8": [[0.05546494938656167, 0.3336447977925006, 0.49729673012179765, 0.5453543709781942, 0.6807977821671171, 0.8623716783702475, 0.8116399175176612, 0.9022124032884684, 0.8953293194458217, 0.9240290907871305], [0.3336447977925006, 0.3279872025801159, 0.4855952229665503, 0.5344168799192565, 0.6691609636450868, 0.8491484342437856, 0.8014785098066034, 0.8897200844601929, 0.8880277931249652, 0.9173337296870095], [0.49729673012179765, 0.4855952229665503, 0.4791756132822274, 0.5306841943875026, 0.6636765035306226, 0.8499591098412764, 0.7981362841210339, 0.8892289238977011, 0.8850497702954614, 0.9155177977857574], [0.5453543709781942, 0.5344168799192565, 0.5306841943875026, 0.5195512004698597, 0.6483979918659719, 0.8281724731091152, 0.7830860029979094, 0.870550487807508, 0.8703087549765983, 0.9019044501580515], [0.6807977821671171, 0.6691609636450868, 0.6636765035306226, 0.6483979918659719, 0.6410540754410156, 0.8226880345342151, 0.7776620992554676, 0.8647492692603251, 0.8650894139817056, 0.8961049569872794], [0.8623716783702475, 0.8491484342437856, 0.8499591098412764, 0.8281724731091152, 0.8226880345342151, 0.8194844140341501, 0.7743884138101501, 0.8639274144991215, 0.8639797645365751, 0.8935492459740384], [0.8116399175176612, 0.8014785098066034, 0.7981362841210339, 0.7830860029979094, 0.7776620992554676, 0.7743884138101501, 0.7664240534250008, 0.8558678319561939, 0.8565367434111105, 0.8868826271677869], [0.9022124032884684, 0.8897200844601929, 0.8892289238977011, 0.870550487807508, 0.8647492692603251, 0.8639274144991215, 0.8558678319561939, 0.8441910561979048, 0.8441501333884713, 0.874824327647203], [0.8953293194458217, 0.8880277931249652, 0.8850497702954614, 0.8703087549765983, 0.8650894139817056, 0.8639797645365751, 0.8565367434111105, 0.8441501333884713, 0.8468740090739366, 0.8767819306319455], [0.9240290907871305, 0.9173337296870095, 0.9155177977857574, 0.9019044501580515, 0.8961049569872794, 0.8935492459740384, 0.8868826271677869, 0.874824327647203, 0.8767819306319455, 0.8654538604057127]],