{"vgg.features.3": [[0.040522761983948524, 0.32054424589911745, 0.4109695489231284, 0.4594027583616693, 0.5116550242075344, 0.5459408233433273, 0.5815629676491718, 0.6044420814008914, 0.6176193385274412, 0.6326558787496117], [0.0, 0.3181069062771995, 0.40861029646915914, 0.45713495975960444, 0.5091434632569884, 0.5434578756573363, 0.5792340306822521, 0.6019333650699422, 0.6154387736636094, 0.6304849601020213], [0.0, 0.0, 0.4062213747403987, 0.4550222828446781, 0.5065578997823398, 0.5407668395468135, 0.5765690645324093, 0.5992791489975954, 0.612817703114599, 0.627874427824697], [0.0, 0.0, 0.0, 0.45265682890488695, 0.5041701478892807, 0.5383166044492611, 0.5742136339245522, 0.596804555014725, 0.610392023234564, 0.6253574212069626], [0.0, 0.0, 0.0, 0.0, 0.501488903325101, 0.5352491506739303, 0.5713248012586619, 0.5938127589290547, 0.6077099196850149, 0.6226558406409725], [0.0, 0.0, 0.0, 0.0, 0.0, 0.532573815356449, 0.5687865618587, 0.5912771211909661, 0.6056973200263562, 0.6204308916731184], [0.0, 0.0, 0.0, 0.0, 0.0, 0.0, 0.5664753732462475, 0.5888317936823867, 0.6034549626334521, 0.6181488038876634], [0.0, 0.0, 0.0, 0.0, 0.0, 0.0, 0.0, 0.5858886978631432, 0.6017077462696919, 0.6160825182846684], [0.0, 0.0, 0.0, 0.0, 0.0, 0.0, 0.0, 0.0, 0.5991233690600416, 0.6135952144479487], [0.0, 0.0, 0.0, 0.0, 0.0, 0.0, 0.0, 0.0, 0.0, 0.6118394923526075]], "vgg.features.6": [[0.05170019305046319, 0.3515340804911071, 0.4463938729195557, 0.4946789540446962, 0.5494570728742637, 0.5966028033977019, 0.621082120194773, 0.6528024692285084, 0.6520215573493274, 0.6658728153101722], [0.0, 0.3473653487108633, 0.44244271201615576, 0.49118525878133246, 0.5457525287484664, 0.5925364215231594, 0.6174117042938227, 0.6485525798399023, 0.6487716127151831, 0.6625779969978128], [0.0, 0.0, 0.4396455575791764, 0.4889576612380216, 0.5429680210053945, 0.5895540984243677, 0.614260704254199, 0.6451982991772413, 0.6458120782946519, 0.659435486714296], [0.0, 0.0, 0.0, 0.4869676071121181, 0.5402634330475068, 0.5862917319564814, 0.611419084981573, 0.6415691971844145, 0.6426202108870963, 0.656045608688346], [0.0, 0.0, 0.0, 0.0, 0.5383084663108828, 0.5833573482097724, 0.6088841339046135, 0.6386582530259993, 0.6405892089018288, 0.6537837122227632], [0.0, 0.0, 0.0, 0.0, 0.0, 0.5798485360492796, 0.605658583049731, 0.6352514422874459, 0.6381376335532813, 0.6509178472306371], [0.0, 0.0, 0.0, 0.0, 0.0, 0.0, 0.6030023363503771, 0.6322016131039484, 0.6355639745098665, 0.6481705020988117], [0.0, 0.0, 0.0, 0.0, 0.0, 0.0, 0.0, 0.6275294577734998, 0.6328416381709311, 0.6447586863380048], [0.0, 0.0, 0.0, 0.0, 0.0, 0.0, 0.0, 0.0, 0.6315804115073629, 0.6435127117410486], [0.0, 0.0, 0.0, 0.0, 0.0, 0.0, 0.0, 0.0, 0.0, 0.6411819601055662]], "vgg.features.8": [[0.08158240167374099, 0.41341892658849466, 0.5229471986173361, 0.5816036554405805, 0.64747939045231, 0.7171437751610293, 0.7405590705748396, 0.7843994756970559, 0.7883402586826312, 0.8127549047347241], [0.0, 0.408966426807676, 0.5187562250660426, 0.5781026629372112, 0.6435154932429491, 0.7127240262760421, 0.7367956160450434, 0.7800889000032877, 0.7850057163346615, 0.8093908577796584], [0.0, 0.0, 0.5164041008784525, 0.5760092416020444, 0.641060278173461, 0.7102726352268467, 0.7342005578056119, 0.7770979674361651, 0.7823846030783751, 0.8066234783281054], [0.0, 0.0, 0.0, 0.5779352052851271, 0.640660810667546, 0.7076739626193463, 0.7324543928597781, 0.7740064205622474, 0.7798733704451047, 0.8034332634416727], [0.0, 0.0, 0.0, 0.0, 0.6405734516011876, 0.7060142324737547, 0.7315133419307601, 0.7726908329049201, 0.7792188660113427, 0.8025029309290121], [0.0, 0.0, 0.0, 0.0, 0.0, 0.7031136082782429, 0.7281067121090089, 0.7691578284280848, 0.7767975239397383, 0.7992335437992305], [0.0, 0.0, 0.0, 0.0, 0.0, 0.0, 0.7243485107239402, 0.765093432409395, 0.7735804011174041, 0.7957948863430617], [0.0, 0.0, 0.0, 0.0, 0.0, 0.0, 0.0, 0.7603620395677702, 0.7705588127806589, 0.7919971351155487], [0.0, 0.0, 0.0, 0.0, 0.0, 0.0, 0.0, 0.0, 0.7699859041483677, 0.7913666060334287], [0.0, 0.0, 0.0, 0.0, 0.0, 0.0, 0.0, 0.0, 0.0, 0.7883395863081067]], "vgg.features.11": [[0.09458420658071162, 0.45117725980305595, 0.5947202933898507, 0.6742322891825806, 0.773992265541909, 0.8866672649517886, 0.901287627986589, 0.9735866333309982, 0.9687176025765988, 1.0078379929131707], [0.0, 0.44528212781761545, 0.5873858031690724, 0.6679050097209, 0.7678182333113021, 0.8800900425954711, 0.895695717271853, 0.967453231554445, 0.9635732133335784, 1.0028556380383342], [0.0, 0.0, 0.5858152848302713, 0.6670197916678193, 0.7666373759699363, 0.878929401000958, 0.8940012066085214, 0.965384232970544, 0.961692617211427, 1.001030326918036], [0.0, 0.0, 0.0, 0.6636099169929269, 0.7612112110554854, 0.871422279209227, 0.8885624568436333, 0.9587360801344197, 0.9556208641067746, 0.9953710166368593], [0.0, 0.0, 0.0, 0.0, 0.7568726739924122, 0.8660548369039788, 0.8834804138450059, 0.9532125040669541, 0.9509950288141591, 0.990140324463185], [0.0, 0.0, 0.0, 0.0, 0.0, 0.8619648620968039, 0.8801910296176061, 0.949845145077086, 0.948981506281451, 0.9876303920423799], [0.0, 0.0, 0.0, 0.0, 0.0, 0.0, 0.8750053384543223, 0.9444421390244061, 0.9440784319985283, 0.9832627937433668], [0.0, 0.0, 0.0, 0.0, 0.0, 0.0, 0.0, 0.9362219906821607, 0.9378571439036182, 0.9768556432507379], [0.0, 0.0, 0.0, 0.0, 0.0, 0.0, 0.0, 0.0, 0.9376005283182114, 0.9762456202589691], [0.0, 0.0, 0.0, 0.0, 0.0, 0.0, 0.0, 0.0, 0.0, 0.9706226117027317]], "vgg.features.13": [[0.1376032816536323, 0.6046624028975365, 0.7987177934281953, 0.9329679442180857, 1.0489630591613697, 1.1642764289388514, 1.1925610533565927, 1.252133232191483, 1.255459470447275, 1.2849219093710142], [0.0, 0.5967994642281461, 0.7907522016512046, 0.9270389380999859, 1.0441803611101286, 1.1605009101958186, 1.1897322858127883, 1.2489818456412851, 1.2527142190624299, 1.2828188518135415], [0.0, 0.0, 0.7912358772858253, 0.9282793448886034, 1.0459809079106908, 1.1627737600683254, 1.1909566726796412, 1.250250715224972, 1.253338448197631, 1.282542519007637], [0.0, 0.0, 0.0, 0.9262013665870079, 1.042095343004704, 1.1591562314804844, 1.189397052377508, 1.2477490214751172, 1.2510055203898893, 1.2805350837057174], [0.0, 0.0, 0.0, 0.0, 1.0393085486013616, 1.1554271890734495, 1.1851509481864986, 1.243989962161806, 1.2475516470043782, 1.2768435853808249], [0.0, 0.0, 0.0, 0.0, 0.0, 1.1531679422994112, 1.1826367367024708, 1.2422152706358758, 1.2463447699782302, 1.2755166549592518], [0.0, 0.0, 0.0, 0.0, 0.0, 0.0, 1.177508959115991, 1.2381361692942168, 1.242153272411634, 1.2716515255152803], [0.0, 0.0, 0.0, 0.0, 0.0, 0.0, 0.0, 1.2336987141776545, 1.238412178017477, 1.2684877001694481], [0.0, 0.0, 0.0, 0.0, 0.0, 0.0, 0.0, 0.0, 1.238155592290285, 1.2685777940690335], [0.0, 0.0, 0.0, 0.0, 0.0, 0.0, 0.0, 0.0, 0.0, 1.264446312814891]]}