{"vgg.features.3": [[0.033869476538445034, 0.23981111338270103, 0.33107908759955035, 0.3522066458765031, 0.4008219399958159, 0.43861834551768714, 0.46690412736085096, 0.4908486321614971, 0.49333364232424043, 0.5015009299666184], [0.0, 0.23402145482431427, 0.32616948424049585, 0.3482140687655469, 0.39744754283343475, 0.433965422386671, 0.46246350351335236, 0.48602240906611943, 0.4895834069899096, 0.4975605381986671], [0.0, 0.0, 0.32223698588039046, 0.34457291154242764, 0.39385759489725547, 0.4298440839077571, 0.4579589702322383, 0.48107608093866294, 0.48473435205922294, 0.4921929872064117], [0.0, 0.0, 0.0, 0.3412214263137078, 0.3910765983659944, 0.425066869045706, 0.45361178705348093, 0.4762584952543574, 0.4804767707833362, 0.48736092076539883], [0.0, 0.0, 0.0, 0.0, 0.3879524255103529, 0.4204756038374104, 0.4493643696384332, 0.471865020370311, 0.4763951190872132, 0.4829569247637879], [0.0, 0.0, 0.0, 0.0, 0.0, 0.41441421890706015, 0.44361609436617805, 0.46596400757309914, 0.47197515718207445, 0.4776734189327465], [0.0, 0.0, 0.0, 0.0, 0.0, 0.0, 0.4403519608847139, 0.46234485568795525, 0.46838186871824666, 0.4737752797982756], [0.0, 0.0, 0.0, 0.0, 0.0, 0.0, 0.0, 0.45944872870423675, 0.4680820686546812, 0.4720717695552302], [0.0, 0.0, 0.0, 0.0, 0.0, 0.0, 0.0, 0.0, 0.4665287141062179, 0.47004668669607985], [0.0, 0.0, 0.0, 0.0, 0.0, 0.0, 0.0, 0.0, 0.0, 0.4653998615506554]], "vgg.features.6": [[0.050339746920469025, 0.250456132816788, 0.33811268176642534, 0.38338261980145, 0.4426473138451293, 0.5502143542712965, 0.5066096185019007, 0.5600858356355221, 0.5385660427250474, 0.5549360041584559], [0.0, 0.24129372913230035, 0.3278262338574137, 0.37352259900573925, 0.43335702923669245, 0.5399510530777876, 0.4978108712474541, 0.5505802835897582, 0.5320455619750046, 0.5478333879495494], [0.0, 0.0, 0.3327385514178392, 0.3787944519399912, 0.43598812796080033, 0.5428416875073789, 0.4979403000156686, 0.5512091814475384, 0.5330220716550677, 0.5470455341134072], [0.0, 0.0, 0.0, 0.3934801508791061, 0.4428968919960674, 0.543078296027809, 0.5017675560871905, 0.5507789404917948, 0.5340080927535273, 0.5472958567843842], [0.0, 0.0, 0.0, 0.0, 0.4469465026723703, 0.5445889737384003, 0.5045150228010837, 0.5548080458537835, 0.5388674149131814, 0.5512261389983906], [0.0, 0.0, 0.0, 0.0, 0.0, 0.541931188513244, 0.5012996659603791, 0.5520478491198721, 0.5378034521985949, 0.5482231594895369], [0.0, 0.0, 0.0, 0.0, 0.0, 0.0, 0.49615215269918167, 0.5466529447220201, 0.5337836782453816, 0.5438915865930923], [0.0, 0.0, 0.0, 0.0, 0.0, 0.0, 0.0, 0.5421291095555444, 0.5296020065736072, 0.5385362922786202], [0.0, 0.0, 0.0, 0.0, 0.0, 0.0, 0.0, 0.0, 0.5327278098699951, 0.5413396950718768], [0.0, 0.0, 0.0, 0.0, 0.0, 0.0, 0.0, 0.0, 0.0, 0.5374986318245751]], "vgg.features.8": [[0.05389029815982859, 0.3353100159946503, 0.4971258957624956, 0.5553566888085049, 0.6867120551165299, 0.8627628007880115, 0.8162252677521395, 0.9121541476817192, 0.8950847425000366, 0.9205692231184772], [0.0, 0.328163902500982, 0.48327115404034515, 0.5416268431900887, 0.6717688706643933, 0.8468143284216317, 0.8025471093483124, 0.8962538869187462, 0.8843402291701379, 0.9102094859179346], [0.0, 0.0, 0.4810458097325918, 0.5413645643065739, 0.6707529615705955, 0.8524183983276225, 0.8046458580076901, 0.9012478720119985, 0.8865615060898681, 0.9135338186289381], [0.0, 0.0, 0.0, 0.5246083421209866, 0.6497932264114126, 0.8260241928870334, 0.7839026186729143, 0.877165025704798, 0.8665017599948116, 0.893892556476033], [0.0, 0.0, 0.0, 0.0, 0.6397351416327763, 0.8165075599560014, 0.7749640519549028, 0.8682308254292331, 0.858394840612008, 0.885518504086394], [0.0, 0.0, 0.0, 0.0, 0.0, 0.8107339020186599, 0.7701473765592537, 0.865175436543144, 0.8560535541560258, 0.8810599740533831], [0.0, 0.0, 0.0, 0.0, 0.0, 0.0, 0.7588833654607786, 0.8538032633551287, 0.8449140202527089, 0.8704982272349499], [0.0, 0.0, 0.0, 0.0, 0.0, 0.0, 0.0, 0.8405987329992265, 0.8316079219625195, 0.857912417697846], [0.0, 0.0, 0.0, 0.0, 0.0, 0.0, 0.0, 0.0, 0.8327267500681667, 0.857910605475573], [0.0, 0.0, 0.0, 0.0, 0.0, 0.0, 0.0, 0.0, 0.0, 0.8446829621680206]], "vgg.features.11": [[0.06937133464276281, 0.44347345231274055, 0.6846392462268227, 0.8663344477421187, 0.9822255437007263, 1.1579631327491413, 1.1771138981394025, 1.225298531825655, 1.2444994454543823, 1.2623804116607198], [0.0, 0.429058033709932, 0.6691911526063365, 0.8562476000767746, 0.9733732570337266, 1.1502387632345625, 1.1709004570346906, 1.219301132018652, 1.239636653832651, 1.2584681932484987], [0.0, 0.0, 0.6801559614862429, 0.8616902531388626, 0.9794397014064649, 1.1558970892693736, 1.1678688766406926, 1.2182065994597648, 1.2324815632521875, 1.2503860540137208], [0.0, 0.0, 0.0, 0.8465016921177094, 0.957135801803705, 1.1338487042124794, 1.1545910743413696, 1.207298252182738, 1.2249366006989735, 1.2461611381803241], [0.0, 0.0, 0.0, 0.0, 0.940010118380463, 1.113311466489033, 1.1306049978853099, 1.1855199774656642, 1.2045668333348716, 1.226191311270876], [0.0, 0.0, 0.0, 0.0, 0.0, 1.1114998293401763, 1.1329909546427908, 1.1910064751393759, 1.2114777817976317, 1.2285486099074365], [0.0, 0.0, 0.0, 0.0, 0.0, 0.0, 1.1125940573530408, 1.1697654268436781, 1.188101254944901, 1.207535184714361], [0.0, 0.0, 0.0, 0.0, 0.0, 0.0, 0.0, 1.159278823883923, 1.1788962099656175, 1.2022013856231923], [0.0, 0.0, 0.0, 0.0, 0.0, 0.0, 0.0, 0.0, 1.1752361565665363, 1.1989186404811274], [0.0, 0.0, 0.0, 0.0, 0.0, 0.0, 0.0, 0.0, 0.0, 1.1780207996328032]], "vgg.features.13": [[0.11727249024361866, 0.7492906706424934, 1.125102560824835, 1.1823613673930693, 1.2994686007603329, 1.2923056226677507, 1.3216991957161721, 1.3463231358277319, 1.338153708936257, 1.3740664107800857], [0.0, 0.7235182495177176, 1.102506173103964, 1.165750402208482, 1.2870750760401555, 1.281566531617775, 1.3169712049155986, 1.3401284404399265, 1.3330795038252792, 1.3779534407403335], [0.0, 0.0, 1.0837250655236998, 1.1478576793279345, 1.2725455448485936, 1.2887946999198998, 1.316923020099126, 1.3411963228231956, 1.3391210721136735, 1.3769214514761707], [0.0, 0.0, 0.0, 1.1180267275402058, 1.2166135737115609, 1.2803862506061003, 1.3082108304486364, 1.3551621758409873, 1.3360665919905845, 1.393034375280833], [0.0, 0.0, 0.0, 0.0, 1.2142750966674785, 1.2835613259691456, 1.3005446652415928, 1.3407471331068557, 1.3304169638753367, 1.3810360877818058], [0.0, 0.0, 0.0, 0.0, 0.0, 1.2915636718601806, 1.3031330407068904, 1.355818618784765, 1.3340382155008592, 1.3784258406096188], [0.0, 0.0, 0.0, 0.0, 0.0, 0.0, 1.2936784399789003, 1.3490551177847585, 1.3266390699890043, 1.374769854972996], [0.0, 0.0, 0.0, 0.0, 0.0, 0.0, 0.0, 1.3537210134489237, 1.3291468847568413, 1.3853719237392808], [0.0, 0.0, 0.0, 0.0, 0.0, 0.0, 0.0, 0.0, 1.3368765668264742, 1.3951704560914597], [0.0, 0.0, 0.0, 0.0, 0.0, 0.0, 0.0, 0.0, 0.0, 1.3808373713882973]]}