{"vgg.features.3": [[0.035535120594787514, 0.24798345959976584, 0.33859909540979727, 0.3633989588438745, 0.4117416324889935, 0.4487341740247391, 0.4763950003505199, 0.4976894689502756, 0.5023940135912861, 0.5126388873449985], [0.24798345959976584, 0.24136100746792455, 0.333605341112868, 0.3594394214436072, 0.4079753072348452, 0.4440288083976401, 0.4720598786547786, 0.49276116005671444, 0.4983405638473747, 0.5085050950509917], [0.33859909540979727, 0.333605341112868, 0.3296492227984541, 0.3558082774837528, 0.4042089123163715, 0.4399238181799291, 0.46744445226960607, 0.48788132499816006, 0.4935789546085909, 0.5034785357863112], [0.3633989588438745, 0.3594394214436072, 0.3558082774837528, 0.3523499605701539, 0.4011849685701701, 0.4351631120315861, 0.46331355502859095, 0.4831353822560576, 0.48934653333892786, 0.4986609741158039], [0.4117416324889935, 0.4079753072348452, 0.4042089123163715, 0.4011849685701701, 0.39760903389384455, 0.4302694275168208, 0.4588355636648037, 0.4784726474289541, 0.4850610243231613, 0.49409287081500786], [0.4487341740247391, 0.4440288083976401, 0.4399238181799291, 0.4351631120315861, 0.4302694275168208, 0.42391832404225605, 0.45295299615422363, 0.47219909575938346, 0.48033563389790523, 0.48851438144640297], [0.4763950003505199, 0.4720598786547786, 0.46744445226960607, 0.46331355502859095, 0.4588355636648037, 0.45295299615422363, 0.4504397042942779, 0.46900204964300657, 0.47742393435939134, 0.48518798123724827], [0.4976894689502756, 0.49276116005671444, 0.48788132499816006, 0.4831353822560576, 0.4784726474289541, 0.47219909575938346, 0.46900204964300657, 0.46508797528706297, 0.4763030256060247, 0.48276865466204016], [0.5023940135912861, 0.4983405638473747, 0.4935789546085909, 0.48934653333892786, 0.4850610243231613, 0.48033563389790523, 0.47742393435939134, 0.4763030256060247, 0.47461052979192003, 0.4808810178815273], [0.5126388873449985, 0.5085050950509917, 0.5034785357863112, 0.4986609741158039, 0.49409287081500786, 0.48851438144640297, 0.48518798123724827, 0.48276865466204016, 0.4808810178815273, 0.47562643180589576]], "vgg.features.6": [[0.050958615520669596, 0.2548972488312519, 0.33532113908659905, 0.3814969427184576, 0.43630468569329467, 0.5347869284842611, 0.49133469597535073, 0.5414397527856968, 0.5200712231844711, 0.5383875900537606], [0.2548972488312519, 0.24500458798938296, 0.32519283099051055, 0.37216215373113787, 0.4269329521995135, 0.5244549671422967, 0.48260646607900054, 0.5317778909174374, 0.5129590116739481, 0.5307387069239631], [0.33532113908659905, 0.32519283099051055, 0.32892072481226214, 0.3763018423981734, 0.42869855400677254, 0.5275520051131845, 0.4824177526673519, 0.5321302330086419, 0.513692463215912, 0.5296300968460503], [0.3814969427184576, 0.37216215373113787, 0.3763018423981734, 0.39161322779499225, 0.43591264472921853, 0.5284629290856113, 0.4872592531291528, 0.5323991851521631, 0.514498646415222, 0.5296109167383487], [0.43630468569329467, 0.4269329521995135, 0.42869855400677254, 0.43591264472921853, 0.44004241667542326, 0.5309198574843504, 0.49075087431973136, 0.5371838778444059, 0.5200811691055179, 0.5340757478227134], [0.5347869284842611, 0.5244549671422967, 0.5275520051131845, 0.5284629290856113, 0.5309198574843504, 0.5268060293663793, 0.48618742961017486, 0.5330202110895647, 0.5182748953532413, 0.5299300309011415], [0.49133469597535073, 0.48260646607900054, 0.4824177526673519, 0.4872592531291528, 0.49075087431973136, 0.48618742961017486, 0.48261077475744746, 0.5287491312613031, 0.5157635440402186, 0.5272536728601864], [0.5414397527856968, 0.5317778909174374, 0.5321302330086419, 0.5323991851521631, 0.5371838778444059, 0.5330202110895647, 0.5287491312613031, 0.5255156946556013, 0.513527727526506, 0.523569004605519], [0.5200712231844711, 0.5129590116739481, 0.513692463215912, 0.514498646415222, 0.5200811691055179, 0.5182748953532413, 0.5157635440402186, 0.513527727526506, 0.5161982517038425, 0.5261327124724743], [0.5383875900537606, 0.5307387069239631, 0.5296300968460503, 0.5296109167383487, 0.5340757478227134, 0.5299300309011415, 0.5272536728601864, 0.523569004605519, 0.5261327124724743, 0.5237359466597586]], "vgg.features.8": [[0.05310252290718504, 0.33380580608639066, 0.48351018674262286, 0.5396124888187434, 0.6725484191473572, 0.8620757876902495, 0.7981739988661379, 0.9014317816457948, 0.8792613902646792, 0.9083971898092056], [0.33380580608639066, 0.3251240373152796, 0.47020994009268213, 0.5268942897068788, 0.6579206110802784, 0.8460340253566417, 0.7847053401121638, 0.885470030802548, 0.8679465724621614, 0.8974631251140895], [0.48351018674262286, 0.47020994009268213, 0.4679667835316984, 0.5262590009369553, 0.6566709710719796, 0.8538900441902628, 0.7885149556863037, 0.89220535819935, 0.871941710580119, 0.9024244597785825], [0.5396124888187434, 0.5268942897068788, 0.5262590009369553, 0.512105459779586, 0.6358532591459016, 0.8260149399271842, 0.767417345416361, 0.86735950443442, 0.8508708116132381, 0.8825595550044881], [0.6725484191473572, 0.6579206110802784, 0.6566709710719796, 0.6358532591459016, 0.6275166190692176, 0.819784122020551, 0.7619934766521245, 0.861856784228731, 0.8459876868248487, 0.8770699597794284], [0.8620757876902495, 0.8460340253566417, 0.8538900441902628, 0.8260149399271842, 0.819784122020551, 0.812453436655137, 0.7555039207197344, 0.8568360149856468, 0.8424467011698159, 0.8708583345585986], [0.7981739988661379, 0.7847053401121638, 0.7885149556863037, 0.767417345416361, 0.7619934766521245, 0.7555039207197344, 0.7467824198492251, 0.8473404991733104, 0.8336150409796463, 0.8628970707430593], [0.9014317816457948, 0.885470030802548, 0.89220535819935, 0.86735950443442, 0.861856784228731, 0.8568360149856468, 0.8473404991733104, 0.8377893673554055, 0.8246451223771363, 0.854425304020653], [0.8792613902646792, 0.8679465724621614, 0.871941710580119, 0.8508708116132381, 0.8459876868248487, 0.8424467011698159, 0.8336150409796463, 0.8246451223771363, 0.826493449422561, 0.8552694933706094], [0.9083971898092056, 0.8974631251140895, 0.9024244597785825, 0.8825595550044881, 0.8770699597794284, 0.8708583345585986, 0.8628970707430593, 0.854425304020653, 0.8552694933706094, 0.8446456468111427]],