{"vgg.features.3": [[0.039980643496035556, 0.3174218538337635, 0.4080865903658688, 0.45592863686639684, 0.5082592637759692, 0.5406217451838663, 0.5764425504104728, 0.5988141346593895, 0.6125278973581608, 0.6264063312433645], [0.0, 0.3149138417862607, 0.40555971665817125, 0.45351670195041566, 0.5055461423323826, 0.5379451598168736, 0.5739517559837003, 0.5961373368213215, 0.6101754870853474, 0.6240654813573415], [0.0, 0.0, 0.4031291158629427, 0.45133443927479583, 0.5029482764295389, 0.535219000242208, 0.5712344091677375, 0.5934604881041061, 0.6075296174648811, 0.6214201563188139], [0.0, 0.0, 0.0, 0.44893415027812805, 0.5004963538227452, 0.5327138440385527, 0.5688297192905257, 0.590931651105586, 0.6050113549328218, 0.6187883487658922], [0.0, 0.0, 0.0, 0.0, 0.4977801632745187, 0.5295348694688996, 0.5658519893320628, 0.5878835890175083, 0.6023183146402302, 0.616079423767225], [0.0, 0.0, 0.0, 0.0, 0.0, 0.5268254932364052, 0.5633355661840938, 0.5853498231971418, 0.6003656614711753, 0.6138392589591026], [0.0, 0.0, 0.0, 0.0, 0.0, 0.0, 0.5609520567530246, 0.5828540928885926, 0.598068117999538, 0.6114999681012979], [0.0, 0.0, 0.0, 0.0, 0.0, 0.0, 0.0, 0.579959272872401, 0.5964918250691795, 0.6095366162675656], [0.0, 0.0, 0.0, 0.0, 0.0, 0.0, 0.0, 0.0, 0.5936524164575844, 0.6067995784792055], [0.0, 0.0, 0.0, 0.0, 0.0, 0.0, 0.0, 0.0, 0.0, 0.6050816690912558]], "vgg.features.6": [[0.05119251168287065, 0.345724884358809, 0.4412161714809671, 0.4881617974779136, 0.5435907643878981, 0.5893042654213663, 0.6137546084804318, 0.645132581787712, 0.6432204972314118, 0.6555331212929854], [0.0, 0.3412728982807379, 0.4369438002026152, 0.484339332509414, 0.5395050934753456, 0.5847963656863953, 0.6097325335400393, 0.6404708215377615, 0.6395831648800963, 0.6518117119673705], [0.0, 0.0, 0.4342336898562907, 0.48218113093458936, 0.536779900367959, 0.5819129088567463, 0.606605447848575, 0.637171544002696, 0.636716046598003, 0.6487541516045687], [0.0, 0.0, 0.0, 0.4802251129810511, 0.5340297566601684, 0.5785165952748137, 0.6036687745217195, 0.6333395195672693, 0.6333237078078264, 0.645120587497065], [0.0, 0.0, 0.0, 0.0, 0.5319586096040334, 0.5752997457997536, 0.6009623508328188, 0.6303219618654292, 0.6312546653095282, 0.6427951369492119], [0.0, 0.0, 0.0, 0.0, 0.0, 0.5717289850319346, 0.5977307617229193, 0.6268771286474858, 0.628954355147133, 0.6399456809958276], [0.0, 0.0, 0.0, 0.0, 0.0, 0.0, 0.594908141849486, 0.6236035632943826, 0.6261908535221993, 0.6369591136641172], [0.0, 0.0, 0.0, 0.0, 0.0, 0.0, 0.0, 0.6191709168698546, 0.6238838922124985, 0.6338684633965793], [0.0, 0.0, 0.0, 0.0, 0.0, 0.0, 0.0, 0.0, 0.6223679773317441, 0.632350477884084], [0.0, 0.0, 0.0, 0.0, 0.0, 0.0, 0.0, 0.0, 0.0, 0.6304414839839451]], "vgg.features.8": [[0.08025061466253444, 0.4080370238460618, 0.5164054287607909, 0.5729171459684878, 0.6403132085006803, 0.7102489590664972, 0.7327990140555433, 0.7778067150748204, 0.7792515209550102, 0.8028142118548184], [0.0, 0.4031251654838501, 0.5118812863949292, 0.5690980046420194, 0.6358714565086255, 0.7053175867399541, 0.7286027886347987, 0.7729819542852593, 0.7754405582683883, 0.7989234259621456], [0.0, 0.0, 0.5098565327831581, 0.567122445874361, 0.6335993073701109, 0.7033596068955927, 0.7262901842310672, 0.7704704119305161, 0.7733548212999583, 0.7966730352964709], [0.0, 0.0, 0.0, 0.5693687204807009, 0.6331680898417358, 0.7006801898781131, 0.7245741645604874, 0.7673815052010823, 0.7708907789502225, 0.7935567358231813], [0.0, 0.0, 0.0, 0.0, 0.6330213053179917, 0.6987951036571609, 0.7234879976621653, 0.7659995475027891, 0.7702834856534863, 0.7925948832003022], [0.0, 0.0, 0.0, 0.0, 0.0, 0.6957858309049243, 0.7200912128977347, 0.7624256896986518, 0.7679998876582403, 0.7892765245404169], [0.0, 0.0, 0.0, 0.0, 0.0, 0.0, 0.7161449776046411, 0.7580641003092643, 0.7645249323251767, 0.7855837780072356], [0.0, 0.0, 0.0, 0.0, 0.0, 0.0, 0.0, 0.7538491052766678, 0.7622055161059841, 0.782417069315661], [0.0, 0.0, 0.0, 0.0, 0.0, 0.0, 0.0, 0.0, 0.7614405122360219, 0.7815852947589025], [0.0, 0.0, 0.0, 0.0, 0.0, 0.0, 0.0, 0.0, 0.0, 0.7788368501992298]], "vgg.features.11": [[0.09311559149969419, 0.44597493959329054, 0.5895872237761011, 0.6696470264478583, 0.7709083152443229, 0.8900709894208052, 0.9030956218637979, 0.9791377652063722, 0.9695492090430138, 1.0096700835731804], [0.0, 0.43896628182011976, 0.5813763140385886, 0.6626468857803528, 0.7640318274411668, 0.8829280822696288, 0.89692058528834, 0.9723853390365478, 0.9639304039533193, 1.0041488560389011], [0.0, 0.0, 0.5808983693522691, 0.66258167897126, 0.7637202438469883, 0.8830019878183305, 0.8961726044663642, 0.9713226151427936, 0.9629894127895301, 1.0032391631086544], [0.0, 0.0, 0.0, 0.6591243991004789, 0.758179745081476, 0.8751914654868356, 0.8905667538756169, 0.9647273411304709, 0.9567074095921188, 0.9972689745832082], [0.0, 0.0, 0.0, 0.0, 0.7536375544161064, 0.8696162823525535, 0.8853828500679326, 0.9596014132768075, 0.9522136211099995, 0.9921248501862263], [0.0, 0.0, 0.0, 0.0, 0.0, 0.8652580428756721, 0.8819077576593196, 0.9558576069481263, 0.950168441614737, 0.9892797700867152], [0.0, 0.0, 0.0, 0.0, 0.0, 0.0, 0.8763875173688243, 0.9502416346034641, 0.9447803749692415, 0.9843590110408205], [0.0, 0.0, 0.0, 0.0, 0.0, 0.0, 0.0, 0.9423781936067793, 0.9389846156223547, 0.9782254810134992], [0.0, 0.0, 0.0, 0.0, 0.0, 0.0, 0.0, 0.0, 0.9383340943248545, 0.9772579194655008], [0.0, 0.0, 0.0, 0.0, 0.0, 0.0, 0.0, 0.0, 0.0, 0.9716654180917658]], "vgg.features.13": [[0.13813240100920024, 0.6033271268939114, 0.7967262170525666, 0.9346328103970577, 1.0524836026323419, 1.1691433752999971, 1.1968247843964186, 1.2589488786016565, 1.258379062543673, 1.2894540732432387], [0.0, 0.5939750868594996, 0.7878630118379016, 0.9281669937712296, 1.0470489505337066, 1.164987031592536, 1.1936297196067047, 1.255477182034403, 1.2554583105698576, 1.2871620275748181], [0.0, 0.0, 0.7896701767549749, 0.930404420607303, 1.0497391361144885, 1.168208046100761, 1.1957742168133996, 1.2574673453350786, 1.256684933866362, 1.2870774353397365], [0.0, 0.0, 0.0, 0.9278255640875407, 1.045609155211419, 1.1645342356668549, 1.1938599953816882, 1.254363002088107, 1.2540550385423068, 1.285109089865274], [0.0, 0.0, 0.0, 0.0, 1.0429007999056623, 1.1605630162818072, 1.189764487170929, 1.2511686076001145, 1.2509589000018895, 1.281506177929664], [0.0, 0.0, 0.0, 0.0, 0.0, 1.1581832913503114, 1.1868009562253659, 1.248833845568201, 1.2493268889916773, 1.279818197828849], [0.0, 0.0, 0.0, 0.0, 0.0, 0.0, 1.1820604284701453, 1.2448551380693833, 1.2449035524987977, 1.2756161481219583], [0.0, 0.0, 0.0, 0.0, 0.0, 0.0, 0.0, 1.2411385380632558, 1.241588332285873, 1.2731282869186078], [0.0, 0.0, 0.0, 0.0, 0.0, 0.0, 0.0, 0.0, 1.2416328008664512, 1.2732102091281186], [0.0, 0.0, 0.0, 0.0, 0.0, 0.0, 0.0, 0.0, 0.0, 1.2692731739455532]]}