{"vgg.features.3": [[0.03947036905109532, 0.32307066447883265, 0.4138148831899836, 0.4618699816348091, 0.5149448121808926, 0.5485283278026025, 0.5844341229903046, 0.6063409790061228, 0.620936144913572, 0.6352734403731694], [0.32307066447883265, 0.3206643478686056, 0.4114607327523396, 0.45964694369396464, 0.5124540198319382, 0.5460681187544036, 0.5821451600845814, 0.6038979500851118, 0.6187523825509458, 0.6331055311878413], [0.4138148831899836, 0.4114607327523396, 0.40927778225012745, 0.4576424553343026, 0.5100446998235314, 0.543532218574874, 0.579631032719428, 0.6013865090170304, 0.61627620816074, 0.6306332649550019], [0.4618699816348091, 0.45964694369396464, 0.4576424553343026, 0.4554116419723345, 0.5077230434491596, 0.5411725239830559, 0.5773739358840695, 0.5989930319453588, 0.6139273136411619, 0.628163856934726], [0.5149448121808926, 0.5124540198319382, 0.5100446998235314, 0.5077230434491596, 0.5051722295641748, 0.5382283578580018, 0.5746142578585276, 0.5961219431668621, 0.6113535617746687, 0.6255519747505628], [0.5485283278026025, 0.5460681187544036, 0.543532218574874, 0.5411725239830559, 0.5382283578580018, 0.5355926171633857, 0.5721570239142995, 0.5936019086804615, 0.6093072128518175, 0.6232842205838878], [0.5844341229903046, 0.5821451600845814, 0.579631032719428, 0.5773739358840695, 0.5746142578585276, 0.5721570239142995, 0.5697472873229436, 0.5910626939755799, 0.6069637683101557, 0.6208858405650866], [0.6063409790061228, 0.6038979500851118, 0.6013865090170304, 0.5989930319453588, 0.5961219431668621, 0.5936019086804615, 0.5910626939755799, 0.5881930393912369, 0.6051882269991167, 0.6188024264753339], [0.620936144913572, 0.6187523825509458, 0.61627620816074, 0.6139273136411619, 0.6113535617746687, 0.6093072128518175, 0.6069637683101557, 0.6051882269991167, 0.6025702357131806, 0.6163009570436342], [0.6352734403731694, 0.6331055311878413, 0.6306332649550019, 0.628163856934726, 0.6255519747505628, 0.6232842205838878, 0.6208858405650866, 0.6188024264753339, 0.6163009570436342, 0.6146151274264187]], "vgg.features.6": [[0.0504426973777021, 0.35695889674595715, 0.4511462279159074, 0.5002412865039392, 0.555969789461959, 0.6013915657187946, 0.6250126751258338, 0.6551467950412834, 0.6577002861477126, 0.6694323777413627], [0.35695889674595715, 0.35293023659902667, 0.44734240348652765, 0.49686461798669124, 0.5523508941305304, 0.5973593282740283, 0.6214373559495685, 0.6510213264932265, 0.6543844290154559, 0.6661110064533324], [0.4511462279159074, 0.44734240348652765, 0.4450742265420532, 0.4950439293247717, 0.5499408188892784, 0.5947639095161544, 0.6186356339733154, 0.6479769714895187, 0.6516837722840146, 0.6632175277872123], [0.5002412865039392, 0.49686461798669124, 0.4950439293247717, 0.4933584369204873, 0.5474173722673448, 0.5916398338771292, 0.6159899863685563, 0.6445200337526811, 0.6486322085713832, 0.6599597813799658], [0.555969789461959, 0.5523508941305304, 0.5499408188892784, 0.5474173722673448, 0.5457464426444149, 0.5889755874788318, 0.6137526421504048, 0.6418586719403814, 0.6467632159131719, 0.657825569885205], [0.6013915657187946, 0.5973593282740283, 0.5947639095161544, 0.5916398338771292, 0.5889755874788318, 0.5854366636998402, 0.610529585588879, 0.6383636302698593, 0.6442159047600001, 0.6548532528659818], [0.6250126751258338, 0.6214373559495685, 0.6186356339733154, 0.6159899863685563, 0.6137526421504048, 0.610529585588879, 0.6078090816413613, 0.6352116632602175, 0.6415639184816976, 0.6519802019393994], [0.6551467950412834, 0.6510213264932265, 0.6479769714895187, 0.6445200337526811, 0.6418586719403814, 0.6383636302698593, 0.6352116632602175, 0.6308720866820092, 0.6389176762561535, 0.648723273063098], [0.6577002861477126, 0.6543844290154559, 0.6516837722840146, 0.6486322085713832, 0.6467632159131719, 0.6442159047600001, 0.6415639184816976, 0.6389176762561535, 0.6377855457324911, 0.6476263180874359], [0.6694323777413627, 0.6661110064533324, 0.6632175277872123, 0.6599597813799658, 0.657825569885205, 0.6548532528659818, 0.6519802019393994, 0.648723273063098, 0.6476263180874359, 0.6456876785850396]], "vgg.features.8": [[0.0770081448648988, 0.41505501605143713, 0.5216684411366918, 0.5807716046197764, 0.647831494743094, 0.7148264653766158, 0.7378274154900665, 0.7811083636556803, 0.7876177010149754, 0.8097885765100881], [0.41505501605143713, 0.4107691289378187, 0.5176969539924415, 0.5774475331516755, 0.6438561492385042, 0.7104164150523278, 0.7341326765084825, 0.7768983621286086, 0.7842134892398979, 0.8063946793085093], [0.5216684411366918, 0.5176969539924415, 0.5156182947904522, 0.5755242843876968, 0.6416655020612694, 0.7083937003652032, 0.7317635943041747, 0.7743020090070303, 0.7820110805133541, 0.8040040239573275], [0.5807716046197764, 0.5774475331516755, 0.5755242843876968, 0.5790342955821012, 0.6422831715458261, 0.7067824559530059, 0.7310506597034511, 0.7722658615990292, 0.7804972857764781, 0.8019132626542537], [0.647831494743094, 0.6438561492385042, 0.6416655020612694, 0.6422831715458261, 0.6422933207556956, 0.7052641659709348, 0.7303376046231226, 0.7711372845331046, 0.7800359330718583, 0.8010458091027771], [0.7148264653766158, 0.7104164150523278, 0.7083937003652032, 0.7067824559530059, 0.7052641659709348, 0.7023082905941466, 0.7268610955300555, 0.7674941395399721, 0.7775227164860139, 0.797580330807791], [0.7378274154900665, 0.7341326765084825, 0.7317635943041747, 0.7310506597034511, 0.7303376046231226, 0.7268610955300555, 0.7233973259240222, 0.7635947545630829, 0.7745133933068832, 0.794338814164884], [0.7811083636556803, 0.7768983621286086, 0.7743020090070303, 0.7722658615990292, 0.7711372845331046, 0.7674941395399721, 0.7635947545630829, 0.7594154132185476, 0.7719315446918761, 0.7910480508439265], [0.7876177010149754, 0.7842134892398979, 0.7820110805133541, 0.7804972857764781, 0.7800359330718583, 0.7775227164860139, 0.7745133933068832, 0.7719315446918761, 0.7713063467648633, 0.7904566013207662], [0.8097885765100881, 0.8063946793085093, 0.8040040239573275, 0.8019132626542537, 0.8010458091027771, 0.797580330807791, 0.794338814164884, 0.7910480508439265, 0.7904566013207662, 0.7878817629952165]],