{"vgg.features.3": [[0.03550733295148948, 0.24776361500770508, 0.3364668169620433, 0.36278927263573213, 0.41408087817637423, 0.45277470023110755, 0.47703888321146026, 0.5025160444613186, 0.5086747979788994, 0.5207023811248508], [0.0, 0.24248637907277334, 0.33228387154220124, 0.3595651029227575, 0.4113648954408372, 0.4490536179034557, 0.4734863519928571, 0.4984406262032782, 0.5056502561341908, 0.5175924002401077], [0.0, 0.0, 0.3281467033755775, 0.3558787643928557, 0.4073524245318933, 0.4443787181984254, 0.4684777144216516, 0.4929362693315638, 0.5003734940640719, 0.5119729094344371], [0.0, 0.0, 0.0, 0.3531510695495198, 0.4051242447092015, 0.4406245551426135, 0.46517110237535614, 0.489053714192653, 0.4971090227697099, 0.5082236216374914], [0.0, 0.0, 0.0, 0.0, 0.4012915811257081, 0.43567017039676137, 0.4604426331011424, 0.483952343021429, 0.492208879534841, 0.5030598049259158], [0.0, 0.0, 0.0, 0.0, 0.0, 0.43020566349440537, 0.45515517697076874, 0.47839924223528907, 0.48793324419151063, 0.4981400615697857], [0.0, 0.0, 0.0, 0.0, 0.0, 0.0, 0.4521535444414675, 0.47500952411053565, 0.4845799368806136, 0.4946268483713974], [0.0, 0.0, 0.0, 0.0, 0.0, 0.0, 0.0, 0.47069229367543625, 0.4825411702087273, 0.4913853898669221], [0.0, 0.0, 0.0, 0.0, 0.0, 0.0, 0.0, 0.0, 0.4809302477508464, 0.4894227921260225], [0.0, 0.0, 0.0, 0.0, 0.0, 0.0, 0.0, 0.0, 0.0, 0.48368197289609216]], "vgg.features.6": [[0.05058435448669192, 0.25343625639246375, 0.33969578589601646, 0.3816434397603478, 0.4410769932757685, 0.5404094250239154, 0.5039762769844938, 0.5542017231977857, 0.5391333420396776, 0.5572141299805874], [0.0, 0.2453021825386031, 0.33065360552881334, 0.37333895472228457, 0.4333245231705571, 0.5316999090883313, 0.4969991480048076, 0.5463859539114977, 0.5342291444372195, 0.551802304018479], [0.0, 0.0, 0.3337845989737703, 0.377282123030151, 0.43396031912345956, 0.5326839161428248, 0.4948966134423586, 0.5446651334382949, 0.5327976340656199, 0.5485692492406715], [0.0, 0.0, 0.0, 0.39357730284972237, 0.44350720692946827, 0.5368422558552383, 0.5026008104829278, 0.5484109206464068, 0.5374827987885061, 0.5529631198968856], [0.0, 0.0, 0.0, 0.0, 0.44749794498540635, 0.5395070659392761, 0.5058833951164852, 0.552828396085195, 0.5423938269253834, 0.5567168728101795], [0.0, 0.0, 0.0, 0.0, 0.0, 0.5382032418192677, 0.5036447738574484, 0.5511831182594751, 0.5420693819202106, 0.5546067210885186], [0.0, 0.0, 0.0, 0.0, 0.0, 0.0, 0.4999548928132417, 0.5473449927295309, 0.5397122827110757, 0.5520072727244426], [0.0, 0.0, 0.0, 0.0, 0.0, 0.0, 0.0, 0.5423785845779652, 0.5349218546748323, 0.5457059053386457], [0.0, 0.0, 0.0, 0.0, 0.0, 0.0, 0.0, 0.0, 0.5376171334024445, 0.548261128033345], [0.0, 0.0, 0.0, 0.0, 0.0, 0.0, 0.0, 0.0, 0.0, 0.5445426059685738]], "vgg.features.8": [[0.0550063500854289, 0.3333105248781744, 0.4970589006373466, 0.5451155683976228, 0.6806232512900476, 0.8622521232211108, 0.8114864284469397, 0.9020975262682259, 0.8952023783908422, 0.9239128729205512], [0.0, 0.32766570060361183, 0.48535028293810584, 0.5341839573256627, 0.6689919495206464, 0.8490194268133724, 0.8013278218200761, 0.8896081730061568, 0.887893248453149, 0.917212769081095], [0.0, 0.0, 0.4789296863181077, 0.5304407484538765, 0.6634923370502793, 0.8498432021953883, 0.7979776080005299, 0.8891077247367168, 0.8849241941623822, 0.9153877139519624], [0.0, 0.0, 0.0, 0.5192943123672616, 0.6482003172138497, 0.8280326596512156, 0.782923794127466, 0.87041965081089, 0.8701785882719569, 0.9017897530736771], [0.0, 0.0, 0.0, 0.0, 0.6408504523147375, 0.8225602935123522, 0.7774945925150065, 0.8646222549252357, 0.8649502166670818, 0.8959678866505979], [0.0, 0.0, 0.0, 0.0, 0.0, 0.8193611279940007, 0.7742325320150133, 0.8638006553556418, 0.8638455745358465, 0.8934256581683168], [0.0, 0.0, 0.0, 0.0, 0.0, 0.0, 0.7662584772351348, 0.8557398866484339, 0.8564064266961581, 0.8867500966139873], [0.0, 0.0, 0.0, 0.0, 0.0, 0.0, 0.0, 0.8440578554936315, 0.8440119953502606, 0.8746933535452671], [0.0, 0.0, 0.0, 0.0, 0.0, 0.0, 0.0, 0.0, 0.8467326964324934, 0.8766394271592525], [0.0, 0.0, 0.0, 0.0, 0.0, 0.0, 0.0, 0.0, 0.0, 0.8653148068910422]], "vgg.features.11": [[0.0698845202094907, 0.4374926593945546, 0.6871603790509094, 0.8715703381077415, 0.9910449228715119, 1.1803913064631406, 1.187434962743105, 1.2392656398028035, 1.2547754113497425, 1.2677575839119142], [0.0, 0.4267081535489023, 0.6745448122578429, 0.8641659166917818, 0.9848365352851596, 1.1740575714358679, 1.1825256202895762, 1.2339876851122928, 1.2506995707622772, 1.2648322588223162], [0.0, 0.0, 0.68066322179316, 0.866225631166859, 0.9874727897969721, 1.1771642403128242, 1.1770588755214793, 1.2310275574373704, 1.243178137445851, 1.2581590120846244], [0.0, 0.0, 0.0, 0.8583291534330776, 0.9714031077807611, 1.1586363602572474, 1.16645501233457, 1.2205997203216865, 1.2356429185978839, 1.2551706474144173], [0.0, 0.0, 0.0, 0.0, 0.9593272222613293, 1.1439228289515735, 1.1464764658715996, 1.20006313888105, 1.2171588020298607, 1.2375083831450375], [0.0, 0.0, 0.0, 0.0, 0.0, 1.1423722910907885, 1.1485589253813437, 1.2065117036354818, 1.2246699844466904, 1.2405867597714122], [0.0, 0.0, 0.0, 0.0, 0.0, 0.0, 1.1317722671456272, 1.1872290658091977, 1.2040619844908926, 1.2229939846446818], [0.0, 0.0, 0.0, 0.0, 0.0, 0.0, 0.0, 1.1757590397026974, 1.1932348298095168, 1.2157827636309544], [0.0, 0.0, 0.0, 0.0, 0.0, 0.0, 0.0, 0.0, 1.1915231814376335, 1.2153915336265113], [0.0, 0.0, 0.0, 0.0, 0.0, 0.0, 0.0, 0.0, 0.0, 1.1952124422571324]], "vgg.features.13": [[0.1173509155226793, 0.7712889886691504, 1.1576570812526688, 1.2141668081684382, 1.3168747731010146, 1.3183750742231755, 1.338311207445312, 1.3628390617110826, 1.3604846523252179, 1.3874802437565734], [0.0, 0.7526218989719264, 1.142163938531988, 1.2025745129528516, 1.3088781829847986, 1.3082910042397808, 1.3343768144463546, 1.3572590898216503, 1.3546848241772744, 1.393606597585602], [0.0, 0.0, 1.1191063670362649, 1.183958187789754, 1.2935631759615733, 1.3175629208027106, 1.333595419995582, 1.3613749356565585, 1.359102096033778, 1.3866059059086084], [0.0, 0.0, 0.0, 1.1637893537298565, 1.2474376164426715, 1.3095534986087978, 1.3286838063065467, 1.3788827287743677, 1.360671970937266, 1.4062740959820266], [0.0, 0.0, 0.0, 0.0, 1.24921700968032, 1.3170810886755777, 1.3235240718254662, 1.36680505141265, 1.3559048084411953, 1.392837646092037], [0.0, 0.0, 0.0, 0.0, 0.0, 1.3230977080319213, 1.3247407417320798, 1.377644253028056, 1.3587830672378607, 1.3897603927612934], [0.0, 0.0, 0.0, 0.0, 0.0, 0.0, 1.314395471860783, 1.3695686614684655, 1.349944119406364, 1.3819123009187781], [0.0, 0.0, 0.0, 0.0, 0.0, 0.0, 0.0, 1.3619762138523017, 1.3422442336703244, 1.3842050619725395], [0.0, 0.0, 0.0, 0.0, 0.0, 0.0, 0.0, 0.0, 1.3503877824758086, 1.3951456363404056], [0.0, 0.0, 0.0, 0.0, 0.0, 0.0, 0.0, 0.0, 0.0, 1.3773128317445218]]}