{"vgg.features.3": [[0.03934934333337704, 0.31962606341494526, 0.410317211366843, 0.4582995327463865, 0.511010303844783, 0.5441489697363664, 0.580565600439586, 0.6028225902065506, 0.616673014165183, 0.6309759593636924], [0.0, 0.3173508059995855, 0.40805805276063545, 0.45609281797876555, 0.5085817765731692, 0.5417150532872974, 0.5783152231545711, 0.6003998443548089, 0.6145274687206701, 0.6288334741226587], [0.0, 0.0, 0.4058315681152411, 0.4540950876788895, 0.5061599589245747, 0.5391600443453554, 0.5757910009551437, 0.5978942722624515, 0.6120609094030278, 0.6263605768299253], [0.0, 0.0, 0.0, 0.4518815729923162, 0.5039139424523528, 0.5368623014652217, 0.5735730197652623, 0.5955714700567609, 0.6097670892274926, 0.6239631645678684], [0.0, 0.0, 0.0, 0.0, 0.5013376178779533, 0.5339094826740841, 0.5707922968784266, 0.5927259456682424, 0.6072228814212081, 0.6213903631236407], [0.0, 0.0, 0.0, 0.0, 0.0, 0.5313337021460494, 0.5683696659712301, 0.5903350557796111, 0.6053143569364858, 0.619237978675034], [0.0, 0.0, 0.0, 0.0, 0.0, 0.0, 0.5660963042305925, 0.5879532278760151, 0.6031257138515711, 0.6170057310918846], [0.0, 0.0, 0.0, 0.0, 0.0, 0.0, 0.0, 0.5853331010487755, 0.6016605706744477, 0.6151686350965706], [0.0, 0.0, 0.0, 0.0, 0.0, 0.0, 0.0, 0.0, 0.5990095236608661, 0.6126272076375604], [0.0, 0.0, 0.0, 0.0, 0.0, 0.0, 0.0, 0.0, 0.0, 0.6109636187259903]], "vgg.features.6": [[0.0504698790974604, 0.35083478623334546, 0.44458387401450483, 0.4924919615524007, 0.547607442159244, 0.592689880430315, 0.6172275930193842, 0.6480104479239808, 0.647618216567258, 0.6598592485221325], [0.0, 0.3468905417834555, 0.4407626094349863, 0.4890382352318677, 0.5439672582386225, 0.5885773959868967, 0.6135739936905035, 0.6438078907659482, 0.644348486399233, 0.656524162968129], [0.0, 0.0, 0.4383159364546377, 0.4870726806200491, 0.5414302604069022, 0.5858132364794025, 0.6106091161077736, 0.6406722782780457, 0.6416053503154984, 0.6536094436927274], [0.0, 0.0, 0.0, 0.4852970022912954, 0.5389200290946116, 0.5826805870033162, 0.6079346317135684, 0.6372079115745469, 0.6385492582357412, 0.65036480139683], [0.0, 0.0, 0.0, 0.0, 0.5371100188067925, 0.5798418999476377, 0.6055483278471073, 0.6344694308122845, 0.6366727371937023, 0.6482194693507182], [0.0, 0.0, 0.0, 0.0, 0.0, 0.5764050397637485, 0.602403631024559, 0.6312149721130079, 0.634394110454494, 0.6454494195720448], [0.0, 0.0, 0.0, 0.0, 0.0, 0.0, 0.5997115322293678, 0.6281468169866466, 0.6317835003103022, 0.6426285653065643], [0.0, 0.0, 0.0, 0.0, 0.0, 0.0, 0.0, 0.6240695614861607, 0.6295480322257306, 0.6397171696536669], [0.0, 0.0, 0.0, 0.0, 0.0, 0.0, 0.0, 0.0, 0.6282787647185006, 0.638436646809064], [0.0, 0.0, 0.0, 0.0, 0.0, 0.0, 0.0, 0.0, 0.0, 0.636674541802863]], "vgg.features.8": [[0.0779813172894875, 0.41073628887531616, 0.5168687908206239, 0.5749717797670791, 0.6407672033766794, 0.7071754829988184, 0.7313919823306394, 0.7748253574200028, 0.7783965384332464, 0.801351305572176], [0.0, 0.40641697490601814, 0.512902045566756, 0.5716284035964988, 0.6367642654272769, 0.7027380669461688, 0.7276803493266301, 0.7705465757761657, 0.7750275143407439, 0.7979520490003594], [0.0, 0.0, 0.511006038159795, 0.5697035286982194, 0.6346028566358984, 0.7007608005831895, 0.7252114227211616, 0.7679790381867216, 0.7728887366038825, 0.7956590519407831], [0.0, 0.0, 0.0, 0.5730046636421376, 0.6351480726292444, 0.6991303557038596, 0.7243304307446635, 0.765787245340393, 0.7712933495991944, 0.7935552307644166], [0.0, 0.0, 0.0, 0.0, 0.6353893463861698, 0.6977385412787186, 0.7237256629104273, 0.764849683185867, 0.7710292642812575, 0.7929421520059177], [0.0, 0.0, 0.0, 0.0, 0.0, 0.6950355408153065, 0.7204322593891124, 0.7615164442127637, 0.7688702733550606, 0.7897269997510264], [0.0, 0.0, 0.0, 0.0, 0.0, 0.0, 0.7168804621854795, 0.7576226304341788, 0.7658265449822175, 0.7864460766460277], [0.0, 0.0, 0.0, 0.0, 0.0, 0.0, 0.0, 0.7536916442082183, 0.7636234565162705, 0.7834686896170718], [0.0, 0.0, 0.0, 0.0, 0.0, 0.0, 0.0, 0.0, 0.7629906933809926, 0.7828567809544351], [0.0, 0.0, 0.0, 0.0, 0.0, 0.0, 0.0, 0.0, 0.0, 0.780257951482023]], "vgg.features.11": [[0.0925458918536447, 0.44637274856779147, 0.5878267333814982, 0.6705672914423189, 0.7714214325064068, 0.8906992307886942, 0.9020332579222602, 0.9765464189170843, 0.9686946040998463, 1.0070291541609508], [0.0, 0.44070378759751605, 0.5806410124281476, 0.6644126656183761, 0.7652266420613852, 0.8842519167459543, 0.8965010599644239, 0.9705329749232231, 0.9636417990650586, 1.0019754730967727], [0.0, 0.0, 0.5804259458392952, 0.6644767533009366, 0.765138526117539, 0.8844843974153926, 0.895962924766113, 0.9696986049774305, 0.9628300278852098, 1.0011629054804496], [0.0, 0.0, 0.0, 0.6619702332022045, 0.7605358602336931, 0.8776848158992402, 0.8912617162776314, 0.964028285713007, 0.9575580882168326, 0.9962591175519326], [0.0, 0.0, 0.0, 0.0, 0.7563237343390383, 0.8724439854627336, 0.8862674100335218, 0.9590919306112419, 0.953230561977739, 0.9912813000865874], [0.0, 0.0, 0.0, 0.0, 0.0, 0.8683390666072928, 0.8830333076050434, 0.9556526121320558, 0.9513773572450072, 0.9886500191318421], [0.0, 0.0, 0.0, 0.0, 0.0, 0.0, 0.8778108740166879, 0.9503984847606923, 0.9463764274816698, 0.9839527743849386], [0.0, 0.0, 0.0, 0.0, 0.0, 0.0, 0.0, 0.9431530230913191, 0.9409890524216353, 0.9784079108036589], [0.0, 0.0, 0.0, 0.0, 0.0, 0.0, 0.0, 0.0, 0.9406461951727791, 0.977760287804339], [0.0, 0.0, 0.0, 0.0, 0.0, 0.0, 0.0, 0.0, 0.0, 0.9723932744527561]], "vgg.features.13": [[0.13678480990526456, 0.6018899947411716, 0.791489693500947, 0.9330903543945327, 1.048435349068761, 1.164157606289922, 1.1875207614747119, 1.2465289878121566, 1.25083664756531, 1.277969808998591], [0.0, 0.5936155482840081, 0.7836640190723738, 0.9272613621335409, 1.0436509127408633, 1.1603825107430858, 1.184708130132869, 1.2435813868935308, 1.2481645338322016, 1.2757349192056548], [0.0, 0.0, 0.7855078405972206, 0.9296505482419515, 1.0463439043405136, 1.1635154304131434, 1.186584977055758, 1.2453762672552955, 1.2490051555367956, 1.2758978214297327], [0.0, 0.0, 0.0, 0.928068483326711, 1.0434746236092078, 1.160323780011363, 1.1852715947427996, 1.24307662394387, 1.246995848299718, 1.2744455887070532], [0.0, 0.0, 0.0, 0.0, 1.0410698747315605, 1.1567833427397172, 1.1813440799795012, 1.2398611239626207, 1.2439312425882223, 1.2707887362357853], [0.0, 0.0, 0.0, 0.0, 0.0, 1.1546808741473213, 1.1787647348049393, 1.238342342792493, 1.2426740608617888, 1.2694348708083192], [0.0, 0.0, 0.0, 0.0, 0.0, 0.0, 1.174145523439671, 1.2342856883280682, 1.2383631201301852, 1.2653329370932134], [0.0, 0.0, 0.0, 0.0, 0.0, 0.0, 0.0, 1.2314556424362666, 1.2359769430010505, 1.2631850644764808], [0.0, 0.0, 0.0, 0.0, 0.0, 0.0, 0.0, 0.0, 1.2360791148414516, 1.2637320258455682], [0.0, 0.0, 0.0, 0.0, 0.0, 0.0, 0.0, 0.0, 0.0, 1.2594907581091521]]}