{"vgg.features.3": [[0.03539297618902203, 0.24304947229225898, 0.33481988214974995, 0.3596547023553923, 0.40941046740150655, 0.4473663786250571, 0.47584085975532237, 0.4985146817851025, 0.5029079623413568, 0.51183966780892], [0.24304947229225898, 0.2372653036422454, 0.3301025760932423, 0.3559131486959608, 0.40600757569153406, 0.443018294743879, 0.4717830579127925, 0.49383132918911593, 0.49926215398317075, 0.5080595894083405], [0.33481988214974995, 0.3301025760932423, 0.32611795216463363, 0.35226227753265, 0.402280310965236, 0.4388011845338087, 0.4671445416570663, 0.4888269404583051, 0.4943700131224841, 0.5027641183723575], [0.3596547023553923, 0.3559131486959608, 0.35226227753265, 0.34900974302655163, 0.39955225098975555, 0.43439517070056577, 0.4631913404633042, 0.484397573977073, 0.49045763651430835, 0.4982843782591375], [0.40941046740150655, 0.40600757569153406, 0.402280310965236, 0.39955225098975555, 0.3959621362132825, 0.4293497927418377, 0.4585178703746334, 0.47953323368569245, 0.48593320752642466, 0.49355725579369925], [0.4473663786250571, 0.443018294743879, 0.4388011845338087, 0.43439517070056577, 0.4293497927418377, 0.42319644557932057, 0.45266473330929596, 0.47345262659936627, 0.4814376539372386, 0.48823613871398874], [0.47584085975532237, 0.4717830579127925, 0.4671445416570663, 0.4631913404633042, 0.4585178703746334, 0.45266473330929596, 0.44985150637550847, 0.4702229981257512, 0.47829681791162826, 0.48482963958024494], [0.4985146817851025, 0.49383132918911593, 0.4888269404583051, 0.484397573977073, 0.47953323368569245, 0.47345262659936627, 0.4702229981257512, 0.4663222102838258, 0.47722876768332645, 0.48245844218912126], [0.5029079623413568, 0.49926215398317075, 0.4943700131224841, 0.49045763651430835, 0.48593320752642466, 0.4814376539372386, 0.47829681791162826, 0.47722876768332645, 0.4756078982085982, 0.4804792209794602], [0.51183966780892, 0.5080595894083405, 0.5027641183723575, 0.4982843782591375, 0.49355725579369925, 0.48823613871398874, 0.48482963958024494, 0.48245844218912126, 0.4804792209794602, 0.4752724567558901]], "vgg.features.6": [[0.0506609201766294, 0.25054750298787803, 0.3354228448544529, 0.38040461227085604, 0.4386639567005021, 0.5414198512920507, 0.5007174070389084, 0.5502918660829691, 0.5284329090185267, 0.5452542997990932], [0.25054750298787803, 0.24184560782270162, 0.32587134527379535, 0.3714910211029356, 0.4300967478060407, 0.5318892735083506, 0.4926996701735189, 0.5414021553832911, 0.5224146783865027, 0.5386256553724817], [0.3354228448544529, 0.32587134527379535, 0.3301273997308233, 0.3762584152065454, 0.43218408747670106, 0.5347362676846937, 0.49248238081738815, 0.5417327399941974, 0.5231335838194011, 0.5375206343895783], [0.38040461227085604, 0.3714910211029356, 0.3762584152065454, 0.39195319902890935, 0.4402466553506249, 0.5365259819533206, 0.49787839771903053, 0.5430611101373113, 0.5256221779735588, 0.5393636392663363], [0.4386639567005021, 0.4300967478060407, 0.43218408747670106, 0.4402466553506249, 0.44480902784721044, 0.5391873259050977, 0.501486175596506, 0.5480828154958767, 0.5314686160825784, 0.5441322748224359], [0.5414198512920507, 0.5318892735083506, 0.5347362676846937, 0.5365259819533206, 0.5391873259050977, 0.5358736678230683, 0.49737355592184274, 0.5445510053564125, 0.5300952105477195, 0.5405453046800921], [0.5007174070389084, 0.4926996701735189, 0.49248238081738815, 0.49787839771903053, 0.501486175596506, 0.49737355592184274, 0.49327611949214256, 0.540026989713282, 0.527319507436845, 0.5376279580109241], [0.5502918660829691, 0.5414021553832911, 0.5417327399941974, 0.5430611101373113, 0.5480828154958767, 0.5445510053564125, 0.540026989713282, 0.5361859719046622, 0.5241416689889479, 0.532961893686495], [0.5284329090185267, 0.5224146783865027, 0.5231335838194011, 0.5256221779735588, 0.5314686160825784, 0.5300952105477195, 0.527319507436845, 0.5241416689889479, 0.5272727190785357, 0.5359067032622545], [0.5452542997990932, 0.5386256553724817, 0.5375206343895783, 0.5393636392663363, 0.5441322748224359, 0.5405453046800921, 0.5376279580109241, 0.532961893686495, 0.5359067032622545, 0.533332365859783]], "vgg.features.8": [[0.054320148654602086, 0.33380097243550877, 0.49232843528736747, 0.5469854872018651, 0.6821505787825954, 0.8711585157783468, 0.8176393308058316, 0.9157678565562773, 0.8964697749368606, 0.9241107270949931], [0.33380097243550877, 0.3270135301264971, 0.47963192694884915, 0.534788195800711, 0.6686532947948026, 0.8563332886905883, 0.8053926070678487, 0.9011060933886502, 0.886929507579331, 0.9149544399405861], [0.49232843528736747, 0.47963192694884915, 0.4764851852354247, 0.5340179294365367, 0.6669852987816961, 0.86242849586818, 0.807666598827145, 0.9064239699329283, 0.8893738218161036, 0.9185372877008301], [0.5469854872018651, 0.534788195800711, 0.5340179294365367, 0.5197997345931639, 0.6474468787328241, 0.8364412979603688, 0.7880056968247803, 0.8831474714334404, 0.8701549627541656, 0.9001217183634078], [0.6821505787825954, 0.6686532947948026, 0.6669852987816961, 0.6474468787328241, 0.6399308084295521, 0.8304309500493423, 0.7825571523537989, 0.8776916343771906, 0.8654159574789586, 0.8947341370215898], [0.8711585157783468, 0.8563332886905883, 0.86242849586818, 0.8364412979603688, 0.8304309500493423, 0.8242531934650474, 0.7769047385634971, 0.8741959666832948, 0.8629048121801437, 0.8898664142081597], [0.8176393308058316, 0.8053926070678487, 0.807666598827145, 0.7880056968247803, 0.7825571523537989, 0.7769047385634971, 0.7673608140794387, 0.8642296298005809, 0.853679506190083, 0.8815874367575577], [0.9157678565562773, 0.9011060933886502, 0.9064239699329283, 0.8831474714334404, 0.8776916343771906, 0.8741959666832948, 0.8642296298005809, 0.8533757898311646, 0.8427047927585343, 0.870921031862294], [0.8964697749368606, 0.886929507579331, 0.8893738218161036, 0.8701549627541656, 0.8654159574789586, 0.8629048121801437, 0.853679506190083, 0.8427047927585343, 0.8454989058924727, 0.8727101873417538], [0.9241107270949931, 0.9149544399405861, 0.9185372877008301, 0.9001217183634078, 0.8947341370215898, 0.8898664142081597, 0.8815874367575577, 0.870921031862294, 0.8727101873417538, 0.8615788048560281]],