{"vgg.features.3": [[0.03447516323294247, 0.2438241465755242, 0.33325316983634173, 0.3533636297415796, 0.4031118737370719, 0.4400485481998772, 0.4660421095145559, 0.4912025238229837, 0.4970399372398531, 0.5068883678089893], [0.0, 0.23796933540104528, 0.32828072731159536, 0.34917911183682865, 0.3996656267458985, 0.4352976993724856, 0.46161757289500077, 0.4862792535020265, 0.4932199075571785, 0.5029375751306128], [0.0, 0.0, 0.32490782164425125, 0.3461211613798389, 0.3963715575376138, 0.43145180601096006, 0.4572751108452499, 0.48157866257223547, 0.4888047306855197, 0.49801849812592786], [0.0, 0.0, 0.0, 0.34288410585780216, 0.3937111461672262, 0.42684660162213095, 0.45322122670583775, 0.4768264448650731, 0.48479099228257444, 0.493441379428213], [0.0, 0.0, 0.0, 0.0, 0.390343069652895, 0.42212000628107466, 0.4487509797887314, 0.4721151409808032, 0.4804578285965573, 0.48875807101902946], [0.0, 0.0, 0.0, 0.0, 0.0, 0.41612088176189366, 0.4429549799384902, 0.4661169168100288, 0.4758817696355576, 0.48340304365722514], [0.0, 0.0, 0.0, 0.0, 0.0, 0.0, 0.43949387626428793, 0.4623175384674326, 0.47217156454061343, 0.4794061511089591], [0.0, 0.0, 0.0, 0.0, 0.0, 0.0, 0.0, 0.4596417990678049, 0.47205888753632286, 0.4780132629539507], [0.0, 0.0, 0.0, 0.0, 0.0, 0.0, 0.0, 0.0, 0.47069432998224925, 0.4761798832781821], [0.0, 0.0, 0.0, 0.0, 0.0, 0.0, 0.0, 0.0, 0.0, 0.4717629682670727]], "vgg.features.6": [[0.05116853457190616, 0.2524446405516578, 0.33519385688878506, 0.38325202989953716, 0.4366829522892966, 0.5329929801470519, 0.4912451819522307, 0.5452227320733105, 0.522914777566293, 0.5380486688315992], [0.0, 0.2430054231542978, 0.32457833180715656, 0.3732782391405515, 0.4272459785922957, 0.5221952828930883, 0.4825592487641654, 0.5356587825423267, 0.5164591787535712, 0.5310187664001167], [0.0, 0.0, 0.33080373266453805, 0.3799133821934802, 0.43095822239616494, 0.5268938307534182, 0.4838578139326587, 0.5375855142848452, 0.5186708046732601, 0.5313954806160199], [0.0, 0.0, 0.0, 0.39855210193756385, 0.441756380426362, 0.5314767725171777, 0.49247512456774534, 0.5409283809955697, 0.5233761483203669, 0.5356040596094414], [0.0, 0.0, 0.0, 0.0, 0.4471216388710853, 0.5352829388096669, 0.49735836007147294, 0.5470522335236181, 0.5303517123845355, 0.5414763748560584], [0.0, 0.0, 0.0, 0.0, 0.0, 0.5343930954089677, 0.49572028355138453, 0.5456828787374555, 0.5306056195086495, 0.5396906531599784], [0.0, 0.0, 0.0, 0.0, 0.0, 0.0, 0.4917143324668197, 0.5414649848583499, 0.5277859437308816, 0.5364442460755017], [0.0, 0.0, 0.0, 0.0, 0.0, 0.0, 0.0, 0.5384956113653375, 0.5253227038305525, 0.5329987288475679], [0.0, 0.0, 0.0, 0.0, 0.0, 0.0, 0.0, 0.0, 0.5284078088877373, 0.5358878998587265], [0.0, 0.0, 0.0, 0.0, 0.0, 0.0, 0.0, 0.0, 0.0, 0.5330014646663276]], "vgg.features.8": [[0.054535628013866376, 0.3289692488562504, 0.49074589613785324, 0.546120042208619, 0.6793929671954765, 0.8696328752426856, 0.8070683216354021, 0.9067316342174059, 0.8847780599685334, 0.9153914472117183], [0.0, 0.32147678484366654, 0.4765861954254167, 0.5323986561897514, 0.664216441076256, 0.8523640190603103, 0.7934569215043152, 0.8900030089467058, 0.8737432357207375, 0.9049822115826059], [0.0, 0.0, 0.4750139777023299, 0.5330763069123738, 0.6634817951174958, 0.8606686244346938, 0.7970752994555529, 0.8973729944062412, 0.8781159806904961, 0.9105646903211232], [0.0, 0.0, 0.0, 0.5215736528482493, 0.6467363387247484, 0.8364074402622333, 0.7804697517369353, 0.8762437158157818, 0.8616196797303745, 0.8953286877956688], [0.0, 0.0, 0.0, 0.0, 0.6387549425055551, 0.8308635434447725, 0.7755841762879575, 0.8709100716820011, 0.8570861798294284, 0.8901849578845464], [0.0, 0.0, 0.0, 0.0, 0.0, 0.8285397891305756, 0.7736763830389536, 0.8705405521362353, 0.8569968461307097, 0.8874389983972933], [0.0, 0.0, 0.0, 0.0, 0.0, 0.0, 0.7645088554380622, 0.8612445114866201, 0.8478877943912307, 0.8788008622832855], [0.0, 0.0, 0.0, 0.0, 0.0, 0.0, 0.0, 0.8531533139862312, 0.839932170550199, 0.8717675889457045], [0.0, 0.0, 0.0, 0.0, 0.0, 0.0, 0.0, 0.0, 0.8442181473621974, 0.8749769547586908], [0.0, 0.0, 0.0, 0.0, 0.0, 0.0, 0.0, 0.0, 0.0, 0.8603991779369774]], "vgg.features.11": [[0.06935481908110835, 0.43285341742712236, 0.6768809111159959, 0.872162635796286, 0.9932767057225765, 1.1931991188233295, 1.1983393000220017, 1.245343950841009, 1.2602644254131714, 1.2774745759318709], [0.0, 0.4190495210919151, 0.6617182070392619, 0.8625610667081374, 0.9839677111059255, 1.184799920090691, 1.1916056336882743, 1.2377817969112592, 1.2536946262160076, 1.2721836871895231], [0.0, 0.0, 0.6732910279060408, 0.8686307352477542, 0.9899729742627198, 1.1936661538373297, 1.1905238867237142, 1.2395534609846355, 1.2480667042538989, 1.2658193703270522], [0.0, 0.0, 0.0, 0.8607058471637578, 0.9723266975183538, 1.1744368022175506, 1.1809236507408543, 1.2307358584533132, 1.2417555091693544, 1.2638606473830287], [0.0, 0.0, 0.0, 0.0, 0.9580295174719734, 1.1594690588703525, 1.1620728919418468, 1.214882747225772, 1.2251753206179679, 1.2472207271044171], [0.0, 0.0, 0.0, 0.0, 0.0, 1.1596433509456856, 1.1661091799850616, 1.2214054243156274, 1.2331444008369423, 1.2506079594029338], [0.0, 0.0, 0.0, 0.0, 0.0, 0.0, 1.1473500752769155, 1.2033054851124858, 1.210631953574944, 1.2295067686583736], [0.0, 0.0, 0.0, 0.0, 0.0, 0.0, 0.0, 1.1975622583396794, 1.2053831898018232, 1.2276804234365193], [0.0, 0.0, 0.0, 0.0, 0.0, 0.0, 0.0, 0.0, 1.205107885508981, 1.2276364880680892], [0.0, 0.0, 0.0, 0.0, 0.0, 0.0, 0.0, 0.0, 0.0, 1.2041631257685235]], "vgg.features.13": [[0.11905699830985608, 0.7566176005475778, 1.1593292681091718, 1.196622695919206, 1.3167099298211398, 1.3222796529338374, 1.330513659666513, 1.3641284815013508, 1.3493581034978057, 1.3501582348500318], [0.0, 0.7365640404135129, 1.1439231744583955, 1.1814076780740186, 1.303663840789283, 1.3101187298674268, 1.324251221431093, 1.3561969911974112, 1.3418905972358008, 1.3558840775136909], [0.0, 0.0, 1.1262353745029314, 1.1686809123885324, 1.2894511554251002, 1.3229461221375012, 1.3251489932480485, 1.3602367305511456, 1.3471586436580485, 1.3477184215511913], [0.0, 0.0, 0.0, 1.1508981243430227, 1.2390550179333613, 1.314875989263719, 1.320302246350384, 1.3726866578288914, 1.3432584904920728, 1.3668471868510068], [0.0, 0.0, 0.0, 0.0, 1.237769526501073, 1.3209265105190782, 1.3136483367151437, 1.3609435918483996, 1.3406367247365019, 1.350326891642738], [0.0, 0.0, 0.0, 0.0, 0.0, 1.3308591670234833, 1.3195490441696027, 1.3730573872182736, 1.3478853190911204, 1.3483456122152733], [0.0, 0.0, 0.0, 0.0, 0.0, 0.0, 1.309775140055477, 1.36742837720993, 1.3384939071443294, 1.3388396921769599], [0.0, 0.0, 0.0, 0.0, 0.0, 0.0, 0.0, 1.369200071368267, 1.3379734772828986, 1.3476039992829636], [0.0, 0.0, 0.0, 0.0, 0.0, 0.0, 0.0, 0.0, 1.3452700332738738, 1.3575443733391894], [0.0, 0.0, 0.0, 0.0, 0.0, 0.0, 0.0, 0.0, 0.0, 1.3369587299330419]]}