{"vgg.features.3": [[0.03402051453162913, 0.24179532965841596, 0.33137472493272585, 0.35148837950874395, 0.4012703699362276, 0.4382985216372317, 0.46428337441254497, 0.4895746612549136, 0.49537467893732456, 0.5053286215895603], [0.0, 0.23602257307996755, 0.3264534209771711, 0.34730318620607603, 0.3978694198189937, 0.4335070385660554, 0.459869656071228, 0.4846153783365996, 0.4915547605432592, 0.5013792875446873], [0.0, 0.0, 0.32311403032083463, 0.34424756253767913, 0.394534084792973, 0.4296808579328957, 0.4555409079715647, 0.47987031535832136, 0.48714360937174844, 0.49644430922746996], [0.0, 0.0, 0.0, 0.34101172115535583, 0.39185457285004494, 0.42505747400682337, 0.4514717587416083, 0.4751193780264109, 0.4830992430072568, 0.49183238223131764], [0.0, 0.0, 0.0, 0.0, 0.3884973835072396, 0.42030428939122233, 0.4469860798885068, 0.47043791008120683, 0.47881494723044943, 0.48718218960584814], [0.0, 0.0, 0.0, 0.0, 0.0, 0.41428689510243877, 0.4411804385640931, 0.46439104948245186, 0.47422422568812506, 0.48180605157025613], [0.0, 0.0, 0.0, 0.0, 0.0, 0.0, 0.4376755162562477, 0.46058989757427027, 0.4704389620582838, 0.4778000772063466], [0.0, 0.0, 0.0, 0.0, 0.0, 0.0, 0.0, 0.45787551203159904, 0.47034690582673383, 0.4763951190872132], [0.0, 0.0, 0.0, 0.0, 0.0, 0.0, 0.0, 0.0, 0.46897658464325315, 0.47447934127819796], [0.0, 0.0, 0.0, 0.0, 0.0, 0.0, 0.0, 0.0, 0.0, 0.4701015603174671]], "vgg.features.6": [[0.050698571615639815, 0.2520179229970521, 0.3348387462177798, 0.38292695355924, 0.4364103710153607, 0.5327406018118789, 0.49093056457430706, 0.54497749512085, 0.5226236855901875, 0.5377549287992163], [0.0, 0.2425992987082888, 0.32420683540958356, 0.37294703397277024, 0.4269628457678734, 0.5219495741307356, 0.4822614609367886, 0.5354144833483757, 0.5161606837968266, 0.5307299151204217], [0.0, 0.0, 0.33043873769866056, 0.37956366784484474, 0.4306621991701816, 0.5266484750822945, 0.48353609463995784, 0.5373213010790362, 0.5183584018733394, 0.5310784924900055], [0.0, 0.0, 0.0, 0.3982283204558506, 0.4414884066273271, 0.5312204069772767, 0.4921749501042854, 0.5406834695776077, 0.5230946889373064, 0.5353168082722604], [0.0, 0.0, 0.0, 0.0, 0.4468669246495547, 0.5350759400896454, 0.49705727565281443, 0.5468212446964434, 0.5300855438715495, 0.541202838039513], [0.0, 0.0, 0.0, 0.0, 0.0, 0.5341535184655174, 0.4954165569339056, 0.5454469998924037, 0.5303112545235111, 0.5393903312981626], [0.0, 0.0, 0.0, 0.0, 0.0, 0.0, 0.4913991587613659, 0.5412544378408831, 0.5275123068812858, 0.5361473512601997], [0.0, 0.0, 0.0, 0.0, 0.0, 0.0, 0.0, 0.5382506823387762, 0.5250400366978141, 0.5327210030354923], [0.0, 0.0, 0.0, 0.0, 0.0, 0.0, 0.0, 0.0, 0.5281365724408674, 0.5355902813282398], [0.0, 0.0, 0.0, 0.0, 0.0, 0.0, 0.0, 0.0, 0.0, 0.5327299223198966]], "vgg.features.8": [[0.05402402762922653, 0.32866377706760896, 0.49053292320905695, 0.5459011026342365, 0.6792104184059293, 0.8695169737066856, 0.806910500188693, 0.9066104233713398, 0.8846716905360859, 0.9152775668562367], [0.0, 0.3211522528454993, 0.47636223387776583, 0.5321523548121452, 0.664027352329463, 0.8522498341485059, 0.7932859566040803, 0.8898885072026111, 0.8736247498471276, 0.9048623844090005], [0.0, 0.0, 0.4747564971855468, 0.5328456260710178, 0.6632985576831041, 0.8605691583582897, 0.7969140815612531, 0.8972567754440127, 0.8779938556230108, 0.9104508612811163], [0.0, 0.0, 0.0, 0.5213217084518665, 0.6465650704025226, 0.8362883135413203, 0.7803079411240265, 0.8761312876563226, 0.8615023792597936, 0.8952102458501918], [0.0, 0.0, 0.0, 0.0, 0.6385553583669366, 0.8307520898312863, 0.7754242101476811, 0.8707993886709539, 0.8569670762564187, 0.8900685350259915], [0.0, 0.0, 0.0, 0.0, 0.0, 0.8284211603351117, 0.7735257173010487, 0.8704290054199866, 0.8568710248049622, 0.8873247651071262], [0.0, 0.0, 0.0, 0.0, 0.0, 0.0, 0.7643509749294601, 0.861128347787253, 0.8477669822479841, 0.8786830021963735], [0.0, 0.0, 0.0, 0.0, 0.0, 0.0, 0.0, 0.8530283946715497, 0.839808036672831, 0.8716413624509255], [0.0, 0.0, 0.0, 0.0, 0.0, 0.0, 0.0, 0.0, 0.8440947017671656, 0.8748495503291047], [0.0, 0.0, 0.0, 0.0, 0.0, 0.0, 0.0, 0.0, 0.0, 0.8602822680518591]], "vgg.features.11": [[0.06920948475602635, 0.43258193948496565, 0.6766433053219286, 0.8719389644015003, 0.9930714655061204, 1.1930427803576424, 1.1981638799580503, 1.2451843342827926, 1.2601148028348363, 1.2773341585233773], [0.0, 0.4188040525361243, 0.6614919282206667, 0.8623443552331459, 0.9837633601727602, 1.1846414399645884, 1.191428697337985, 1.2376191417413827, 1.2535394592935811, 1.272040034750605], [0.0, 0.0, 0.6730687509643528, 0.8684164537501405, 0.9897688653654895, 1.1935093165051578, 1.1903461590591293, 1.239393602760993, 1.2479149882245242, 1.265675281637879], [0.0, 0.0, 0.0, 0.8604881066390251, 0.9721196942357554, 1.174277413061684, 1.1807486805355094, 1.2305793958160072, 1.2415931822913635, 1.263715299171026], [0.0, 0.0, 0.0, 0.0, 0.9578163697046523, 1.1593045121769567, 1.1618957645719772, 1.214725854299454, 1.2250044861776115, 1.2470666412239946], [0.0, 0.0, 0.0, 0.0, 0.0, 1.1594784371078797, 1.1659293225841063, 1.2212515589608648, 1.232978448822307, 1.250460880251932], [0.0, 0.0, 0.0, 0.0, 0.0, 0.0, 1.1471673599403025, 1.2031524667738087, 1.2104738527585743, 1.2293613783915116], [0.0, 0.0, 0.0, 0.0, 0.0, 0.0, 0.0, 1.1974074883493318, 1.2052223365729795, 1.2275318276069636], [0.0, 0.0, 0.0, 0.0, 0.0, 0.0, 0.0, 0.0, 1.204945238269858, 1.227488626831751], [0.0, 0.0, 0.0, 0.0, 0.0, 0.0, 0.0, 0.0, 0.0, 1.204012499888627]], "vgg.features.13": [[0.11881813444946529, 0.7563354597340842, 1.1591413053260502, 1.1964528060098987, 1.3165873722706192, 1.32217956559458, 1.3304096149133524, 1.3640404085952142, 1.349269438355743, 1.3500768778240797], [0.0, 0.7362734179938036, 1.1437232678679867, 1.181235063177555, 1.303539450652306, 1.3100179637643719, 1.324148557178091, 1.356109683487431, 1.3418005549229488, 1.3558033512566043], [0.0, 0.0, 1.1260377951425005, 1.1685111839106177, 1.2893240576212248, 1.3228491936326043, 1.3250527398126535, 1.3601572000555437, 1.3470771076303647, 1.3476410690841203], [0.0, 0.0, 0.0, 1.1507341941262001, 1.2389224127865028, 1.3147863013764893, 1.3202072512855616, 1.3726133871410977, 1.343179039047691, 1.3667770222323494], [0.0, 0.0, 0.0, 0.0, 1.2376386943556077, 1.3208377530056779, 1.313555265321142, 1.3608679054504498, 1.3405580742649557, 1.3502553692779993], [0.0, 0.0, 0.0, 0.0, 0.0, 1.3307685939417637, 1.3194533117682572, 1.3729818498419255, 1.3478099714637053, 1.348272700911441], [0.0, 0.0, 0.0, 0.0, 0.0, 0.0, 1.3096789903936386, 1.367352942105175, 1.3384140798194615, 1.3387666567291754], [0.0, 0.0, 0.0, 0.0, 0.0, 0.0, 0.0, 1.3691223919244155, 1.337896247086727, 1.3475333892922003], [0.0, 0.0, 0.0, 0.0, 0.0, 0.0, 0.0, 0.0, 1.3451921868239045, 1.3574757817831369], [0.0, 0.0, 0.0, 0.0, 0.0, 0.0, 0.0, 0.0, 0.0, 1.3368842719504117]]}