{"vgg.features.3": [[0.035809302566042214, 0.2610865019055031, 0.3430555578182406, 0.36481544087170803, 0.4179940800236212, 0.460584006686177, 0.4776015176669767, 0.5048383861749939, 0.5092355188546198, 0.5245481844695676], [0.0, 0.2556473010808294, 0.33845996243806464, 0.3610678816914641, 0.4149032280113307, 0.4565568456732307, 0.47365046598696287, 0.5003798581170226, 0.5058467933966633, 0.521115772754799], [0.0, 0.0, 0.3352426891595263, 0.3583094196224363, 0.4118431546113369, 0.4528685032597387, 0.46972838483351864, 0.49597413846989896, 0.5018009874444331, 0.5166956349720438], [0.0, 0.0, 0.0, 0.355543169455271, 0.40941717326517685, 0.44913651452515246, 0.46644660767586565, 0.4919644284620175, 0.49849254306663227, 0.5129818500585263], [0.0, 0.0, 0.0, 0.0, 0.40588262363631045, 0.4444263240607433, 0.4620073089959303, 0.4871335664817931, 0.4939750715057723, 0.5081515545502471], [0.0, 0.0, 0.0, 0.0, 0.0, 0.44000706980112697, 0.4577479570902561, 0.4826433500506115, 0.4906266737307892, 0.504119915979666], [0.0, 0.0, 0.0, 0.0, 0.0, 0.0, 0.4546768998357788, 0.4793413807297256, 0.4873957650098543, 0.5008082669849854], [0.0, 0.0, 0.0, 0.0, 0.0, 0.0, 0.0, 0.47633097174129446, 0.48675372067054656, 0.49888523430042137], [0.0, 0.0, 0.0, 0.0, 0.0, 0.0, 0.0, 0.0, 0.48499509565843746, 0.49677506064380134], [0.0, 0.0, 0.0, 0.0, 0.0, 0.0, 0.0, 0.0, 0.0, 0.4922936814249507]], "vgg.features.6": [[0.050524182160504305, 0.27332981147379304, 0.35810403404274116, 0.4005629047037717, 0.45951525426942746, 0.5531352236193292, 0.5198619326078524, 0.567828761444588, 0.545575794862186, 0.5625099509814029], [0.0, 0.26389757758124366, 0.3476207968297022, 0.39087969623801505, 0.450446777314391, 0.5431486358643056, 0.5116690882250525, 0.5586871343159135, 0.5392140052815001, 0.5556194811059224], [0.0, 0.0, 0.3516648318926748, 0.3955462492798304, 0.45222546384259615, 0.5454075848480462, 0.5114415338611817, 0.5589535305073767, 0.5399489477209165, 0.554836144843424], [0.0, 0.0, 0.0, 0.4094424309165848, 0.45974988391528826, 0.5486327855726162, 0.5177759393668716, 0.5611296624938986, 0.5434211942290846, 0.5582202576301418], [0.0, 0.0, 0.0, 0.0, 0.4629902589795134, 0.5505997263985615, 0.5204520186593373, 0.5649322902342159, 0.5479365677537555, 0.5616045496097515], [0.0, 0.0, 0.0, 0.0, 0.0, 0.5522753072426072, 0.5213211670601302, 0.565979593058996, 0.5502652736502692, 0.5621112519667911], [0.0, 0.0, 0.0, 0.0, 0.0, 0.0, 0.5167929297966302, 0.5614829180464418, 0.5469637690945864, 0.5586887124669053], [0.0, 0.0, 0.0, 0.0, 0.0, 0.0, 0.0, 0.557400943738271, 0.5436910007154427, 0.5540442113862313], [0.0, 0.0, 0.0, 0.0, 0.0, 0.0, 0.0, 0.0, 0.545132543765942, 0.5552664466196437], [0.0, 0.0, 0.0, 0.0, 0.0, 0.0, 0.0, 0.0, 0.0, 0.5518307496499332]], "vgg.features.8": [[0.055232404304415436, 0.3411784076046294, 0.5021043650435948, 0.5535278825990931, 0.6779972340204058, 0.8384475969439196, 0.795985937595881, 0.8771541577678333, 0.8642636214588634, 0.8928842768717961], [0.0, 0.3320378628613984, 0.4874154992562476, 0.5396118956939617, 0.6635589372446031, 0.822482123823741, 0.7831230092529671, 0.8615513216585468, 0.8535468133694228, 0.8826432104862653], [0.0, 0.0, 0.4841289602210838, 0.5385190261518864, 0.6603994699431425, 0.825253816991737, 0.7826526229734639, 0.864085581854818, 0.8542974036048052, 0.8845497367013966], [0.0, 0.0, 0.0, 0.5280328009388948, 0.6460864031652265, 0.8057899171328591, 0.7694618487830623, 0.8468861452860973, 0.840857442334823, 0.8720699297481793], [0.0, 0.0, 0.0, 0.0, 0.6372347269100854, 0.7987128373429493, 0.7628352540696145, 0.8397011080911417, 0.8344509998770325, 0.8650371280759843], [0.0, 0.0, 0.0, 0.0, 0.0, 0.7982795310897569, 0.7624301237364101, 0.8406811570398124, 0.8352048513303412, 0.8637980155670242], [0.0, 0.0, 0.0, 0.0, 0.0, 0.0, 0.7525654745435261, 0.8309870581703963, 0.8257250823434475, 0.8553360633116571], [0.0, 0.0, 0.0, 0.0, 0.0, 0.0, 0.0, 0.8204140977236714, 0.815445506234379, 0.8453315085307257], [0.0, 0.0, 0.0, 0.0, 0.0, 0.0, 0.0, 0.0, 0.8168438700461553, 0.8459497881178425], [0.0, 0.0, 0.0, 0.0, 0.0, 0.0, 0.0, 0.0, 0.0, 0.8344952420642571]], "vgg.features.11": [[0.06928623740533603, 0.4393570156395629, 0.6815960801077012, 0.8643514531194262, 0.9768680148832951, 1.155001085544312, 1.171916751314343, 1.2257335287388027, 1.240066209432959, 1.2583132042978697], [0.0, 0.42537839015432627, 0.6659633269070631, 0.8543574930293434, 0.9674335973141146, 1.1454415002464016, 1.1643168838299125, 1.2176476759821666, 1.2335586391178466, 1.2532443614543907], [0.0, 0.0, 0.673181116867607, 0.8571219652425058, 0.9695752941177269, 1.1483462136395477, 1.159718627811021, 1.2149773700899056, 1.2267387838774473, 1.2468809979580238], [0.0, 0.0, 0.0, 0.8508741049496508, 0.9550833770645489, 1.1326511593995119, 1.1513649538140178, 1.206420892269839, 1.220629827688652, 1.2447545879464303], [0.0, 0.0, 0.0, 0.0, 0.9414161581529501, 1.116380041059981, 1.1301370062957654, 1.1841216303009297, 1.2003476142893306, 1.2256552914060175], [0.0, 0.0, 0.0, 0.0, 0.0, 1.118310134286806, 1.1352512815558322, 1.1927970324108634, 1.2103245411273527, 1.2304403952876117], [0.0, 0.0, 0.0, 0.0, 0.0, 0.0, 1.1163043131865489, 1.1723529618178545, 1.1880818007666245, 1.2114093201284286], [0.0, 0.0, 0.0, 0.0, 0.0, 0.0, 0.0, 1.161351907794121, 1.1785913018994758, 1.2055873447322434], [0.0, 0.0, 0.0, 0.0, 0.0, 0.0, 0.0, 0.0, 1.1750868832118215, 1.203470375932324], [0.0, 0.0, 0.0, 0.0, 0.0, 0.0, 0.0, 0.0, 0.0, 1.1831347192574984]], "vgg.features.13": [[0.11527901684371107, 0.7457682446521727, 1.1210986020419147, 1.1835152509630227, 1.2800853513684094, 1.289559997260527, 1.3154829229885487, 1.3340782915027773, 1.3390795965424493, 1.3783677089507993], [0.0, 0.7239664071274551, 1.095735452598128, 1.1689414550285397, 1.2661361076784898, 1.2764982356631203, 1.311425798754559, 1.3275180920161636, 1.3337562316179823, 1.3843629673793136], [0.0, 0.0, 1.0771166944586021, 1.1524225840226603, 1.243857776172767, 1.2855387285136284, 1.3132089476654025, 1.3288058994636438, 1.337170471189435, 1.376897621196618], [0.0, 0.0, 0.0, 1.1391598357878756, 1.1991468960600882, 1.284274934798734, 1.316868002712722, 1.353077198720574, 1.3426445202701158, 1.3940747963362032], [0.0, 0.0, 0.0, 0.0, 1.201128723972351, 1.293321448553116, 1.3117575160221566, 1.3433374902717978, 1.3390567250382917, 1.381916032136323], [0.0, 0.0, 0.0, 0.0, 0.0, 1.3046887574533148, 1.318986788774285, 1.3607195197507467, 1.346811544057676, 1.3808365962464713], [0.0, 0.0, 0.0, 0.0, 0.0, 0.0, 1.3076386694576847, 1.3509404511684364, 1.3372958363469525, 1.3725441429403964], [0.0, 0.0, 0.0, 0.0, 0.0, 0.0, 0.0, 1.3452067972115347, 1.3342018654767724, 1.3778512593717678], [0.0, 0.0, 0.0, 0.0, 0.0, 0.0, 0.0, 0.0, 1.3397136758831554, 1.384633958590075], [0.0, 0.0, 0.0, 0.0, 0.0, 0.0, 0.0, 0.0, 0.0, 1.3681002862813763]]}