{"vgg.features.3": [[0.03465594588419815, 0.24470111801826858, 0.3342129653593687, 0.35663448588373375, 0.4063237856091393, 0.44234901107457386, 0.470386097516973, 0.49524701878798155, 0.5001230927157282, 0.5109377827857143], [0.24470111801826858, 0.23902287396582136, 0.3294755044893291, 0.35277362530100476, 0.4029694002177988, 0.4379015973230767, 0.4661377697269451, 0.4904432106249208, 0.4964201565881011, 0.5071135316098901], [0.3342129653593687, 0.3294755044893291, 0.32542028714015525, 0.34910507219837883, 0.3991139590002667, 0.4334887335042793, 0.4613726967240801, 0.4852925300496914, 0.4914788598051111, 0.5017231893677258], [0.35663448588373375, 0.35277362530100476, 0.34910507219837883, 0.3459713947247479, 0.39657010971869844, 0.4292625853034163, 0.4575951022162135, 0.4809725074969502, 0.4876806787785128, 0.49740091406361114], [0.4063237856091393, 0.4029694002177988, 0.3991139590002667, 0.39657010971869844, 0.39285363524371436, 0.42419996977674795, 0.45296568653345715, 0.47607176516484895, 0.48323228654809786, 0.49265858855854494], [0.44234901107457386, 0.4379015973230767, 0.4334887335042793, 0.4292625853034163, 0.42419996977674795, 0.41860995383841015, 0.4476582556527917, 0.4707016252282725, 0.4793926538721594, 0.4878769170057714], [0.470386097516973, 0.4661377697269451, 0.4613726967240801, 0.4575951022162135, 0.45296568653345715, 0.4476582556527917, 0.44482384962914967, 0.46750560969746796, 0.47630984718005703, 0.48455959215108146], [0.49524701878798155, 0.4904432106249208, 0.4852925300496914, 0.4809725074969502, 0.47607176516484895, 0.4707016252282725, 0.46750560969746796, 0.46430187647334037, 0.4758441126624941, 0.4827082563804316], [0.5001230927157282, 0.4964201565881011, 0.4914788598051111, 0.4876806787785128, 0.48323228654809786, 0.4793926538721594, 0.47630984718005703, 0.4758441126624941, 0.47406273920778513, 0.48050526972085256], [0.5109377827857143, 0.5071135316098901, 0.5017231893677258, 0.49740091406361114, 0.49265858855854494, 0.4878769170057714, 0.48455959215108146, 0.4827082563804316, 0.48050526972085256, 0.4756322404608223]], "vgg.features.6": [[0.05141799299361173, 0.25531977900808783, 0.3402884727119343, 0.38389936427069205, 0.44098316094172685, 0.5369467886227312, 0.5012885031314558, 0.5506429403543002, 0.5262604591146439, 0.5433178094940289], [0.25531977900808783, 0.2461788272122324, 0.3302924771477932, 0.3746448152205812, 0.4321664414747653, 0.5269586066969361, 0.49310414364215827, 0.5414657656988277, 0.5200903002722803, 0.5365290137582959], [0.3402884727119343, 0.3302924771477932, 0.33434013710782934, 0.37925966928812244, 0.43400936482795416, 0.5297944078881256, 0.4927498207672479, 0.5418194320195457, 0.5209467431939252, 0.5356000917740709], [0.38389936427069205, 0.3746448152205812, 0.37925966928812244, 0.3959485366601186, 0.44352415278749663, 0.5336544489832032, 0.5002140706412433, 0.5449019496365968, 0.5252173082118774, 0.5393975263378621], [0.44098316094172685, 0.4321664414747653, 0.43400936482795416, 0.44352415278749663, 0.44793825774990903, 0.5365290137582959, 0.5040058988467864, 0.5502490078211497, 0.5314576782682148, 0.5446683544834294], [0.5369467886227312, 0.5269586066969361, 0.5297944078881256, 0.5336544489832032, 0.5365290137582959, 0.53492068543659, 0.5017111675996074, 0.5484311569845302, 0.5315273004503352, 0.5424747665694541], [0.5012885031314558, 0.49310414364215827, 0.4927498207672479, 0.5002140706412433, 0.5040058988467864, 0.5017111675996074, 0.49731358804851195, 0.5437168260764159, 0.5282996589519284, 0.539158070737463], [0.5506429403543002, 0.5414657656988277, 0.5418194320195457, 0.5449019496365968, 0.5502490078211497, 0.5484311569845302, 0.5437168260764159, 0.540613059253224, 0.5258806144209361, 0.5352774299181677], [0.5262604591146439, 0.5200903002722803, 0.5209467431939252, 0.5252173082118774, 0.5314576782682148, 0.5315273004503352, 0.5282996589519284, 0.5258806144209361, 0.5288902444637354, 0.5379344572967278], [0.5433178094940289, 0.5365290137582959, 0.5356000917740709, 0.5393975263378621, 0.5446683544834294, 0.5424747665694541, 0.539158070737463, 0.5352774299181677, 0.5379344572967278, 0.5351224618028211]], "vgg.features.8": [[0.05518710516897282, 0.33120595136148084, 0.49425945466227694, 0.5430629556255138, 0.678556302021356, 0.8629272499700922, 0.8102511435540001, 0.9081091628591997, 0.8882684555689833, 0.9185535628857344], [0.33120595136148084, 0.32378932469414057, 0.48082458340855866, 0.5301806711754425, 0.6644728869227199, 0.8469216504053995, 0.7973083681871833, 0.8922229219312985, 0.8779545812196792, 0.9085065704665615], [0.49425945466227694, 0.48082458340855866, 0.4769676098598362, 0.5284539519445465, 0.6613836358948816, 0.8519946841147901, 0.7981023134643134, 0.8964828231776023, 0.8798705639350729, 0.9116629414004946], [0.5430629556255138, 0.5301806711754425, 0.5284539519445465, 0.516484733920381, 0.6443622791033103, 0.8279313451518823, 0.7810237024017588, 0.8751189438331791, 0.8626753885076641, 0.8950824507816296], [0.678556302021356, 0.6644728869227199, 0.6613836358948816, 0.6443622791033103, 0.6364191458065978, 0.8220166398426797, 0.7757535892239108, 0.8699523721557694, 0.8585210850014582, 0.8905819342421158], [0.8629272499700922, 0.8469216504053995, 0.8519946841147901, 0.8279313451518823, 0.8220166398426797, 0.818697506240942, 0.7729602725793593, 0.8691528227474385, 0.8582955995509823, 0.8878449180011684], [0.8102511435540001, 0.7973083681871833, 0.7981023134643134, 0.7810237024017588, 0.7757535892239108, 0.7729602725793593, 0.763053738430666, 0.8589716880952089, 0.8486104924635455, 0.8792210975515897], [0.9081091628591997, 0.8922229219312985, 0.8964828231776023, 0.8751189438331791, 0.8699523721557694, 0.8691528227474385, 0.8589716880952089, 0.8503966810282932, 0.8399738252045773, 0.870944018765683], [0.8882684555689833, 0.8779545812196792, 0.8798705639350729, 0.8626753885076641, 0.8585210850014582, 0.8582955995509823, 0.8486104924635455, 0.8399738252045773, 0.8439609488176258, 0.8738210417043081], [0.9185535628857344, 0.9085065704665615, 0.9116629414004946, 0.8950824507816296, 0.8905819342421158, 0.8878449180011684, 0.8792210975515897, 0.870944018765683, 0.8738210417043081, 0.862065517527183]],