{"vgg.features.3": [[0.03492269580807201, 0.2448583696103221, 0.3368606496709263, 0.3589862588746927, 0.40930760309823605, 0.44577584165680084, 0.4740533583003375, 0.49941052561092364, 0.5037633652420657, 0.5129337463470478], [0.0, 0.23868640000672375, 0.33175737122035764, 0.3547848805964144, 0.40560453004257313, 0.4409299146059675, 0.46948271860407825, 0.4943132350861632, 0.4997200749962196, 0.5087039746381283], [0.0, 0.0, 0.32772567548470666, 0.35111444766319283, 0.40180121882160275, 0.43658921019927593, 0.46468749473916815, 0.4891602537652485, 0.49473382540819216, 0.5032532961965437], [0.0, 0.0, 0.0, 0.3476652659482483, 0.3989320265941313, 0.4318321648341929, 0.4604326137376191, 0.4843061349997045, 0.4904632726537796, 0.4983649751550636], [0.0, 0.0, 0.0, 0.0, 0.3953488827605294, 0.42683589625602825, 0.45583255435605485, 0.47954332611334033, 0.486067932051646, 0.49364347265718317], [0.0, 0.0, 0.0, 0.0, 0.0, 0.4207695226364916, 0.4501151641925783, 0.47362889460267044, 0.48172156877889954, 0.48836850118126507], [0.0, 0.0, 0.0, 0.0, 0.0, 0.0, 0.44711013333258914, 0.4701919532123203, 0.4783889806766478, 0.48472075125288316], [0.0, 0.0, 0.0, 0.0, 0.0, 0.0, 0.0, 0.46678121907499626, 0.4777823393752069, 0.48266773683002046], [0.0, 0.0, 0.0, 0.0, 0.0, 0.0, 0.0, 0.0, 0.47604761578913274, 0.48050582792531704], [0.0, 0.0, 0.0, 0.0, 0.0, 0.0, 0.0, 0.0, 0.0, 0.4757446520097167]], "vgg.features.6": [[0.05181240717117043, 0.2555947770422505, 0.3419062034071461, 0.38679525946355336, 0.4442233077041775, 0.5458203900353027, 0.5039543872287295, 0.5580010513026126, 0.5339236665213505, 0.5512539166427088], [0.0, 0.24570937398537415, 0.3311796004668568, 0.37673043798277733, 0.4346172439864822, 0.535098602134662, 0.49491663825127175, 0.548066950237501, 0.527035121846305, 0.5436910037911928], [0.0, 0.0, 0.33585334510254505, 0.3820721704492439, 0.4371318302753827, 0.5385315268730695, 0.4951547647399222, 0.548874668571462, 0.5282605094027124, 0.5431055742391444], [0.0, 0.0, 0.0, 0.3984985375959697, 0.44602741300520937, 0.5411653279636995, 0.5015806822615868, 0.5505746823168184, 0.5311493140075104, 0.5452553285835777], [0.0, 0.0, 0.0, 0.0, 0.45071320593262826, 0.5439592270154843, 0.5055302409002523, 0.5559248107836344, 0.5373551313203059, 0.5504611608832348], [0.0, 0.0, 0.0, 0.0, 0.0, 0.5412922959055361, 0.5022919564903665, 0.5530238671773966, 0.5364178732782219, 0.5472526815871883], [0.0, 0.0, 0.0, 0.0, 0.0, 0.0, 0.49781656412735065, 0.5481045418436331, 0.5329642724177882, 0.5435797661444304], [0.0, 0.0, 0.0, 0.0, 0.0, 0.0, 0.0, 0.5442970371408522, 0.5298047399439991, 0.5389711191243527], [0.0, 0.0, 0.0, 0.0, 0.0, 0.0, 0.0, 0.0, 0.5329995636946437, 0.5418050024674659], [0.0, 0.0, 0.0, 0.0, 0.0, 0.0, 0.0, 0.0, 0.0, 0.538602275144589]], "vgg.features.8": [[0.05503902217434001, 0.33477369989338807, 0.49867014645450086, 0.5503693905347318, 0.6883241298903947, 0.8833997372440132, 0.8231884190171561, 0.9287830424126887, 0.9068572126475424, 0.9366086361010801], [0.0, 0.3264886709169704, 0.4840716026610478, 0.5360576061332439, 0.6727071548507412, 0.8662336922540074, 0.8087647733277716, 0.9115355754678857, 0.8953096023163345, 0.9253178501233972], [0.0, 0.0, 0.48174652243793686, 0.5360129560623965, 0.6712967575646641, 0.8732221600640978, 0.8114146174999078, 0.9175029270326847, 0.8984743519033112, 0.9297184063578587], [0.0, 0.0, 0.0, 0.5218888422837369, 0.6521624805250938, 0.84725610918322, 0.7921452685146577, 0.8939899835729411, 0.8793749795289008, 0.911079529025197], [0.0, 0.0, 0.0, 0.0, 0.6440572622207962, 0.8407951261601561, 0.7864847324005786, 0.8883465854437153, 0.8745565912233795, 0.9059154509068039], [0.0, 0.0, 0.0, 0.0, 0.0, 0.8363096774039426, 0.7828083860309515, 0.8864318150136209, 0.873370492572558, 0.9021253972903606], [0.0, 0.0, 0.0, 0.0, 0.0, 0.0, 0.7726316801362632, 0.8757604786105266, 0.8631401588809504, 0.8926990212599518], [0.0, 0.0, 0.0, 0.0, 0.0, 0.0, 0.0, 0.8660868759058149, 0.8533527781844619, 0.8833903496505567], [0.0, 0.0, 0.0, 0.0, 0.0, 0.0, 0.0, 0.0, 0.8573543198901519, 0.8861520870287075], [0.0, 0.0, 0.0, 0.0, 0.0, 0.0, 0.0, 0.0, 0.0, 0.872607309010508]], "vgg.features.11": [[0.07104169284510232, 0.4351074395095305, 0.6830821199877494, 0.878022449659482, 0.999251690080931, 1.195841066224224, 1.200418575580327, 1.2507970753323268, 1.2680082261363326, 1.282478123157381], [0.0, 0.42016943458615386, 0.666955167307486, 0.8677810347106095, 0.9895221932978865, 1.1871399033241152, 1.193433959690666, 1.2434809676234573, 1.2623489078463117, 1.277737239311566], [0.0, 0.0, 0.679416389358046, 0.8752636791242266, 0.9975791891842062, 1.1962734214584874, 1.1926624332895863, 1.2449665326827197, 1.2570705084095293, 1.271226789365238], [0.0, 0.0, 0.0, 0.8635359092781425, 0.9763911571506331, 1.1740032037675752, 1.1802529341331602, 1.2349511828518827, 1.250287740368972, 1.2686563764984922], [0.0, 0.0, 0.0, 0.0, 0.9640889485738136, 1.1594780377818492, 1.161887974321258, 1.219763356269787, 1.2344246986233456, 1.253692759584902], [0.0, 0.0, 0.0, 0.0, 0.0, 1.158070926696323, 1.1650157186203798, 1.2261403993103137, 1.2415982543221793, 1.256147333282687], [0.0, 0.0, 0.0, 0.0, 0.0, 0.0, 1.145826179882624, 1.2071719818311382, 1.219089212673088, 1.2363099793336023], [0.0, 0.0, 0.0, 0.0, 0.0, 0.0, 0.0, 1.199538898414468, 1.2111191785489952, 1.232309444432004], [0.0, 0.0, 0.0, 0.0, 0.0, 0.0, 0.0, 0.0, 1.2116438105041278, 1.233209827560483], [0.0, 0.0, 0.0, 0.0, 0.0, 0.0, 0.0, 0.0, 0.0, 1.2116990578778226]], "vgg.features.13": [[0.12161115793882102, 0.7665299546134322, 1.1442946755168046, 1.2155641809322277, 1.3062464423351625, 1.3120174024355677, 1.333534942093911, 1.3646813064634213, 1.3551913195200302, 1.3767648689608418], [0.0, 0.7393997649382329, 1.127529459685162, 1.2002359184784035, 1.2972490975517534, 1.298929812535439, 1.326693546790785, 1.3551660571043669, 1.3464044683473246, 1.3826446927295384], [0.0, 0.0, 1.1083008917070385, 1.188490238161094, 1.2890661329357083, 1.3134454739593315, 1.3314962779725799, 1.364347082671673, 1.3567825375112075, 1.3792210832470673], [0.0, 0.0, 0.0, 1.1620056828966587, 1.2356771474707962, 1.2990482857644383, 1.3162721712700525, 1.3726212630681223, 1.3508364490268892, 1.396771523784289], [0.0, 0.0, 0.0, 0.0, 1.2359476708849326, 1.3056128335450625, 1.3131303757093347, 1.3625692756155645, 1.3493038142325406, 1.384113984350629], [0.0, 0.0, 0.0, 0.0, 0.0, 1.3120689394733773, 1.3153536772252636, 1.3723436746422333, 1.3524695828760773, 1.3810703829553823], [0.0, 0.0, 0.0, 0.0, 0.0, 0.0, 1.3046715705662975, 1.3656236234272505, 1.3423151916250364, 1.3742011263641842], [0.0, 0.0, 0.0, 0.0, 0.0, 0.0, 0.0, 1.3651263731217933, 1.3375899206268806, 1.3824343184098968], [0.0, 0.0, 0.0, 0.0, 0.0, 0.0, 0.0, 0.0, 1.3474268681323749, 1.3919097683218533], [0.0, 0.0, 0.0, 0.0, 0.0, 0.0, 0.0, 0.0, 0.0, 1.3752805436357722]]}