{"vgg.features.3": [[0.0396632424821418, 0.3139714575338507, 0.4048103279886833, 0.4523022250872328, 0.5042935184640382, 0.5367970342089203, 0.5734317466966464, 0.5964684812381799, 0.6092663850946722, 0.623567327887769], [0.0, 0.3113980744469334, 0.4023148680420528, 0.4498785094286603, 0.501594902266607, 0.534133966525319, 0.5709520173412727, 0.5938144633620303, 0.6069043049312062, 0.621211782731173], [0.0, 0.0, 0.3999025266824963, 0.44771236907699635, 0.49900264817489026, 0.5314255693149974, 0.5682528287577718, 0.5911310400612498, 0.6042665918751717, 0.6185789999059015], [0.0, 0.0, 0.0, 0.4452990106287623, 0.49652639512313773, 0.5288889450510832, 0.5658362023352067, 0.5885939294151885, 0.6017674482359282, 0.615959758718265], [0.0, 0.0, 0.0, 0.0, 0.493690096311909, 0.5256230095254054, 0.5627812549468453, 0.585439576165501, 0.5989555012359772, 0.6131226164616483], [0.0, 0.0, 0.0, 0.0, 0.0, 0.5229489887745906, 0.5602934743795585, 0.5829138671106845, 0.596997446512839, 0.6108926494297269], [0.0, 0.0, 0.0, 0.0, 0.0, 0.0, 0.5578695421562251, 0.5803804022281717, 0.5946613539609734, 0.6085068865115812], [0.0, 0.0, 0.0, 0.0, 0.0, 0.0, 0.0, 0.5774624918170002, 0.5929595760257959, 0.6064256953056356], [0.0, 0.0, 0.0, 0.0, 0.0, 0.0, 0.0, 0.0, 0.5901002964829457, 0.6036853642241531], [0.0, 0.0, 0.0, 0.0, 0.0, 0.0, 0.0, 0.0, 0.0, 0.6019502071779489]], "vgg.features.6": [[0.05128677637986523, 0.3502555929525883, 0.4465912646111413, 0.4953264023688762, 0.5507215370721109, 0.5955066541141899, 0.621708195664775, 0.6536929563942359, 0.6520675270047003, 0.6646540062503877], [0.0, 0.3458778742681938, 0.4424699973647534, 0.4915984522610519, 0.5466980050675051, 0.5911044083766255, 0.6177133047205026, 0.6491567400726325, 0.6484086940761059, 0.6609456551547328], [0.0, 0.0, 0.43965872137453904, 0.48926187516507236, 0.5438180942575851, 0.5880445641152705, 0.6144506550311366, 0.6456923340396267, 0.6453678691329277, 0.6577430896473205], [0.0, 0.0, 0.0, 0.487080066821796, 0.5408901364071925, 0.5845204355326763, 0.6113610385832811, 0.6418534948422238, 0.6419279619563915, 0.6540927502598292], [0.0, 0.0, 0.0, 0.0, 0.5384479619119183, 0.5809254136715193, 0.6082305188366343, 0.6383470255061674, 0.6393600363128524, 0.6513131960541026], [0.0, 0.0, 0.0, 0.0, 0.0, 0.5772482334882044, 0.6049323346640753, 0.6347924466171966, 0.6368711175755474, 0.6483570740739745], [0.0, 0.0, 0.0, 0.0, 0.0, 0.0, 0.6018759935406589, 0.6313414172363655, 0.6339405168693371, 0.6452083099199674], [0.0, 0.0, 0.0, 0.0, 0.0, 0.0, 0.0, 0.626555673851811, 0.6311601252947913, 0.6417629893908872], [0.0, 0.0, 0.0, 0.0, 0.0, 0.0, 0.0, 0.0, 0.6293430040336743, 0.6399742275053422], [0.0, 0.0, 0.0, 0.0, 0.0, 0.0, 0.0, 0.0, 0.0, 0.6380284621794162]], "vgg.features.8": [[0.08103566750706123, 0.41417715978477426, 0.5235833092707459, 0.582939421102747, 0.6503040599524571, 0.7178845796617813, 0.7426699606853957, 0.7872764200173169, 0.7882360352665815, 0.8109407894222008], [0.0, 0.40922925068198257, 0.5191091992711477, 0.5790365829705664, 0.6458215857079509, 0.7130331617534572, 0.738481989092589, 0.7825948538924548, 0.7843860595038668, 0.8070933869603751], [0.0, 0.0, 0.5166785443713459, 0.5766758770851433, 0.6432054909638188, 0.7105419856529064, 0.7358847464305199, 0.7797458782423544, 0.7819071254378417, 0.8045470892096481], [0.0, 0.0, 0.0, 0.578728802848314, 0.6425959427589282, 0.7079130563574371, 0.7341252030261334, 0.7767864702208058, 0.7794246165384814, 0.8014624105002377], [0.0, 0.0, 0.0, 0.0, 0.6419638986450481, 0.7054920773610621, 0.7324010882142247, 0.7747717656330694, 0.7782646952286617, 0.7999552098301244], [0.0, 0.0, 0.0, 0.0, 0.0, 0.7022845768971027, 0.7288540348072128, 0.7710274681185723, 0.7757898490668682, 0.7965746667671935], [0.0, 0.0, 0.0, 0.0, 0.0, 0.0, 0.7247171358231934, 0.7665036741396756, 0.7721722336786216, 0.7927025910824552], [0.0, 0.0, 0.0, 0.0, 0.0, 0.0, 0.0, 0.7618969632367465, 0.7695250547509096, 0.7892493183245799], [0.0, 0.0, 0.0, 0.0, 0.0, 0.0, 0.0, 0.0, 0.7682679734793436, 0.7880269675128427], [0.0, 0.0, 0.0, 0.0, 0.0, 0.0, 0.0, 0.0, 0.0, 0.7854292844016669]], "vgg.features.11": [[0.0939465295229951, 0.4572795683241154, 0.6012694570255098, 0.6827912192549381, 0.7825934168644946, 0.8918696703447239, 0.9104864071127444, 0.9805188474371336, 0.9731569656611211, 1.0104082680807382], [0.0, 0.45024817607034084, 0.5932681852888938, 0.6758222714780516, 0.77571256121249, 0.8847853929545852, 0.9042233809008487, 0.9739929718870615, 0.9673272044362133, 1.004820770513966], [0.0, 0.0, 0.5917525737839971, 0.6746869059017324, 0.7743344015003462, 0.883566160506565, 0.902416084998928, 0.9717844311311568, 0.9654080088819096, 1.0029336938780036], [0.0, 0.0, 0.0, 0.6708371509571696, 0.7686616888852154, 0.8762229098296381, 0.8969046429969167, 0.9658548217874817, 0.9594515500690983, 0.9974366405900105], [0.0, 0.0, 0.0, 0.0, 0.7628698526031649, 0.869290943326473, 0.8903055150221169, 0.9593378502375474, 0.953914764285021, 0.9913787469535595], [0.0, 0.0, 0.0, 0.0, 0.0, 0.8649240582885475, 0.8867674774782678, 0.9555195575990629, 0.9517880501611741, 0.9885354130653343], [0.0, 0.0, 0.0, 0.0, 0.0, 0.0, 0.8809117673499224, 0.9495537330918419, 0.9463691541452314, 0.9835260934307257], [0.0, 0.0, 0.0, 0.0, 0.0, 0.0, 0.0, 0.940637711172214, 0.9399154933245035, 0.9767786848688162], [0.0, 0.0, 0.0, 0.0, 0.0, 0.0, 0.0, 0.0, 0.9386459842671434, 0.9753084426331815], [0.0, 0.0, 0.0, 0.0, 0.0, 0.0, 0.0, 0.0, 0.0, 0.9703409704678312]], "vgg.features.13": [[0.14108022478701385, 0.6165915885999506, 0.8088658786352261, 0.9471101774097371, 1.0616391434675612, 1.168237490306651, 1.2009231763224926, 1.2579356257547354, 1.2589278991025925, 1.2876492072255117], [0.0, 0.6076802727340621, 0.8004156911203564, 0.9410558730517533, 1.0567010654500386, 1.1641149363783003, 1.1977298502429747, 1.2549022084902164, 1.2561011915881362, 1.2852821279284499], [0.0, 0.0, 0.800973509147008, 0.9419895465708872, 1.0585807471546675, 1.1664588698732437, 1.1987582752753398, 1.2559622516751703, 1.256646672947894, 1.2851079405972632], [0.0, 0.0, 0.0, 0.9388424213626644, 1.0545452953555767, 1.162571250259401, 1.1966085133352382, 1.2536594698925299, 1.254582634506826, 1.2834566000594643], [0.0, 0.0, 0.0, 0.0, 1.0508150359246475, 1.157450116933744, 1.191597835797208, 1.2492223812324326, 1.2504235144650693, 1.2792848974343456], [0.0, 0.0, 0.0, 0.0, 0.0, 1.1547207224841904, 1.1886131667223407, 1.2471086069282737, 1.2489289421874081, 1.277679222378455], [0.0, 0.0, 0.0, 0.0, 0.0, 0.0, 1.183738869715949, 1.2430024303095775, 1.2446575083784923, 1.2739462321916977], [0.0, 0.0, 0.0, 0.0, 0.0, 0.0, 0.0, 1.2391968967830156, 1.241349947758395, 1.2709868540691003], [0.0, 0.0, 0.0, 0.0, 0.0, 0.0, 0.0, 0.0, 1.2411156386282296, 1.2710213854112042], [0.0, 0.0, 0.0, 0.0, 0.0, 0.0, 0.0, 0.0, 0.0, 1.2673221823541612]]}