{"vgg.features.3": [[0.04050804635764863, 0.31999216370083217, 0.4090767303436566, 0.4574576039684853, 0.5101953343617418, 0.5454105788646718, 0.5806504654809963, 0.6039676429904407, 0.6159957635199788, 0.6312139620798874], [0.0, 0.31754710506456196, 0.4066974765511775, 0.4551942247111008, 0.5077171588253537, 0.542972173986416, 0.5783434647870335, 0.6015187084512406, 0.6138555048926747, 0.6290672133454311], [0.0, 0.0, 0.404344702682043, 0.45306196861013537, 0.5052020336597435, 0.5403227610567396, 0.5757411915291769, 0.5989300214657515, 0.6113076607296126, 0.6265268040280566], [0.0, 0.0, 0.0, 0.45071554068407027, 0.502785146923816, 0.5379031629570658, 0.573403839963028, 0.5964858830792513, 0.6088724619978533, 0.6240176401220916], [0.0, 0.0, 0.0, 0.0, 0.500098481329909, 0.534815093710716, 0.5705115867614589, 0.5935001357473711, 0.6062017498667267, 0.6213031264332667], [0.0, 0.0, 0.0, 0.0, 0.0, 0.5321753791121263, 0.568026513514352, 0.5910332784160065, 0.6042187519670221, 0.619118844622973], [0.0, 0.0, 0.0, 0.0, 0.0, 0.0, 0.5657263495475918, 0.5886245259133871, 0.6019977839024735, 0.6168658214690356], [0.0, 0.0, 0.0, 0.0, 0.0, 0.0, 0.0, 0.5856915099605448, 0.6002301791828454, 0.6147589964209845], [0.0, 0.0, 0.0, 0.0, 0.0, 0.0, 0.0, 0.0, 0.5976397760967096, 0.6122814269751106], [0.0, 0.0, 0.0, 0.0, 0.0, 0.0, 0.0, 0.0, 0.0, 0.6105165895468426]], "vgg.features.6": [[0.05210461090337263, 0.3555537525853257, 0.44825743178683153, 0.4966900292823816, 0.5520363697945662, 0.5995825748014455, 0.6231904735130559, 0.6553082932527147, 0.6532652988074643, 0.666856852482121], [0.0, 0.35146864323286564, 0.4443163222143122, 0.493194293043433, 0.5484087483442831, 0.5955953760115307, 0.6195932085841824, 0.6511957929651898, 0.650084877881559, 0.663609336394678], [0.0, 0.0, 0.4415423885039477, 0.4909526892298462, 0.5456798360097157, 0.5926769690324749, 0.6165478829198319, 0.6479696637524067, 0.6472843980060184, 0.660656639184016], [0.0, 0.0, 0.0, 0.48886996764005924, 0.5428817248214313, 0.5894059254766697, 0.6136577343286106, 0.6443482879412115, 0.644100273672849, 0.6573061679732034], [0.0, 0.0, 0.0, 0.0, 0.5407739023039914, 0.5862746025974822, 0.6109619562771551, 0.6412650631441498, 0.64188415867005, 0.6548418024477924], [0.0, 0.0, 0.0, 0.0, 0.0, 0.5828035187979818, 0.6077322584540364, 0.637936889924758, 0.6394629194841562, 0.6520264687693654], [0.0, 0.0, 0.0, 0.0, 0.0, 0.0, 0.604947112350424, 0.6347802845682804, 0.6367907293111945, 0.6491968688596045], [0.0, 0.0, 0.0, 0.0, 0.0, 0.0, 0.0, 0.6301616582355237, 0.6340119595693076, 0.6457730570295286], [0.0, 0.0, 0.0, 0.0, 0.0, 0.0, 0.0, 0.0, 0.6326243262182735, 0.6443766669060872], [0.0, 0.0, 0.0, 0.0, 0.0, 0.0, 0.0, 0.0, 0.0, 0.6422416777556225]], "vgg.features.8": [[0.08136048093698263, 0.42002227351748284, 0.5269448581862762, 0.5855933793223055, 0.6506489518192401, 0.7182641660606517, 0.7428641985340619, 0.785576614346891, 0.7877793420964488, 0.8109622487839174], [0.0, 0.4154887851042282, 0.5225988475625015, 0.5820309964046799, 0.6466177032390937, 0.7139111163765818, 0.7391424629014853, 0.781347323376464, 0.7844775223012956, 0.8075871698336615], [0.0, 0.0, 0.5204428120864849, 0.579976023178305, 0.6443081983459831, 0.7115938110151013, 0.7365900558629763, 0.7785027302830547, 0.7820842400928728, 0.8050275269126718], [0.0, 0.0, 0.0, 0.5822117193221535, 0.6441368011244863, 0.7095314175225201, 0.7351827084944522, 0.7757789542314402, 0.7799099027474705, 0.8021841770496864], [0.0, 0.0, 0.0, 0.0, 0.6438085858688546, 0.7075880449089061, 0.7339529398953624, 0.7741849608718269, 0.7790039950024746, 0.801019247136038], [0.0, 0.0, 0.0, 0.0, 0.0, 0.7047985001474134, 0.7306245381873928, 0.7707328524968474, 0.7766837497182016, 0.7977552150281652], [0.0, 0.0, 0.0, 0.0, 0.0, 0.0, 0.7266215781581533, 0.766403729348805, 0.7732001956445699, 0.7940996658177896], [0.0, 0.0, 0.0, 0.0, 0.0, 0.0, 0.0, 0.7616061035382388, 0.7700804278466538, 0.7902547886937855], [0.0, 0.0, 0.0, 0.0, 0.0, 0.0, 0.0, 0.0, 0.7693223520726808, 0.7894161547636616], [0.0, 0.0, 0.0, 0.0, 0.0, 0.0, 0.0, 0.0, 0.0, 0.786632069343261]], "vgg.features.11": [[0.09598752768048309, 0.4593532884259979, 0.6035242802350876, 0.6850498951258863, 0.7843422657689506, 0.8961558130665055, 0.9107640987336697, 0.9818504124576454, 0.9734173044750632, 1.0111447041187107], [0.0, 0.4530671430622894, 0.5955978196838436, 0.6781078627023804, 0.7776730938752139, 0.8893944655399426, 0.9048551075806502, 0.9754644522355529, 0.9680739418502257, 1.005900050348546], [0.0, 0.0, 0.5942570442085877, 0.6772877538191722, 0.776531519955931, 0.8881598385820764, 0.903203479077223, 0.9734872297807452, 0.9663913946441776, 1.0043211528692277], [0.0, 0.0, 0.0, 0.6737321316298334, 0.7711901356738086, 0.8813933342891287, 0.8981664315317216, 0.967279353249085, 0.9607771371803647, 0.999028599338329], [0.0, 0.0, 0.0, 0.0, 0.7662314871494442, 0.8753146801141941, 0.8923697677881502, 0.9611889684245677, 0.9556907088223024, 0.993473208884834], [0.0, 0.0, 0.0, 0.0, 0.0, 0.8712812127838712, 0.8891082620543483, 0.9578012122680146, 0.9537184765723847, 0.9909510884991446], [0.0, 0.0, 0.0, 0.0, 0.0, 0.0, 0.8835808879679937, 0.9520732174402518, 0.948433620279824, 0.9862548361394564], [0.0, 0.0, 0.0, 0.0, 0.0, 0.0, 0.0, 0.9433942442783793, 0.941767171022395, 0.9795399263805359], [0.0, 0.0, 0.0, 0.0, 0.0, 0.0, 0.0, 0.0, 0.9411680447410483, 0.9785920423044835], [0.0, 0.0, 0.0, 0.0, 0.0, 0.0, 0.0, 0.0, 0.0, 0.9732535076441344]], "vgg.features.13": [[0.13962988932378878, 0.6124952400768012, 0.8060651403307323, 0.9429119069854051, 1.0555173563840734, 1.1652469974607549, 1.1932637481758452, 1.2508538209722946, 1.2569678806910214, 1.2859745028944478], [0.0, 0.6035556809150208, 0.7971675689669172, 0.9363495835108729, 1.0502011810355103, 1.1611494477575226, 1.1900598662942146, 1.2476379842260283, 1.2541225611117024, 1.2835927120350648], [0.0, 0.0, 0.7977809454737352, 0.9377638481779069, 1.051911586080171, 1.1631715524058988, 1.1910722244220149, 1.2489407230254237, 1.2548724222949963, 1.2832128589291476], [0.0, 0.0, 0.0, 0.9356726273386884, 1.048214321986871, 1.1602653403057837, 1.1898654869416223, 1.246699266758421, 1.2529880586299948, 1.281374148513209], [0.0, 0.0, 0.0, 0.0, 1.045117977196677, 1.1563076349400243, 1.1856710274660527, 1.2429888316127446, 1.2495425523600772, 1.2777424469811969], [0.0, 0.0, 0.0, 0.0, 0.0, 1.1544181768677095, 1.183756441629535, 1.241908163496825, 1.248771734254839, 1.2765941921175943], [0.0, 0.0, 0.0, 0.0, 0.0, 0.0, 1.1785916488066426, 1.2376697575109978, 1.2442799869901617, 1.2724770131117984], [0.0, 0.0, 0.0, 0.0, 0.0, 0.0, 0.0, 1.2337181040293872, 1.2408421544756323, 1.2695977766264694], [0.0, 0.0, 0.0, 0.0, 0.0, 0.0, 0.0, 0.0, 1.2405380221130111, 1.2693888062880654], [0.0, 0.0, 0.0, 0.0, 0.0, 0.0, 0.0, 0.0, 0.0, 1.2656894670790855]]}