{"vgg.features.3": [[0.035066374358458496, 0.24573280245017962, 0.3367331864288319, 0.3615340802605998, 0.4099527667912121, 0.4469236098290443, 0.47465569494806403, 0.49602442551669856, 0.5007977340329547, 0.5109482654011319], [0.0, 0.23912330485364586, 0.33172099211281647, 0.3575695796035145, 0.4061388551700854, 0.44221169805496, 0.4702848242148121, 0.4910990681677845, 0.4967219246831833, 0.5068284790575163], [0.0, 0.0, 0.3277762489284729, 0.35402465702113534, 0.4023532276776018, 0.4381286932448278, 0.4656613058233999, 0.48623839561215715, 0.49193460772190245, 0.5018068387069227], [0.0, 0.0, 0.0, 0.35055788766629753, 0.39936926309677123, 0.4333784621183037, 0.4615854017305116, 0.48146442716758836, 0.48772227259191414, 0.4969736448771439], [0.0, 0.0, 0.0, 0.0, 0.395789790968807, 0.4284462683471801, 0.45708944855092987, 0.47681828043876306, 0.4834100529368527, 0.49236903782434627], [0.0, 0.0, 0.0, 0.0, 0.0, 0.4220632373608778, 0.4512312532830405, 0.4705530886466256, 0.47867676098151246, 0.48681728390546053], [0.0, 0.0, 0.0, 0.0, 0.0, 0.0, 0.44869732456488487, 0.4673391985574448, 0.4757643454568827, 0.4834572419806769], [0.0, 0.0, 0.0, 0.0, 0.0, 0.0, 0.0, 0.46345940611403236, 0.47468138639968654, 0.48107118613922073], [0.0, 0.0, 0.0, 0.0, 0.0, 0.0, 0.0, 0.0, 0.4730035273665635, 0.47917188751910444], [0.0, 0.0, 0.0, 0.0, 0.0, 0.0, 0.0, 0.0, 0.0, 0.4738985897086473]], "vgg.features.6": [[0.050576102043277005, 0.25450641241586974, 0.33497584275508085, 0.38116144315469785, 0.43600492341209657, 0.5345385717102781, 0.49105571485237387, 0.5411728710992258, 0.5198057345501085, 0.53812288665274], [0.0, 0.2445731499433953, 0.3248183101785075, 0.37183109051331775, 0.42660459455439964, 0.5242051443743413, 0.48231196613028826, 0.5315173045290418, 0.5126656218529838, 0.5304482886207127], [0.0, 0.0, 0.32855794985416076, 0.37598222945330967, 0.42837553348418506, 0.5272831431395522, 0.48214989530090613, 0.5318884508276684, 0.5134060281139067, 0.5293609143239142], [0.0, 0.0, 0.0, 0.3913184274182632, 0.4356124008020757, 0.528220427543772, 0.48697091883783505, 0.5321559964705486, 0.5142305387746982, 0.5293620946551869], [0.0, 0.0, 0.0, 0.0, 0.4397453971684631, 0.5306778638597915, 0.4904675066351294, 0.5369302417375967, 0.519815214353875, 0.533828075975356], [0.0, 0.0, 0.0, 0.0, 0.0, 0.5265552610134072, 0.485879730425479, 0.5327799147585465, 0.5180107409022204, 0.5296758602935014], [0.0, 0.0, 0.0, 0.0, 0.0, 0.0, 0.4823018140780718, 0.5284939077729611, 0.5154953423716794, 0.5269836139308772], [0.0, 0.0, 0.0, 0.0, 0.0, 0.0, 0.0, 0.5252502359810866, 0.5132632929743235, 0.5233151381099654], [0.0, 0.0, 0.0, 0.0, 0.0, 0.0, 0.0, 0.0, 0.5159311772442142, 0.5258593595168921], [0.0, 0.0, 0.0, 0.0, 0.0, 0.0, 0.0, 0.0, 0.0, 0.5234642037138719]], "vgg.features.8": [[0.05257515002813438, 0.3335084987407557, 0.48325640269083436, 0.5393747804330368, 0.6723612760383098, 0.8619541051134553, 0.7979971722770601, 0.9013063273049736, 0.879127768513446, 0.9082751108255718], [0.0, 0.32477535069746144, 0.46994626709655124, 0.5266442060621934, 0.6577390921543734, 0.8459029141265779, 0.7845278063942392, 0.8853311867212008, 0.8678031523110242, 0.8973329548222172], [0.0, 0.0, 0.46770634123350546, 0.5260322259907977, 0.6564841238957284, 0.8537652282292485, 0.7883586647606907, 0.8920758289587409, 0.8718053564081989, 0.9023033757172738], [0.0, 0.0, 0.0, 0.511833217869073, 0.6356522268221647, 0.825872260772826, 0.7672370873633257, 0.8672106372994318, 0.8507309227386357, 0.8824282147794621], [0.0, 0.0, 0.0, 0.0, 0.6273159386954741, 0.8196293810109393, 0.7618066404145866, 0.8617094158290038, 0.8458451847671127, 0.8769401296001191], [0.0, 0.0, 0.0, 0.0, 0.0, 0.8123126511211494, 0.7553238470512945, 0.8566888363000364, 0.8423045067331262, 0.8707212997981658], [0.0, 0.0, 0.0, 0.0, 0.0, 0.0, 0.7466011911235113, 0.8471977449132635, 0.8334749287431668, 0.8627561313203114], [0.0, 0.0, 0.0, 0.0, 0.0, 0.0, 0.0, 0.8376419540134734, 0.8244963622756374, 0.8542791888884833], [0.0, 0.0, 0.0, 0.0, 0.0, 0.0, 0.0, 0.0, 0.8263493890522947, 0.855132040918811], [0.0, 0.0, 0.0, 0.0, 0.0, 0.0, 0.0, 0.0, 0.0, 0.844498974471308]], "vgg.features.11": [[0.07186169629678542, 0.4396074645212466, 0.6759275547655723, 0.8701196405574594, 0.9928346529947797, 1.181981460076461, 1.1860312011485772, 1.2361553469316102, 1.2575727921533455, 1.278059579084355], [0.0, 0.42313446759107176, 0.659788167625791, 0.8595609162313512, 0.9829760976044888, 1.1734226828053198, 1.1787297445037999, 1.228475242295091, 1.2507402925791375, 1.2724077627879553], [0.0, 0.0, 0.6715192543300189, 0.8660789358109835, 0.9908536855983653, 1.1825513793976454, 1.178037509645206, 1.2304597012134508, 1.2450070793323653, 1.2653249998611031], [0.0, 0.0, 0.0, 0.8533469958754486, 0.9683621704144376, 1.159605141354473, 1.1654166488685116, 1.221446157339746, 1.236400373981443, 1.2625425221958448], [0.0, 0.0, 0.0, 0.0, 0.9550577474071731, 1.1447892608864743, 1.147426659391053, 1.2070895833765896, 1.2202788040368735, 1.247197063039481], [0.0, 0.0, 0.0, 0.0, 0.0, 1.1414321063223243, 1.1486341671263904, 1.2112809678329097, 1.2258790563016582, 1.2485528106708543], [0.0, 0.0, 0.0, 0.0, 0.0, 0.0, 1.1309572254971696, 1.1934057383141392, 1.2035567503456375, 1.2282924951326897], [0.0, 0.0, 0.0, 0.0, 0.0, 0.0, 0.0, 1.1872906727876942, 1.1967445533367425, 1.2258553689668372], [0.0, 0.0, 0.0, 0.0, 0.0, 0.0, 0.0, 0.0, 1.1953371529813075, 1.2248345951308288], [0.0, 0.0, 0.0, 0.0, 0.0, 0.0, 0.0, 0.0, 0.0, 1.2044877686223896]], "vgg.features.13": [[0.12111014991990997, 0.742120249289627, 1.1166888909931365, 1.2001745999744773, 1.2985068880939825, 1.2983470056190298, 1.318679868694421, 1.356886030110284, 1.3369327694833264, 1.3626509306728471], [0.0, 0.7129992643196033, 1.09887317727538, 1.1838886453252795, 1.2880615254593968, 1.2858655968473982, 1.310827871594188, 1.3477438873065726, 1.3288179835597898, 1.3683196186201088], [0.0, 0.0, 1.0812190072178471, 1.168222233784009, 1.281346411103723, 1.3046714559555526, 1.3197399616357754, 1.3577650646422426, 1.341712529752362, 1.365143242009639], [0.0, 0.0, 0.0, 1.1396184605827262, 1.2292863556654505, 1.2923735974975925, 1.3096485432897933, 1.3616325813034758, 1.3417140598420223, 1.3823143621341962], [0.0, 0.0, 0.0, 0.0, 1.228911117115214, 1.2993106482063677, 1.3061888784484519, 1.3509635838157998, 1.3397599952940222, 1.3692359136869092], [0.0, 0.0, 0.0, 0.0, 0.0, 1.3030954009988112, 1.3060054954561144, 1.3572707846166967, 1.3424464052649656, 1.3655647336818375], [0.0, 0.0, 0.0, 0.0, 0.0, 0.0, 1.2960090939732176, 1.3528541579901157, 1.3316901139945505, 1.3589369982022153], [0.0, 0.0, 0.0, 0.0, 0.0, 0.0, 0.0, 1.3553843971200479, 1.3233013435481171, 1.3666624539305035], [0.0, 0.0, 0.0, 0.0, 0.0, 0.0, 0.0, 0.0, 1.3307235833011433, 1.3755469326342429], [0.0, 0.0, 0.0, 0.0, 0.0, 0.0, 0.0, 0.0, 0.0, 1.3588874158865447]]}