{"vgg.features.3": [[0.03519763464883619, 0.2502319884193859, 0.340394276316686, 0.3668754260933281, 0.4166689671263993, 0.45553059304936344, 0.4802356871750963, 0.5017815384074479, 0.5087835559424345, 0.5187310658354287], [0.2502319884193859, 0.24425538277513065, 0.3356178618427167, 0.3630002642408256, 0.4133604113215763, 0.4511662314454062, 0.4761993834777901, 0.49720163242208565, 0.505153974211921, 0.5150898814041243], [0.340394276316686, 0.3356178618427167, 0.33240391534864816, 0.36011616326693785, 0.4100276212984605, 0.44735334450041875, 0.47192837119707337, 0.49252203141073153, 0.5006908050522282, 0.5102052838774749], [0.3668754260933281, 0.3630002642408256, 0.36011616326693785, 0.3567984844797149, 0.4071674995337579, 0.4428000511028102, 0.46794539107100286, 0.4878755501729202, 0.4967547945694459, 0.505765759990281], [0.4166689671263993, 0.4133604113215763, 0.4100276212984605, 0.4071674995337579, 0.40392735389017154, 0.43836681262439803, 0.4637217404669207, 0.4832391642740034, 0.49242586478768147, 0.5011431754210174], [0.45553059304936344, 0.4511662314454062, 0.44735334450041875, 0.4428000511028102, 0.43836681262439803, 0.43230489424513996, 0.4578414338263084, 0.4769878692305762, 0.4874496364121503, 0.4955450052172554], [0.4802356871750963, 0.4761993834777901, 0.47192837119707337, 0.46794539107100286, 0.4637217404669207, 0.4578414338263084, 0.45458827873708224, 0.47315101211974453, 0.4838756240307244, 0.4916810281260234], [0.5017815384074479, 0.49720163242208565, 0.49252203141073153, 0.4878755501729202, 0.4832391642740034, 0.4769878692305762, 0.47315101211974453, 0.46907460868897444, 0.4820243955053641, 0.48881304770856254], [0.5087835559424345, 0.505153974211921, 0.5006908050522282, 0.4967547945694459, 0.49242586478768147, 0.4874496364121503, 0.4838756240307244, 0.4820243955053641, 0.48075283619745607, 0.48720816887547685], [0.5187310658354287, 0.5150898814041243, 0.5102052838774749, 0.505765759990281, 0.5011431754210174, 0.4955450052172554, 0.4916810281260234, 0.48881304770856254, 0.48720816887547685, 0.4820274386224246]], "vgg.features.6": [[0.050092323182449564, 0.25292491291476993, 0.33581982828422474, 0.38653471952489005, 0.44110811761313945, 0.5378197138694394, 0.49566203323699076, 0.5464773231126284, 0.530210618611969, 0.5427693542049056], [0.25292491291476993, 0.24410208995282476, 0.3259983632065274, 0.3774472419056072, 0.4323228768364638, 0.5279774062831533, 0.48770025420168445, 0.5377527227897996, 0.5241146517487324, 0.536262482286379], [0.33581982828422474, 0.3259983632065274, 0.3315320862632522, 0.3832954939985379, 0.4352190518514154, 0.5316016738214157, 0.4880692682725054, 0.5384790966373431, 0.524948475955221, 0.5351046345399499], [0.38653471952489005, 0.3774472419056072, 0.3832954939985379, 0.3997300002540071, 0.44406242925421446, 0.5345374502735213, 0.4948743541796691, 0.5406157272318803, 0.528070365217169, 0.537729790996504], [0.44110811761313945, 0.4323228768364638, 0.4352190518514154, 0.44406242925421446, 0.44933141938419835, 0.5384405605926188, 0.4996621391763701, 0.5463072189997877, 0.5343844151540589, 0.5428664704113044], [0.5378197138694394, 0.5279774062831533, 0.5316016738214157, 0.5345374502735213, 0.5384405605926188, 0.5368960874796478, 0.49720803088813703, 0.5443796020498419, 0.5340615575364968, 0.5406716619433912], [0.49566203323699076, 0.48770025420168445, 0.4880692682725054, 0.4948743541796691, 0.4996621391763701, 0.49720803088813703, 0.494149317942481, 0.5409299020809477, 0.5323499038695552, 0.5386696068678379], [0.5464773231126284, 0.5377527227897996, 0.5384790966373431, 0.5406157272318803, 0.5463072189997877, 0.5443796020498419, 0.5409299020809477, 0.537495642519912, 0.5291763667114975, 0.534483454038768], [0.530210618611969, 0.5241146517487324, 0.524948475955221, 0.528070365217169, 0.5343844151540589, 0.5340615575364968, 0.5323499038695552, 0.5291763667114975, 0.5318522072409566, 0.537166107342365], [0.5427693542049056, 0.536262482286379, 0.5351046345399499, 0.537729790996504, 0.5428664704113044, 0.5406716619433912, 0.5386696068678379, 0.534483454038768, 0.537166107342365, 0.5353616762033135]], "vgg.features.8": [[0.05334725607722571, 0.33161820166119627, 0.48846863163433146, 0.5496920883102034, 0.6830003939890698, 0.8732586211445647, 0.8082066411826679, 0.9050094419261179, 0.887114102124906, 0.9095123699422877], [0.33161820166119627, 0.32474090263604544, 0.47550794564493243, 0.5373761926201417, 0.6691994219673361, 0.8579010684173201, 0.7959758285810076, 0.8904287154776206, 0.8773537572229243, 0.900522499914333], [0.48846863163433146, 0.47550794564493243, 0.47375421177442156, 0.5381273216722863, 0.6683923449475748, 0.8650034136115278, 0.7988898160149337, 0.8963991512047749, 0.8800492777629114, 0.904270692464944], [0.5496920883102034, 0.5373761926201417, 0.5381273216722863, 0.5251307451509126, 0.6498313537785297, 0.8393699802440151, 0.7803889042113151, 0.8742664347481492, 0.8620217785980898, 0.8878740247861479], [0.6830003939890698, 0.6691994219673361, 0.6683923449475748, 0.6498313537785297, 0.6432820144398492, 0.8350700424020555, 0.7766007113480136, 0.8696225871800435, 0.8578277820288477, 0.8828103238982048], [0.8732586211445647, 0.8579010684173201, 0.8650034136115278, 0.8393699802440151, 0.8350700424020555, 0.8314807580262326, 0.7730795734055195, 0.8680455063314713, 0.856583375355531, 0.8793189165277245], [0.8082066411826679, 0.7959758285810076, 0.7988898160149337, 0.7803889042113151, 0.7766007113480136, 0.7730795734055195, 0.765705669463803, 0.8602965578941885, 0.8494823649565864, 0.8728272471555739], [0.9050094419261179, 0.8904287154776206, 0.8963991512047749, 0.8742664347481492, 0.8696225871800435, 0.8680455063314713, 0.8602965578941885, 0.8506097715604334, 0.8395931209464634, 0.8637720108058671], [0.887114102124906, 0.8773537572229243, 0.8800492777629114, 0.8620217785980898, 0.8578277820288477, 0.856583375355531, 0.8494823649565864, 0.8395931209464634, 0.8422467333115202, 0.865618729273765], [0.9095123699422877, 0.900522499914333, 0.904270692464944, 0.8878740247861479, 0.8828103238982048, 0.8793189165277245, 0.8728272471555739, 0.8637720108058671, 0.865618729273765, 0.8548389581312836]],