{"vgg.features.3": [[0.03418199884834283, 0.2417611702287289, 0.33281281493306547, 0.35378581976576895, 0.4023721119341636, 0.44017644034120873, 0.46846419830213665, 0.4923687011803031, 0.4948163531326045, 0.5029912341842852], [0.0, 0.2359402667625428, 0.3279160369972956, 0.3497422117257584, 0.3989641228713505, 0.43553864092162975, 0.4640599463533958, 0.4875285172975871, 0.4910473628836867, 0.4990373840846894], [0.0, 0.0, 0.32402179318922025, 0.34617182529557, 0.395405903269972, 0.43147225013591933, 0.4595202260804071, 0.4826290795399182, 0.4862450408462169, 0.49371533870945283], [0.0, 0.0, 0.0, 0.3427761470864129, 0.3926363430167982, 0.42667368734848116, 0.4552291447751875, 0.4777882314906889, 0.4819868261170398, 0.48885226070110077], [0.0, 0.0, 0.0, 0.0, 0.3894864516152581, 0.42209552335234934, 0.4510054197823204, 0.4734146672775525, 0.47789928509275453, 0.4844604584039232], [0.0, 0.0, 0.0, 0.0, 0.0, 0.416034404296452, 0.44527404576423946, 0.4675604529645826, 0.47349673987037233, 0.479208515133388], [0.0, 0.0, 0.0, 0.0, 0.0, 0.0, 0.4420448285693735, 0.463925499119418, 0.46990855919940994, 0.47532065215329533], [0.0, 0.0, 0.0, 0.0, 0.0, 0.0, 0.0, 0.4610115922148413, 0.4696125271603824, 0.47364730259952253], [0.0, 0.0, 0.0, 0.0, 0.0, 0.0, 0.0, 0.0, 0.46806948312473606, 0.47162673822356155], [0.0, 0.0, 0.0, 0.0, 0.0, 0.0, 0.0, 0.0, 0.0, 0.46700461394931664]], "vgg.features.6": [[0.05070231199065055, 0.25082550506304085, 0.3384197873528816, 0.38366602608686473, 0.4429330177381645, 0.5504492255196762, 0.506870872713643, 0.5603195481065714, 0.5388416190016289, 0.5551850442266086], [0.0, 0.24165648998949188, 0.3281541755395825, 0.3738215681287275, 0.4336128084028733, 0.5401800753640986, 0.4980663054908935, 0.5508207118871767, 0.5322816528085481, 0.5480768975630641], [0.0, 0.0, 0.3330418074149124, 0.3791028436060744, 0.43624904039601015, 0.5430575242963733, 0.49818010765780374, 0.5514529657075058, 0.5332957890064481, 0.5473092498257744], [0.0, 0.0, 0.0, 0.3937797334630991, 0.4431752647922306, 0.5433054496868467, 0.5020265033744522, 0.5510052526884464, 0.5342533650204314, 0.547541955686954], [0.0, 0.0, 0.0, 0.0, 0.4471953332067667, 0.5448425016167686, 0.5047717923156522, 0.55503797932143, 0.5391184211191037, 0.5514973751323912], [0.0, 0.0, 0.0, 0.0, 0.0, 0.5421654924819186, 0.5015478485142416, 0.5522751696947076, 0.5380647866461628, 0.5484726671209978], [0.0, 0.0, 0.0, 0.0, 0.0, 0.0, 0.4964150194364571, 0.546880542327597, 0.5340399090328456, 0.5441480667515978], [0.0, 0.0, 0.0, 0.0, 0.0, 0.0, 0.0, 0.5423607872148505, 0.5298721639077161, 0.5387956474296307], [0.0, 0.0, 0.0, 0.0, 0.0, 0.0, 0.0, 0.0, 0.5329715155829662, 0.541593476088484], [0.0, 0.0, 0.0, 0.0, 0.0, 0.0, 0.0, 0.0, 0.0, 0.5377452347754038]], "vgg.features.8": [[0.05414802456960697, 0.33559478653901703, 0.4973289278119597, 0.5555610160418744, 0.6868762685407311, 0.8628599303341868, 0.8163482240875376, 0.912262382573377, 0.8951980514597023, 0.9206657702315892], [0.0, 0.32846279283474844, 0.4834588513977997, 0.5418333721289977, 0.6719308306401026, 0.8469127888528708, 0.8026643540683371, 0.8963630983123124, 0.8844554694149487, 0.9103113926482921], [0.0, 0.0, 0.4812639152608467, 0.5415725836910803, 0.670918405135645, 0.8525160951151637, 0.8047679342490855, 0.9013524484905605, 0.8866783725399019, 0.9136288184203182], [0.0, 0.0, 0.0, 0.5248250433178268, 0.6499668358649316, 0.8261283630175712, 0.7840339672373247, 0.8772838493658062, 0.8666294032411358, 0.8939996336638107], [0.0, 0.0, 0.0, 0.0, 0.6399099120279291, 0.8166182146611265, 0.7751098642314007, 0.8683436779543895, 0.8585257508433598, 0.885623064669539], [0.0, 0.0, 0.0, 0.0, 0.0, 0.8108493011145623, 0.7702836508578405, 0.8652849709215598, 0.8561841441580668, 0.8811710601635433], [0.0, 0.0, 0.0, 0.0, 0.0, 0.0, 0.759027140612934, 0.8539247138064652, 0.8450328102683927, 0.8706054771710144], [0.0, 0.0, 0.0, 0.0, 0.0, 0.0, 0.0, 0.8407215577852615, 0.8317398492519971, 0.8580234678978922], [0.0, 0.0, 0.0, 0.0, 0.0, 0.0, 0.0, 0.0, 0.8328583136157247, 0.8580112694102664], [0.0, 0.0, 0.0, 0.0, 0.0, 0.0, 0.0, 0.0, 0.0, 0.8447942746850335]], "vgg.features.11": [[0.06951844937077253, 0.4437022431295898, 0.6848541769457552, 0.8665141197381722, 0.9823982102910872, 1.1581066962077178, 1.17726264480783, 1.2254317128607761, 1.2446390034918664, 1.2624993880453148], [0.0, 0.4292793027811804, 0.6694075444122893, 0.856430128537303, 0.9735453644128791, 1.1503835235946036, 1.1710494165380252, 1.2194334516493508, 1.2397768164980767, 1.2585889600550144], [0.0, 0.0, 0.680367670881548, 0.8618730283587823, 0.9796101989987857, 1.1560391698198915, 1.16801678846914, 1.2183365806882798, 1.2326253197105852, 1.2505069115063334], [0.0, 0.0, 0.0, 0.8466848224708455, 0.9573086108512521, 1.1339944816310408, 1.1547411832851204, 1.2074343787894615, 1.225071654576521, 1.2462872895257637], [0.0, 0.0, 0.0, 0.0, 0.9401841370782819, 1.1134598478903281, 1.130758161809876, 1.1856708717810276, 1.2047032829153257, 1.226316752505063], [0.0, 0.0, 0.0, 0.0, 0.0, 1.1116477898913677, 1.1331410519205682, 1.191154421090978, 1.2116149392816944, 1.2286725248680823], [0.0, 0.0, 0.0, 0.0, 0.0, 0.0, 1.1127489514197093, 1.169906509382837, 1.1882403587636823, 1.207657146687917], [0.0, 0.0, 0.0, 0.0, 0.0, 0.0, 0.0, 1.1594226581433758, 1.1790344735816287, 1.2023279724034377], [0.0, 0.0, 0.0, 0.0, 0.0, 0.0, 0.0, 0.0, 1.1753705754290107, 1.1990432366495134], [0.0, 0.0, 0.0, 0.0, 0.0, 0.0, 0.0, 0.0, 0.0, 1.1781471902258627]], "vgg.features.13": [[0.11749170262471931, 0.7495205765947002, 1.1252704568553678, 1.182497448177654, 1.299574091223773, 1.2923952700159353, 1.321782695876251, 1.346392936465287, 1.3382266941757575, 1.3741320835589672], [0.0, 0.7237476988209254, 1.102674541152242, 1.1658830575353056, 1.2871820174752353, 1.2816565955623287, 1.3170555607329866, 1.3401971486183124, 1.3331514876197146, 1.378015346660833], [0.0, 0.0, 1.0838926271306197, 1.1479965298247454, 1.2726512753616546, 1.288879832755332, 1.3170017569272023, 1.3412617132630587, 1.339188608504854, 1.3769804276475601], [0.0, 0.0, 0.0, 1.1181629162823588, 1.2167211360116044, 1.2804700407849294, 1.3082872502448442, 1.3552248980208446, 1.3361324759351498, 1.3930919026681916], [0.0, 0.0, 0.0, 0.0, 1.2143828794655005, 1.28364517247779, 1.300620155096991, 1.3408120666709005, 1.330482752670743, 1.3810942426544612], [0.0, 0.0, 0.0, 0.0, 0.0, 1.2916459683745494, 1.3032077140543987, 1.3558807543405127, 1.334102737993783, 1.378481819560372], [0.0, 0.0, 0.0, 0.0, 0.0, 0.0, 1.293755291155556, 1.3491173154755307, 1.3267041569987426, 1.3748272291761803], [0.0, 0.0, 0.0, 0.0, 0.0, 0.0, 0.0, 1.3537853188964695, 1.3292132030516481, 1.3854302510667942], [0.0, 0.0, 0.0, 0.0, 0.0, 0.0, 0.0, 0.0, 1.3369437379484903, 1.3952272117288569], [0.0, 0.0, 0.0, 0.0, 0.0, 0.0, 0.0, 0.0, 0.0, 1.3808946427506368]]}