{"vgg.features.3": [[0.040026845093830574, 0.3152773464771871, 0.4063838030359114, 0.4538766760628325, 0.5057310969655855, 0.5385223462468701, 0.5741393398512549, 0.5968205695321153, 0.6101504178114954, 0.6239369454628365], [0.0, 0.31279261935232267, 0.40393695931714246, 0.45151260548518385, 0.5030839128821478, 0.535891995131129, 0.5716965979839193, 0.5941864594346705, 0.6078397667933471, 0.6216092271888694], [0.0, 0.0, 0.40151278574176474, 0.4493624486440646, 0.5005283996560004, 0.5331868551422305, 0.568984287522198, 0.5915351985943752, 0.6052053040756954, 0.6189743164975511], [0.0, 0.0, 0.0, 0.44700386788637864, 0.49808030300145206, 0.5306340524331826, 0.5665402322862396, 0.5889567028951217, 0.602655626009937, 0.6163219929142367], [0.0, 0.0, 0.0, 0.0, 0.49540740423576823, 0.5275319622080404, 0.5636653090547827, 0.5859859225956559, 0.6000261665495076, 0.6136531800876214], [0.0, 0.0, 0.0, 0.0, 0.0, 0.5249026763964054, 0.5611868494904417, 0.5834922709838245, 0.5980877019799113, 0.6114638366156044], [0.0, 0.0, 0.0, 0.0, 0.0, 0.0, 0.5588752035867479, 0.5810764720889227, 0.5958592417307762, 0.6091561798854845], [0.0, 0.0, 0.0, 0.0, 0.0, 0.0, 0.0, 0.5783131513264783, 0.5943532746161576, 0.6072548459384858], [0.0, 0.0, 0.0, 0.0, 0.0, 0.0, 0.0, 0.0, 0.5915488801294441, 0.6045757927373793], [0.0, 0.0, 0.0, 0.0, 0.0, 0.0, 0.0, 0.0, 0.0, 0.6029238214392277]], "vgg.features.6": [[0.050948480616271836, 0.3455060134155331, 0.44066871455499523, 0.4876626156174809, 0.5422770745682298, 0.5882476081026313, 0.612022213146986, 0.6430272809883346, 0.6419535458703406, 0.6551615670329286], [0.0, 0.3411610396519837, 0.4364951121302711, 0.4839176255434274, 0.5383086988306613, 0.5838570843956309, 0.6081097169319573, 0.6384993552800117, 0.6384085412931035, 0.6515439181157855], [0.0, 0.0, 0.4336965740175632, 0.48164253720128924, 0.5355394746389732, 0.5809184626275684, 0.6049504661076073, 0.6351618359956297, 0.6354944897205769, 0.648430110903237], [0.0, 0.0, 0.0, 0.4795765111787323, 0.5326698319014627, 0.5774047298177415, 0.601885046981115, 0.6312514333741276, 0.6320255787819212, 0.6447186186272112], [0.0, 0.0, 0.0, 0.0, 0.5306513654039594, 0.5743241264621974, 0.5993003889637866, 0.6283555288119828, 0.6300183159444968, 0.6424804594513561], [0.0, 0.0, 0.0, 0.0, 0.0, 0.5707438654912279, 0.596046456122623, 0.6248909307383033, 0.6276415225189717, 0.6395831648800963], [0.0, 0.0, 0.0, 0.0, 0.0, 0.0, 0.5932131706269486, 0.6216513953672996, 0.6248870590315713, 0.6366126812987628], [0.0, 0.0, 0.0, 0.0, 0.0, 0.0, 0.0, 0.6173239793737326, 0.6225628292570096, 0.633556720550693], [0.0, 0.0, 0.0, 0.0, 0.0, 0.0, 0.0, 0.0, 0.6210008899068483, 0.6319961179023746], [0.0, 0.0, 0.0, 0.0, 0.0, 0.0, 0.0, 0.0, 0.0, 0.6299959572671335]], "vgg.features.8": [[0.0799742906432876, 0.40752570638155283, 0.5159618640237226, 0.5730782088887925, 0.6399552631630238, 0.7105979107641961, 0.732757580939577, 0.7772343864288392, 0.7798899839099932, 0.8040045205660443], [0.0, 0.40280977676240914, 0.5116124148881073, 0.5693743591764237, 0.6357065384129906, 0.7058680576116709, 0.7287511102986597, 0.7726355868664105, 0.7762457065173543, 0.8002953362138789], [0.0, 0.0, 0.5094357668552899, 0.567235274881275, 0.6333240099465482, 0.7037021717318823, 0.7263142375577762, 0.7699503697592636, 0.7739071605561684, 0.797802428651986], [0.0, 0.0, 0.0, 0.5692536138932167, 0.6326797690601392, 0.7007780865088542, 0.7243960026410295, 0.7666767268292511, 0.7712492263458214, 0.7944664706446616], [0.0, 0.0, 0.0, 0.0, 0.6327105128291276, 0.699092937125418, 0.7234843961817733, 0.7654636716913306, 0.7707756303450987, 0.7936677695678187], [0.0, 0.0, 0.0, 0.0, 0.0, 0.6960901271244766, 0.7200580409959363, 0.7618888466215556, 0.7684352213518547, 0.7903870702682952], [0.0, 0.0, 0.0, 0.0, 0.0, 0.0, 0.7161346270168814, 0.7575966960204126, 0.7650260460704051, 0.786730735025851], [0.0, 0.0, 0.0, 0.0, 0.0, 0.0, 0.0, 0.7534716944564509, 0.7626819627246149, 0.7835832909181848], [0.0, 0.0, 0.0, 0.0, 0.0, 0.0, 0.0, 0.0, 0.7618790893225328, 0.7827438708724396], [0.0, 0.0, 0.0, 0.0, 0.0, 0.0, 0.0, 0.0, 0.0, 0.7800912728554554]], "vgg.features.11": [[0.09301617730530098, 0.44889006336106363, 0.5922366595668653, 0.6723812768616522, 0.7730549344392578, 0.8892933156651941, 0.90299701670879, 0.9763506657261779, 0.9691597824980247, 1.0086164794312442], [0.0, 0.442486423500561, 0.5845451713443478, 0.6658299737612388, 0.766660832025029, 0.8825060094501785, 0.8971434510032267, 0.9699315222421285, 0.9638328783722604, 1.0034421636725217], [0.0, 0.0, 0.5837001733502343, 0.6654507627657047, 0.7661934074928126, 0.8821712563249061, 0.8960885688825972, 0.9685092288892008, 0.9625396768240987, 1.0021480088604413], [0.0, 0.0, 0.0, 0.6614973618472624, 0.7602064388048331, 0.8740070422020499, 0.8900783525759746, 0.9616236476325825, 0.9561952837821478, 0.9959005010800079], [0.0, 0.0, 0.0, 0.0, 0.7557017320464978, 0.868353123175483, 0.8848475550457016, 0.9564518439361732, 0.95165741146882, 0.9908653001696348], [0.0, 0.0, 0.0, 0.0, 0.0, 0.8639619017135005, 0.8812969280472217, 0.9526133910876262, 0.9494828498108173, 0.9880143673480626], [0.0, 0.0, 0.0, 0.0, 0.0, 0.0, 0.8756277451057873, 0.9470325607397181, 0.9440760035294585, 0.9830552435294109], [0.0, 0.0, 0.0, 0.0, 0.0, 0.0, 0.0, 0.9393655494505003, 0.9384113160759334, 0.9771499182365219], [0.0, 0.0, 0.0, 0.0, 0.0, 0.0, 0.0, 0.0, 0.937716902192164, 0.9761108489485837], [0.0, 0.0, 0.0, 0.0, 0.0, 0.0, 0.0, 0.0, 0.0, 0.9707997022140854]], "vgg.features.13": [[0.13751156482787, 0.6051116368877018, 0.7987024858003994, 0.9350428178246115, 1.0525651178077562, 1.1663904057194212, 1.1964770128324755, 1.2587511333594341, 1.2581557234236482, 1.288766061036411], [0.0, 0.596672182164581, 0.7905406360845733, 0.9290868186797347, 1.0476063609373423, 1.1623345279971398, 1.1932760592200695, 1.2552851704309613, 1.255364453088371, 1.286593527629513], [0.0, 0.0, 0.791576742244948, 0.9307585698141588, 1.05016050620779, 1.165494448928915, 1.195099643125019, 1.2570584620507081, 1.256621353421738, 1.2867008892017804], [0.0, 0.0, 0.0, 0.9282452459457569, 1.0458669177691984, 1.1613510427375537, 1.1929565617456983, 1.2539352630622196, 1.2538860844408843, 1.2846155522601674], [0.0, 0.0, 0.0, 0.0, 1.0429265357112634, 1.1572743126721878, 1.188738044872419, 1.2502857908497127, 1.250465652991345, 1.2810403204108753], [0.0, 0.0, 0.0, 0.0, 0.0, 1.15497745537353, 1.1858935175309127, 1.2482913255685417, 1.2489074852355249, 1.2793539410108892], [0.0, 0.0, 0.0, 0.0, 0.0, 0.0, 1.1807861228224181, 1.2440434255373278, 1.244518731849119, 1.2752751363293815], [0.0, 0.0, 0.0, 0.0, 0.0, 0.0, 0.0, 1.2403050026340374, 1.2411165835878322, 1.2726109573252058], [0.0, 0.0, 0.0, 0.0, 0.0, 0.0, 0.0, 0.0, 1.241163012226692, 1.2726829469435899], [0.0, 0.0, 0.0, 0.0, 0.0, 0.0, 0.0, 0.0, 0.0, 1.268786317713782]]}